goods_no,category,base_cat,brand,brand_name,title,style_no,similar_no,gender,season,season_year,thumbnail,price_normal,price_final,review_count,review_score,purchase_total,page_view,fit,touch,elasticity,sheer,thickness,wear_season,color_codes,sizes,gallery,tags,size_type,size_measures,survey,ai_summary,ingest_tag,fetched_at
3750207,001010,001010,topten,탑텐,여성) 오가닉 코튼 크루넥 긴팔티_MSE5TS2901,MSE5TS2901,0,여성,2,2023,https://image.msscdn.net/images/goods_img/20231208/3750207/3750207_17222387445964_500.jpg,19900,9900,77,94,683,206,,,,,,,{48},"{BK^100,BK^105,BK^110,BK^85,BK^90,BK^95,CO^100,CO^105,CO^110,CO^85,CO^90,CO^95,CR^100,CR^105,CR^110,CR^85,CR^90,CR^95,DBL^100,DBL^105,DBL^110,DBL^85,DBL^90,DBL^95,PP^100,PP^105,PP^110,PP^85,PP^90,PP^95,WT^100,WT^105,WT^110,WT^85,WT^90,WT^95}","{/images/prd_img/20231208/3750207/detail_3750207_17020177340948_500.jpg,/images/prd_img/20231208/3750207/detail_3750207_17020177346036_500.jpg,/images/prd_img/20231208/3750207/detail_3750207_17020177350458_500.jpg,/images/prd_img/20231208/3750207/detail_3750207_17020177354899_500.jpg,/images/prd_img/20231208/3750207/detail_3750207_17020177376697_500.jpg}",,,,"{""questions"": []}",,,2026-08-12 03:47:03.50325+00
3752836,001010,001010,topten,탑텐,공용) 오가닉 크루넥 긴팔티_MSE5TS3911,MSE5TS3911,0,남성,2,2023,https://image.msscdn.net/images/goods_img/20231212/3752836/3752836_17023486592722_500.jpg,19900,9900,115,96,559,445,,,,,,,{2},"{BK^100,BK^105,BK^110,BK^115,BK^120,BK^90,BK^95,DBL^100,DBL^105,DBL^110,DBL^115,DBL^120,DBL^90,DBL^95,KGR^100,KGR^105,KGR^110,KGR^115,KGR^120,KGR^90,KGR^95,LBL^100,LBL^105,LBL^110,LBL^115,LBL^120,LBL^90,LBL^95,WT^100,WT^105,WT^110,WT^115,WT^120,WT^90,WT^95,YE^100,YE^105,YE^110,YE^115,YE^120,YE^90,YE^95}","{/images/prd_img/20231212/3752836/detail_3752836_17023486610883_500.jpg,/images/prd_img/20231212/3752836/detail_3752836_17023486615757_500.jpg,/images/prd_img/20231212/3752836/detail_3752836_17023486621272_500.jpg,/images/prd_img/20231212/3752836/detail_3752836_17023486626041_500.jpg,/images/prd_img/20231212/3752836/detail_3752836_17023486656145_500.jpg}",,,,"{""questions"": []}",,,2026-08-12 03:47:03.50325+00
3972105,001010,001010,topten,탑텐,남성) 퀵드라이 긴팔티_MBE5TS1260,MBE5TS1260,0,남성,1,2024,https://image.msscdn.net/images/goods_img/20240320/3972105/3972105_17110887756341_500.jpg,29900,9900,4,100,0,430,,,,,,,"{1,2,6,80}","{BK^730,BK^740,BK^750,BK^760,BK^770,DBL^730,DBL^740,DBL^750,DBL^760,DBL^770,GN^730,GN^740,GN^750,GN^760,GN^770,WT^730,WT^740,WT^750,WT^760,WT^770}","{/images/prd_img/20240320/3972105/detail_3972105_17109169858558_500.jpg,/images/prd_img/20240320/3972105/detail_3972105_17109169863691_500.jpg,/images/prd_img/20240320/3972105/detail_3972105_17109169867825_500.jpg,/images/prd_img/20240320/3972105/detail_3972105_17109169872330_500.jpg,/images/prd_img/20240320/3972105/detail_3972105_17109169876057_500.jpg,/images/prd_img/20240320/3972105/detail_3972105_17109169880246_500.jpg}",{쿨링},,,"{""questions"": []}",,,2026-08-12 03:47:03.50325+00
3972709,001001,017016005,topten,탑텐,남성) 쿨에어 코튼 반팔 티_MBE5TS1290,MBE5TS1290,0,남성,1,2024,https://image.msscdn.net/images/goods_img/20240320/3972709/3972709_17109207111523_500.jpg,29900,12900,36,96,198,850,,,,,,,{3},"{BK^710,BK^720,BK^730,BK^740,BK^750,BK^760,BK^770,LGR^710,LGR^720,LGR^730,LGR^740,LGR^750,LGR^760,LGR^770,LMT^710,LMT^720,LMT^730,LMT^740,LMT^750,LMT^760,LMT^770,LPP^710,LPP^720,LPP^730,LPP^740,LPP^750,LPP^760,LPP^770,NV^710,NV^720,NV^730,NV^740,NV^750,NV^760,NV^770,WT^710,WT^720,WT^730,WT^740,WT^750,WT^760,WT^770}","{/images/prd_img/20240320/3972709/detail_3972709_17109207125289_500.jpg,/images/prd_img/20240320/3972709/detail_3972709_17109207134873_500.jpg,/images/prd_img/20240320/3972709/detail_3972709_17109207143063_500.jpg,/images/prd_img/20240320/3972709/detail_3972709_17109207146367_500.jpg}",{쿨아이템},,,"{""questions"": []}","{""goodsNo"": 3972709, ""isShared"": false, ""reaction"": {}, ""keywordSummaries"": [], ""sentimentSummary"": {""negative"": ""일부 후기에서는 사이즈가 다르게 느껴진다고 해요. 가끔 네이비 색상이 작아서 한 치수 큰 걸 구매해야 한다고 해요. 드물지만 사이즈 표기가 이상하다는 의견이 있어요."", ""positive"": ""원단이 좋아서 시원하고 편하게 입기 좋아요. 사이즈는 정사이즈로 잘 맞고, 한 치수 작게 입어도 괜찮아요. 디자인이 깔끔하고 색상이 예뻐요. 땀 흡수도 잘 돼서 운동할 때 착용하기 좋아요. 가격 대비 재질이 뛰어나서 재구매 의사가 높아요.""}}",,2026-08-12 03:47:03.50325+00
3972720,001001,017016005,topten,탑텐,여성) 쿨에어 코튼 반팔 티_MBE5TS2290,MBE5TS2290,0,여성,1,2024,https://image.msscdn.net/images/goods_img/20240320/3972720/3972720_17116990683537_500.jpg,19900,9900,23,98,90,624,,,,,,,{3},"{BK^810,BK^820,BK^830,BK^840,BK^850,BK^860,BK^870,DPK^820,DPK^830,DPK^840,DPK^850,DPK^860,DPK^870,LBL^820,LBL^830,LBL^840,LBL^850,LBL^860,LBL^870,MGR^820,MGR^830,MGR^840,MGR^850,MGR^860,MGR^870,WT^820,WT^830,WT^840,WT^850,WT^860,WT^870}","{/images/prd_img/20240320/3972720/detail_3972720_17109207445149_500.jpg,/images/prd_img/20240320/3972720/detail_3972720_17109207449160_500.jpg,/images/prd_img/20240320/3972720/detail_3972720_17109207452875_500.jpg,/images/prd_img/20240320/3972720/detail_3972720_17109207460589_500.jpg,/images/prd_img/20240320/3972720/detail_3972720_17109207464001_500.jpg}",{쿨아이템},,,"{""questions"": []}",,,2026-08-12 03:47:03.50325+00
3999647,001001,017016005,topten,탑텐,여성) 에센셜 크롭 반팔 티_MBE5TS2203,MBE5TS2203,0,여성,1,2024,https://image.msscdn.net/images/goods_img/20240328/3999647/3999647_17206803059816_500.jpg,29900,9900,55,96,330,778,,,,,,,{10},"{BK^810,BK^820,BK^830,BK^840,BK^850,BK^860,BK^870,CR^810,CR^820,CR^830,CR^840,CR^850,PK^810,PK^820,PK^830,PK^840,PK^850,KH^810,KH^820,KH^830,KH^840,KH^850}","{/images/prd_img/20240328/3999647/detail_3999647_17115900199649_500.jpg,/images/prd_img/20240328/3999647/detail_3999647_17115900204701_500.jpg,/images/prd_img/20240328/3999647/detail_3999647_17721739418104_500.jpg}",,,,"{""questions"": []}","{""goodsNo"": 3999647, ""isShared"": false, ""reaction"": {}, ""keywordSummaries"": [], ""sentimentSummary"": {""negative"": ""가끔 밝은 색상은 비침이 있어 속옷에 신경 써야 해요. 일부 후기에서는 크롭 기장이 짧아서 불편하다고 해요. 때때로 소재가 얇아서 비치는 경우가 있어요."", ""positive"": ""소재가 부드럽고 시원해서 운동할 때 착용하기 좋아요. 핏이 슬림하게 잘 맞고, 크롭 기장이 과하지 않아서 편안해요. 가격 대비 퀄리티가 좋고, 저렴하게 구매할 수 있어 만족스러워요. 운동할 때 몸에 밀착되어 안정감이 있어요. 배송이 빠르고 정사이즈로 잘 맞아요.""}}",,2026-08-12 03:47:03.50325+00
3999648,001001,017016005,topten,탑텐,여성) 퀵드라이 그래픽 크롭 반팔 티_MBE5TS2208,MBE5TS2208,0,여성,1,2024,https://image.msscdn.net/images/goods_img/20240328/3999648/3999648_17206786224485_500.jpg,29900,9900,15,100,67,359,,,,,,,{3},"{BK^810,BK^820,BK^830,BK^840,BK^850,BK^860,BK^870,DPK^820,DPK^830,DPK^840,DPK^850,DPK^860,OWT^820,OWT^830,OWT^840,OWT^850,OWT^860}",{/images/prd_img/20240328/3999648/detail_3999648_17115900263383_500.jpg},,,,"{""questions"": []}",,,2026-08-12 03:47:03.50325+00
3999658,001001,017016005,topten,탑텐,여성) 에센셜 반팔 티_MBE5TS2211,MBE5TS2211,0,여성,1,2024,https://image.msscdn.net/images/goods_img/20240328/3999658/3999658_17286221214808_500.jpg,29900,12900,57,98,284,655,,,,,,,{1},"{OWT^810,OWT^820,OWT^830,OWT^840,OWT^850,OWT^860,OWT^870,BK^810,BK^820,BK^830,BK^840,BK^850,BK^860,BK^870,LPK^810,LPK^820,LPK^830,LPK^840,LPK^850,LPK^860,LPK^870}",,,,,"{""questions"": []}","{""goodsNo"": 3999658, ""isShared"": false, ""reaction"": {}, ""keywordSummaries"": [], ""sentimentSummary"": {""negative"": ""가끔 사이즈가 작게 나와서 한 치수 크게 사는 것이 좋다고 해요. 일부 후기에서는 비침이 있다고 언급했어요."", ""positive"": ""가성비가 뛰어나요. 재질이 부드럽고 촉감이 좋아요. 운동할 때 땀 흡수력이 우수해요. 핏이 예쁘고 슬림하게 잘 맞아요. 여름에 입기 시원하고 가벼워요.""}}",,2026-08-12 03:47:03.50325+00
4104613,001001,001001,owo,오우오,비치골지T,W4M42TS12,0,여성,1,2024,https://image.msscdn.net/images/goods_img/20240503/4104613/4104613_17507356465937_500.jpg,39000,39000,0,0,0,0,,,,,,,"{1,2,7}","{블랙^FREE,블루^FREE,화이트^FREE}",,,5,"[{""name"": ""화이트"", ""items"": [{""name"": ""총장"", ""value"": 0.0, ""recommendSizeRange"": 5}, {""name"": ""어깨너비"", ""value"": 0.0, ""recommendSizeRange"": 5}, {""name"": ""가슴단면"", ""value"": 0.0, ""recommendSizeRange"": 5}, {""name"": ""소매길이"", ""value"": 0.0, ""recommendSizeRange"": 5}]}, {""name"": ""블랙"", ""items"": [{""name"": ""총장"", ""value"": 0.0, ""recommendSizeRange"": 5}, {""name"": ""어깨너비"", ""value"": 0.0, ""recommendSizeRange"": 5}, {""name"": ""가슴단면"", ""value"": 0.0, ""recommendSizeRange"": 5}, {""name"": ""소매길이"", ""value"": 0.0, ""recommendSizeRange"": 5}]}, {""name"": ""블루"", ""items"": [{""name"": ""총장"", ""value"": 0.0, ""recommendSizeRange"": 5}, {""name"": ""어깨너비"", ""value"": 0.0, ""recommendSizeRange"": 5}, {""name"": ""가슴단면"", ""value"": 0.0, ""recommendSizeRange"": 5}, {""name"": ""소매길이"", ""value"": 0.0, ""recommendSizeRange"": 5}]}]",,,,2026-08-12 03:47:03.50325+00
4144505,001001,001001,netsocialclub,넷소셜클럽,싸이버 보이 반팔티 (블랙),NSB4STST23ABK,4144505,여성,1,2024,https://image.msscdn.net/images/goods_img/20240521/4144505/4144505_17210346899502_500.jpg,43000,19900,1,80,0,180,레귤러,보통,보통,보통,보통,"봄,여름",{2},"{BLACK^L,BLACK^M,BLACK^S,BLACK^XL}","{/images/prd_img/20240521/4144505/detail_4144505_17829578245301_500.jpg,/images/prd_img/20240521/4144505/detail_4144505_17822916466972_500.jpg}","{반소매,반소매티셔츠,반팔티,반팔티셔츠,반팔티추천,여름반팔,티셔츠}",5,"[{""name"": ""S"", ""items"": [{""name"": ""총장"", ""value"": 68.5, ""recommendSizeRange"": 5}, {""name"": ""어깨너비"", ""value"": 52.0, ""recommendSizeRange"": 5}, {""name"": ""가슴단면"", ""value"": 55.0, ""recommendSizeRange"": 5}, {""name"": ""소매길이"", ""value"": 21.0, ""recommendSizeRange"": 5}]}, {""name"": ""M"", ""items"": [{""name"": ""총장"", ""value"": 71.0, ""recommendSizeRange"": 5}, {""name"": ""어깨너비"", ""value"": 54.0, ""recommendSizeRange"": 5}, {""name"": ""가슴단면"", ""value"": 58.0, ""recommendSizeRange"": 5}, {""name"": ""소매길이"", ""value"": 21.0, ""recommendSizeRange"": 5}]}, {""name"": ""L"", ""items"": [{""name"": ""총장"", ""value"": 73.5, ""recommendSizeRange"": 5}, {""name"": ""어깨너비"", ""value"": 56.0, ""recommendSizeRange"": 5}, {""name"": ""가슴단면"", ""value"": 61.0, ""recommendSizeRange"": 5}, {""name"": ""소매길이"", ""value"": 22.0, ""recommendSizeRange"": 5}]}, {""name"": ""XL"", ""items"": [{""name"": ""총장"", ""value"": 76.0, ""recommendSizeRange"": 5}, {""name"": ""어깨너비"", ""value"": 58.0, ""recommendSizeRange"": 5}, {""name"": ""가슴단면"", ""value"": 64.0, ""recommendSizeRange"": 5}, {""name"": ""소매길이"", ""value"": 23.0, ""recommendSizeRange"": 5}]}]","{""questions"": []}",,,2026-08-12 03:47:03.50325+00
4144506,001001,001001,netsocialclub,넷소셜클럽,싸이버 보이 반팔티 (화이트),NSB4STST23AWH,4144505,공용,1,2024,https://image.msscdn.net/images/goods_img/20240521/4144506/4144506_17162668564834_500.jpg,43000,19900,13,96,177,1073,레귤러,보통,보통,보통,보통,"봄,여름",{1},"{WHITE^L,WHITE^M,WHITE^S,WHITE^XL}",{/images/prd_img/20240521/4144506/detail_4144506_17822916475244_500.jpg},"{바캉스룩,반팔,반팔티,반팔티셔츠,반팔티추천,여름반팔티,오버핏반팔,티셔츠}",5,"[{""name"": ""S"", ""items"": [{""name"": ""총장"", ""value"": 68.5, ""recommendSizeRange"": 5}, {""name"": ""어깨너비"", ""value"": 52.0, ""recommendSizeRange"": 5}, {""name"": ""가슴단면"", ""value"": 55.0, ""recommendSizeRange"": 5}, {""name"": ""소매길이"", ""value"": 21.0, ""recommendSizeRange"": 5}]}, {""name"": ""M"", ""items"": [{""name"": ""총장"", ""value"": 71.0, ""recommendSizeRange"": 5}, {""name"": ""어깨너비"", ""value"": 54.0, ""recommendSizeRange"": 5}, {""name"": ""가슴단면"", ""value"": 58.0, ""recommendSizeRange"": 5}, {""name"": ""소매길이"", ""value"": 21.0, ""recommendSizeRange"": 5}]}, {""name"": ""L"", ""items"": [{""name"": ""총장"", ""value"": 73.5, ""recommendSizeRange"": 5}, {""name"": ""어깨너비"", ""value"": 56.0, ""recommendSizeRange"": 5}, {""name"": ""가슴단면"", ""value"": 61.0, ""recommendSizeRange"": 5}, {""name"": ""소매길이"", ""value"": 22.0, ""recommendSizeRange"": 5}]}, {""name"": ""XL"", ""items"": [{""name"": ""총장"", ""value"": 76.0, ""recommendSizeRange"": 5}, {""name"": ""어깨너비"", ""value"": 58.0, ""recommendSizeRange"": 5}, {""name"": ""가슴단면"", ""value"": 64.0, ""recommendSizeRange"": 5}, {""name"": ""소매길이"", ""value"": 23.0, ""recommendSizeRange"": 5}]}]","{""questions"": []}",,,2026-08-12 03:47:03.50325+00
4144560,001001,001001,netsocialclub,넷소셜클럽,비비드 스트레이트 로고 반팔티 (버건디),NSB4STST12ABD,4144569,공용,1,2024,https://image.msscdn.net/images/goods_img/20240521/4144560/4144560_17162670397183_500.jpg,42000,17800,24,96,283,2302,레귤러,보통,보통,보통,보통,"봄,여름",{49},"{BURGUNDY^L,BURGUNDY^M,BURGUNDY^S,BURGUNDY^XL}",{/images/prd_img/20240521/4144560/detail_4144560_17822917117798_500.jpg},"{그래픽티셔츠,반소매티셔츠,반팔,반팔티,반팔티셔츠,반팔티추천,여름반팔티}",5,"[{""name"": ""S"", ""items"": [{""name"": ""총장"", ""value"": 68.5, ""recommendSizeRange"": 5}, {""name"": ""어깨너비"", ""value"": 52.0, ""recommendSizeRange"": 5}, {""name"": ""가슴단면"", ""value"": 55.0, ""recommendSizeRange"": 5}, {""name"": ""소매길이"", ""value"": 21.0, ""recommendSizeRange"": 5}]}, {""name"": ""M"", ""items"": [{""name"": ""총장"", ""value"": 71.0, ""recommendSizeRange"": 5}, {""name"": ""어깨너비"", ""value"": 54.0, ""recommendSizeRange"": 5}, {""name"": ""가슴단면"", ""value"": 58.0, ""recommendSizeRange"": 5}, {""name"": ""소매길이"", ""value"": 21.0, ""recommendSizeRange"": 5}]}, {""name"": ""L"", ""items"": [{""name"": ""총장"", ""value"": 73.5, ""recommendSizeRange"": 5}, {""name"": ""어깨너비"", ""value"": 56.0, ""recommendSizeRange"": 5}, {""name"": ""가슴단면"", ""value"": 61.0, ""recommendSizeRange"": 5}, {""name"": ""소매길이"", ""value"": 22.0, ""recommendSizeRange"": 5}]}, {""name"": ""XL"", ""items"": [{""name"": ""총장"", ""value"": 76.0, ""recommendSizeRange"": 5}, {""name"": ""어깨너비"", ""value"": 58.0, ""recommendSizeRange"": 5}, {""name"": ""가슴단면"", ""value"": 64.0, ""recommendSizeRange"": 5}, {""name"": ""소매길이"", ""value"": 23.0, ""recommendSizeRange"": 5}]}]","{""questions"": []}","{""goodsNo"": 4144560, ""isShared"": true, ""reaction"": {}, ""keywordSummaries"": [], ""sentimentSummary"": {""negative"": ""가끔 얇아서 더운 날씨에 시원하게 입을 수 있어요. 일부 후기에서는 땀이 났을 때 티가 난다고 해요."", ""positive"": ""소재가 부드럽고 가벼워서 착용감이 편해요. 사이즈가 정사이즈로 나와서 잘 맞고 활동하기 좋아요. 디자인이 깔끔해서 다양한 코디에 잘 어울려요. 가격 대비 품질이 좋아서 재구매 의사가 있어요.""}}",,2026-08-12 03:47:03.50325+00
4179726,001001,001001,mariagedebien,마리아쥬드비엔,BLACK TEES (046),046,0,남성,1,2024,https://image.msscdn.net/images/goods_img/20240605/4179726/4179726_17839263477423_500.jpg,59000,59000,1,60,0,0,,,,,,,{2},"{0,1,2,3}",,,5,"[{""name"": ""0"", ""items"": [{""name"": ""총장"", ""value"": 69.0, ""recommendSizeRange"": 5}, {""name"": ""어깨너비"", ""value"": 52.0, ""recommendSizeRange"": 5}, {""name"": ""가슴단면"", ""value"": 55.0, ""recommendSizeRange"": 5}, {""name"": ""소매길이"", ""value"": 19.5, ""recommendSizeRange"": 5}]}, {""name"": ""1"", ""items"": [{""name"": ""총장"", ""value"": 72.0, ""recommendSizeRange"": 5}, {""name"": ""어깨너비"", ""value"": 57.0, ""recommendSizeRange"": 5}, {""name"": ""가슴단면"", ""value"": 60.5, ""recommendSizeRange"": 5}, {""name"": ""소매길이"", ""value"": 20.0, ""recommendSizeRange"": 5}]}, {""name"": ""2"", ""items"": [{""name"": ""총장"", ""value"": 75.0, ""recommendSizeRange"": 5}, {""name"": ""어깨너비"", ""value"": 61.0, ""recommendSizeRange"": 5}, {""name"": ""가슴단면"", ""value"": 65.5, ""recommendSizeRange"": 5}, {""name"": ""소매길이"", ""value"": 22.0, ""recommendSizeRange"": 5}]}, {""name"": ""3"", ""items"": [{""name"": ""총장"", ""value"": 78.0, ""recommendSizeRange"": 5}, {""name"": ""어깨너비"", ""value"": 63.0, ""recommendSizeRange"": 5}, {""name"": ""가슴단면"", ""value"": 68.0, ""recommendSizeRange"": 5}, {""name"": ""소매길이"", ""value"": 23.0, ""recommendSizeRange"": 5}]}]","{""questions"": []}",,,2026-08-12 03:47:03.50325+00
4180235,001001,001001,mariagedebien,마리아쥬드비엔,BLACK TEES (056),056,0,남성,1,2024,https://image.msscdn.net/images/goods_img/20240605/4180235/4180235_17834052369034_500.jpg,64000,64000,2,100,0,0,,,,,,,{2},"{0,1,2,3}",,,5,"[{""name"": ""0"", ""items"": [{""name"": ""총장"", ""value"": 69.0, ""recommendSizeRange"": 5}, {""name"": ""어깨너비"", ""value"": 52.0, ""recommendSizeRange"": 5}, {""name"": ""가슴단면"", ""value"": 55.0, ""recommendSizeRange"": 5}, {""name"": ""소매길이"", ""value"": 19.5, ""recommendSizeRange"": 5}]}, {""name"": ""1"", ""items"": [{""name"": ""총장"", ""value"": 72.0, ""recommendSizeRange"": 5}, {""name"": ""어깨너비"", ""value"": 57.0, ""recommendSizeRange"": 5}, {""name"": ""가슴단면"", ""value"": 60.5, ""recommendSizeRange"": 5}, {""name"": ""소매길이"", ""value"": 20.0, ""recommendSizeRange"": 5}]}, {""name"": ""2"", ""items"": [{""name"": ""총장"", ""value"": 75.0, ""recommendSizeRange"": 5}, {""name"": ""어깨너비"", ""value"": 61.0, ""recommendSizeRange"": 5}, {""name"": ""가슴단면"", ""value"": 65.5, ""recommendSizeRange"": 5}, {""name"": ""소매길이"", ""value"": 22.0, ""recommendSizeRange"": 5}]}, {""name"": ""3"", ""items"": [{""name"": ""총장"", ""value"": 78.0, ""recommendSizeRange"": 5}, {""name"": ""어깨너비"", ""value"": 63.0, ""recommendSizeRange"": 5}, {""name"": ""가슴단면"", ""value"": 68.0, ""recommendSizeRange"": 5}, {""name"": ""소매길이"", ""value"": 23.0, ""recommendSizeRange"": 5}]}]","{""questions"": []}",,,2026-08-12 03:47:03.50325+00
4248951,001001,001001,mariagedebien,마리아쥬드비엔,WHITE TEES (294),294,0,남성,1,2024,https://image.msscdn.net/images/goods_img/20240715/4248951/4248951_17840955700811_500.jpg,59000,59000,0,0,0,0,,,,,,,{1},"{0,1,2,3}",,,5,"[{""name"": ""0"", ""items"": [{""name"": ""총장"", ""value"": 69.0, ""recommendSizeRange"": 5}, {""name"": ""어깨너비"", ""value"": 52.0, ""recommendSizeRange"": 5}, {""name"": ""가슴단면"", ""value"": 55.0, ""recommendSizeRange"": 5}, {""name"": ""소매길이"", ""value"": 19.5, ""recommendSizeRange"": 5}]}, {""name"": ""1"", ""items"": [{""name"": ""총장"", ""value"": 72.0, ""recommendSizeRange"": 5}, {""name"": ""어깨너비"", ""value"": 57.0, ""recommendSizeRange"": 5}, {""name"": ""가슴단면"", ""value"": 60.5, ""recommendSizeRange"": 5}, {""name"": ""소매길이"", ""value"": 20.0, ""recommendSizeRange"": 5}]}, {""name"": ""2"", ""items"": [{""name"": ""총장"", ""value"": 75.0, ""recommendSizeRange"": 5}, {""name"": ""어깨너비"", ""value"": 61.0, ""recommendSizeRange"": 5}, {""name"": ""가슴단면"", ""value"": 65.5, ""recommendSizeRange"": 5}, {""name"": ""소매길이"", ""value"": 22.0, ""recommendSizeRange"": 5}]}, {""name"": ""3"", ""items"": [{""name"": ""총장"", ""value"": 78.0, ""recommendSizeRange"": 5}, {""name"": ""어깨너비"", ""value"": 63.0, ""recommendSizeRange"": 5}, {""name"": ""가슴단면"", ""value"": 68.0, ""recommendSizeRange"": 5}, {""name"": ""소매길이"", ""value"": 23.0, ""recommendSizeRange"": 5}]}]",,,,2026-08-12 03:47:03.50325+00
4615700,001004,001004,blaklader,블라크라더,3D 후드 3530,35301158,0,남성,0,0000,https://image.msscdn.net/images/goods_img/20241114/4615700/4615700_17810582334096_500.jpg,156000,156000,0,0,0,0,,,,,,,{34},"{S,M,L}","{/images/prd_img/20241114/4615700/detail_4615700_17810582339948_500.jpg,/images/prd_img/20241114/4615700/detail_4615700_17810582341342_500.jpg}","{볼디스트,비즐리,워크웨어,워크웨어패션,후드티}",21,"[{""name"": ""S"", ""items"": [{""name"": ""총장"", ""value"": 68.0, ""recommendSizeRange"": 5}, {""name"": ""어깨너비"", ""value"": 48.0, ""recommendSizeRange"": 5}, {""name"": ""가슴단면"", ""value"": 54.0, ""recommendSizeRange"": 5}, {""name"": ""소매길이"", ""value"": 65.0, ""recommendSizeRange"": 5}]}, {""name"": ""M"", ""items"": [{""name"": ""총장"", ""value"": 70.0, ""recommendSizeRange"": 5}, {""name"": ""어깨너비"", ""value"": 50.0, ""recommendSizeRange"": 5}, {""name"": ""가슴단면"", ""value"": 57.0, ""recommendSizeRange"": 5}, {""name"": ""소매길이"", ""value"": 65.0, ""recommendSizeRange"": 5}]}, {""name"": ""L"", ""items"": [{""name"": ""총장"", ""value"": 72.0, ""recommendSizeRange"": 5}, {""name"": ""어깨너비"", ""value"": 51.0, ""recommendSizeRange"": 5}, {""name"": ""가슴단면"", ""value"": 60.0, ""recommendSizeRange"": 5}, {""name"": ""소매길이"", ""value"": 66.0, ""recommendSizeRange"": 5}]}]",,,,2026-08-12 03:47:03.50325+00
4898113,001001,017016005,biltmore,빌트모아,여성 자카드 스트라이프 냉감 라운드 티셔츠,K0RWSH1070,0,여성,1,0000,https://image.msscdn.net/images/goods_img/20250314/4898113/4898113_17520238636224_500.jpg,9900,9900,1,100,0,0,레귤러,부드러움,있음,약간 있음,얇음,여름,"{1,10,36}","{네이비^90,네이비^95,네이비^100,네이비^105,핑크^90,핑크^95,핑크^100,핑크^105,화이트^90,화이트^95,화이트^100,화이트^105}","{/images/prd_img/20250314/4898113/detail_4898113_17520238719895_500.jpg,/images/prd_img/20250314/4898113/detail_4898113_17520238729517_500.jpg,/images/prd_img/20250314/4898113/detail_4898113_17520238738755_500.jpg}","{골프반팔,골프웨어,골프티셔츠,냉감티셔츠,여성골프웨어,우먼스티셔츠,이너티셔츠,쿨아이템}",5,"[{""name"": ""90"", ""items"": [{""name"": ""총장"", ""value"": 58.5, ""recommendSizeRange"": 5}, {""name"": ""어깨너비"", ""value"": 37.5, ""recommendSizeRange"": 5}, {""name"": ""가슴단면"", ""value"": 45.0, ""recommendSizeRange"": 5}, {""name"": ""소매길이"", ""value"": 22.0, ""recommendSizeRange"": 5}]}, {""name"": ""95"", ""items"": [{""name"": ""총장"", ""value"": 60.0, ""recommendSizeRange"": 5}, {""name"": ""어깨너비"", ""value"": 39.0, ""recommendSizeRange"": 5}, {""name"": ""가슴단면"", ""value"": 47.5, ""recommendSizeRange"": 5}, {""name"": ""소매길이"", ""value"": 23.0, ""recommendSizeRange"": 5}]}, {""name"": ""100"", ""items"": [{""name"": ""총장"", ""value"": 61.5, ""recommendSizeRange"": 5}, {""name"": ""어깨너비"", ""value"": 40.5, ""recommendSizeRange"": 5}, {""name"": ""가슴단면"", ""value"": 50.0, ""recommendSizeRange"": 5}, {""name"": ""소매길이"", ""value"": 24.0, ""recommendSizeRange"": 5}]}, {""name"": ""105"", ""items"": [{""name"": ""총장"", ""value"": 63.0, ""recommendSizeRange"": 5}, {""name"": ""어깨너비"", ""value"": 42.0, ""recommendSizeRange"": 5}, {""name"": ""가슴단면"", ""value"": 52.5, ""recommendSizeRange"": 5}, {""name"": ""소매길이"", ""value"": 25.0, ""recommendSizeRange"": 5}]}]","{""questions"": []}",,,2026-08-12 03:47:03.50325+00
4898219,001001,017016005,biltmore,빌트모아,여성 골프 PIQUE 폴로 반팔 티셔츠,B0RWSH1072,0,여성,1,0000,https://image.msscdn.net/images/goods_img/20250314/4898219/4898219_17800332654617_500.jpg,29000,29000,0,0,0,0,레귤러,부드러움,있음,없음,얇음,여름,"{1,10,12,7}","{T블루^90,T블루^95,T블루^100,T블루^105,핑크^90,핑크^95,핑크^100,핑크^105,화이트^90,화이트^95,화이트^100,화이트^105,오렌지^90,오렌지^95,오렌지^100,오렌지^105}","{/images/prd_img/20250314/4898219/detail_4898219_17520204712522_500.jpg,/images/prd_img/20250314/4898219/detail_4898219_17520204721763_500.jpg,/images/prd_img/20250314/4898219/detail_4898219_17800332521884_500.jpg}","{골프웨어,골프티셔츠,반소매,반소매티셔츠,여성골프티셔츠,카라티셔츠,피케티셔츠}",5,"[{""name"": ""90"", ""items"": [{""name"": ""총장"", ""value"": 58.5, ""recommendSizeRange"": 5}, {""name"": ""어깨너비"", ""value"": 36.5, ""recommendSizeRange"": 5}, {""name"": ""가슴단면"", ""value"": 91.0, ""recommendSizeRange"": 5}, {""name"": ""소매길이"", ""value"": 20.0, ""recommendSizeRange"": 5}]}, {""name"": ""95"", ""items"": [{""name"": ""총장"", ""value"": 60.0, ""recommendSizeRange"": 5}, {""name"": ""어깨너비"", ""value"": 38.0, ""recommendSizeRange"": 5}, {""name"": ""가슴단면"", ""value"": 96.0, ""recommendSizeRange"": 5}, {""name"": ""소매길이"", ""value"": 21.0, ""recommendSizeRange"": 5}]}, {""name"": ""100"", ""items"": [{""name"": ""총장"", ""value"": 61.5, ""recommendSizeRange"": 5}, {""name"": ""어깨너비"", ""value"": 39.5, ""recommendSizeRange"": 5}, {""name"": ""가슴단면"", ""value"": 101.0, ""recommendSizeRange"": 5}, {""name"": ""소매길이"", ""value"": 22.0, ""recommendSizeRange"": 5}]}, {""name"": ""105"", ""items"": [{""name"": ""총장"", ""value"": 63.0, ""recommendSizeRange"": 5}, {""name"": ""어깨너비"", ""value"": 41.0, ""recommendSizeRange"": 5}, {""name"": ""가슴단면"", ""value"": 106.0, ""recommendSizeRange"": 5}, {""name"": ""소매길이"", ""value"": 23.0, ""recommendSizeRange"": 5}]}]",,,,2026-08-12 03:47:03.50325+00
4950788,001001,017016005,biltmore,빌트모아,KXG 여성 여름 골프웨어 FLAME 반집업 티셔츠 X0RWSH1060,X0RWSH1060,0,여성,1,0000,https://image.msscdn.net/images/goods_img/20250327/4950788/4950788_17520327949880_500.jpg,35000,35000,0,0,0,0,레귤러,부드러움,있음,없음,얇음,여름,"{12,8}","{퍼플^90,퍼플^95,퍼플^100,퍼플^105,오렌지^90,오렌지^95,오렌지^100,오렌지^105}","{/images/prd_img/20250327/4950788/detail_4950788_17520328016103_500.jpg,/images/prd_img/20250327/4950788/detail_4950788_17520328023764_500.jpg,/images/prd_img/20250327/4950788/detail_4950788_17520328032054_500.jpg,/images/prd_img/20250327/4950788/detail_4950788_17520328040534_500.jpg,/images/prd_img/20250327/4950788/detail_4950788_17520328048886_500.jpg}","{골프웨어,골프티셔츠,냉감티셔츠,반팔티셔츠,여성골프웨어,여성골프티셔츠,우먼스티셔츠}",5,"[{""name"": ""90"", ""items"": [{""name"": ""총장"", ""value"": 58.5, ""recommendSizeRange"": 5}, {""name"": ""어깨너비"", ""value"": 36.5, ""recommendSizeRange"": 5}, {""name"": ""가슴단면"", ""value"": 45.0, ""recommendSizeRange"": 5}, {""name"": ""소매길이"", ""value"": 20.0, ""recommendSizeRange"": 5}]}, {""name"": ""95"", ""items"": [{""name"": ""총장"", ""value"": 60.0, ""recommendSizeRange"": 5}, {""name"": ""어깨너비"", ""value"": 38.0, ""recommendSizeRange"": 5}, {""name"": ""가슴단면"", ""value"": 47.5, ""recommendSizeRange"": 5}, {""name"": ""소매길이"", ""value"": 21.0, ""recommendSizeRange"": 5}]}, {""name"": ""100"", ""items"": [{""name"": ""총장"", ""value"": 61.5, ""recommendSizeRange"": 5}, {""name"": ""어깨너비"", ""value"": 39.5, ""recommendSizeRange"": 5}, {""name"": ""가슴단면"", ""value"": 50.0, ""recommendSizeRange"": 5}, {""name"": ""소매길이"", ""value"": 22.0, ""recommendSizeRange"": 5}]}, {""name"": ""105"", ""items"": [{""name"": ""총장"", ""value"": 63.0, ""recommendSizeRange"": 5}, {""name"": ""어깨너비"", ""value"": 41.0, ""recommendSizeRange"": 5}, {""name"": ""가슴단면"", ""value"": 52.5, ""recommendSizeRange"": 5}, {""name"": ""소매길이"", ""value"": 23.0, ""recommendSizeRange"": 5}]}]",,,,2026-08-12 03:47:03.50325+00
4981386,001001,001001,islandproject,아일랜드 프로젝트,Classic JEJU 1955 T-Shirt - Navy,P00000HU,0,공용,1,2025,https://image.msscdn.net/images/goods_img/20250403/4981386/4981386_17841877392408_500.jpg,45000,45000,0,0,0,0,,,,,,,{36},"{네이비^1,네이비^2,네이비^0}","{/images/prd_img/20250403/4981386/detail_4981386_17841877399137_500.jpg,/images/prd_img/20250403/4981386/detail_4981386_17841877400861_500.jpg,/images/prd_img/20250403/4981386/detail_4981386_17841877402525_500.jpg,/images/prd_img/20250403/4981386/detail_4981386_17841877404206_500.jpg,/images/prd_img/20250403/4981386/detail_4981386_17841877405888_500.jpg}",,5,"[{""name"": ""0"", ""items"": [{""name"": ""총장"", ""value"": 0.0, ""recommendSizeRange"": 5}, {""name"": ""어깨너비"", ""value"": 0.0, ""recommendSizeRange"": 5}, {""name"": ""가슴단면"", ""value"": 0.0, ""recommendSizeRange"": 5}, {""name"": ""소매길이"", ""value"": 0.0, ""recommendSizeRange"": 5}]}, {""name"": ""1"", ""items"": [{""name"": ""총장"", ""value"": 74.0, ""recommendSizeRange"": 5}, {""name"": ""어깨너비"", ""value"": 56.0, ""recommendSizeRange"": 5}, {""name"": ""가슴단면"", ""value"": 59.0, ""recommendSizeRange"": 5}, {""name"": ""소매길이"", ""value"": 23.0, ""recommendSizeRange"": 5}]}, {""name"": ""2"", ""items"": [{""name"": ""총장"", ""value"": 76.0, ""recommendSizeRange"": 5}, {""name"": ""어깨너비"", ""value"": 58.0, ""recommendSizeRange"": 5}, {""name"": ""가슴단면"", ""value"": 61.0, ""recommendSizeRange"": 5}, {""name"": ""소매길이"", ""value"": 23.0, ""recommendSizeRange"": 5}]}]",,,,2026-08-12 03:47:03.50325+00
4981427,001001,001001,islandproject,아일랜드 프로젝트,Classic JEJU 1955 T-Shirt - White,P00000HW,0,공용,1,2025,https://image.msscdn.net/images/goods_img/20250403/4981427/4981427_17841886204156_500.jpg,45000,45000,0,0,0,0,,,,,,,{1},"{화이트^1,화이트^2,화이트^0}","{/images/prd_img/20250403/4981427/detail_4981427_17841886209918_500.jpg,/images/prd_img/20250403/4981427/detail_4981427_17841886211188_500.jpg,/images/prd_img/20250403/4981427/detail_4981427_17841886212891_500.jpg,/images/prd_img/20250403/4981427/detail_4981427_17841886214382_500.jpg,/images/prd_img/20250403/4981427/detail_4981427_17841886215842_500.jpg}",,5,"[{""name"": ""0"", ""items"": [{""name"": ""총장"", ""value"": 0.0, ""recommendSizeRange"": 5}, {""name"": ""어깨너비"", ""value"": 0.0, ""recommendSizeRange"": 5}, {""name"": ""가슴단면"", ""value"": 0.0, ""recommendSizeRange"": 5}, {""name"": ""소매길이"", ""value"": 0.0, ""recommendSizeRange"": 5}]}, {""name"": ""1"", ""items"": [{""name"": ""총장"", ""value"": 74.0, ""recommendSizeRange"": 5}, {""name"": ""어깨너비"", ""value"": 56.0, ""recommendSizeRange"": 5}, {""name"": ""가슴단면"", ""value"": 59.0, ""recommendSizeRange"": 5}, {""name"": ""소매길이"", ""value"": 23.0, ""recommendSizeRange"": 5}]}, {""name"": ""2"", ""items"": [{""name"": ""총장"", ""value"": 76.0, ""recommendSizeRange"": 5}, {""name"": ""어깨너비"", ""value"": 58.0, ""recommendSizeRange"": 5}, {""name"": ""가슴단면"", ""value"": 61.0, ""recommendSizeRange"": 5}, {""name"": ""소매길이"", ""value"": 23.0, ""recommendSizeRange"": 5}]}]",,,,2026-08-12 03:47:03.50325+00
4981455,001001,001001,islandproject,아일랜드 프로젝트,Classic JEJU 1955 T-Shirt - Black,P00000HV,0,공용,1,2025,https://image.msscdn.net/images/goods_img/20250403/4981455/4981455_17841877177323_500.jpg,45000,45000,0,0,0,0,,,,,,,{2},"{블랙^1,블랙^2,블랙^0}","{/images/prd_img/20250403/4981455/detail_4981455_17841877183135_500.jpg,/images/prd_img/20250403/4981455/detail_4981455_17841877184526_500.jpg,/images/prd_img/20250403/4981455/detail_4981455_17841877185964_500.jpg,/images/prd_img/20250403/4981455/detail_4981455_17841877187373_500.jpg,/images/prd_img/20250403/4981455/detail_4981455_17841877188862_500.jpg}",,5,"[{""name"": ""0"", ""items"": [{""name"": ""총장"", ""value"": 67.0, ""recommendSizeRange"": 5}, {""name"": ""어깨너비"", ""value"": 51.0, ""recommendSizeRange"": 5}, {""name"": ""가슴단면"", ""value"": 55.0, ""recommendSizeRange"": 5}, {""name"": ""소매길이"", ""value"": 0.0, ""recommendSizeRange"": 5}]}, {""name"": ""1"", ""items"": [{""name"": ""총장"", ""value"": 74.0, ""recommendSizeRange"": 5}, {""name"": ""어깨너비"", ""value"": 56.0, ""recommendSizeRange"": 5}, {""name"": ""가슴단면"", ""value"": 59.0, ""recommendSizeRange"": 5}, {""name"": ""소매길이"", ""value"": 23.0, ""recommendSizeRange"": 5}]}, {""name"": ""2"", ""items"": [{""name"": ""총장"", ""value"": 76.0, ""recommendSizeRange"": 5}, {""name"": ""어깨너비"", ""value"": 58.0, ""recommendSizeRange"": 5}, {""name"": ""가슴단면"", ""value"": 61.0, ""recommendSizeRange"": 5}, {""name"": ""소매길이"", ""value"": 23.0, ""recommendSizeRange"": 5}]}]",,,,2026-08-12 03:47:03.50325+00
4981614,001001,001001,islandproject,아일랜드 프로젝트,Mandarine Bear Head T-shirt - Navy,P0000BIT,4981601,공용,1,2025,https://image.msscdn.net/images/goods_img/20250403/4981614/4981614_17852093802197_500.jpg,49000,49000,0,0,0,0,,,,,,,{36},"{네이비^1,네이비^2,네이비^0}","{/images/prd_img/20250403/4981614/detail_4981614_17536709570029_500.png,/images/prd_img/20250403/4981614/detail_4981614_17522647993796_500.jpg,/images/prd_img/20250403/4981614/detail_4981614_17522647996678_500.jpg,/images/prd_img/20250403/4981614/detail_4981614_17852093814533_500.jpg,/images/prd_img/20250403/4981614/detail_4981614_17852093816624_500.jpg}","{그래픽티셔츠,반팔티셔츠,여름반팔티,여자반팔,오버핏,오버핏반팔}",5,"[{""name"": ""0"", ""items"": [{""name"": ""총장"", ""value"": 0.0, ""recommendSizeRange"": 5}, {""name"": ""어깨너비"", ""value"": 0.0, ""recommendSizeRange"": 5}, {""name"": ""가슴단면"", ""value"": 0.0, ""recommendSizeRange"": 5}, {""name"": ""소매길이"", ""value"": 0.0, ""recommendSizeRange"": 5}]}, {""name"": ""1"", ""items"": [{""name"": ""총장"", ""value"": 74.0, ""recommendSizeRange"": 5}, {""name"": ""어깨너비"", ""value"": 56.0, ""recommendSizeRange"": 5}, {""name"": ""가슴단면"", ""value"": 59.0, ""recommendSizeRange"": 5}, {""name"": ""소매길이"", ""value"": 23.0, ""recommendSizeRange"": 5}]}, {""name"": ""2"", ""items"": [{""name"": ""총장"", ""value"": 76.0, ""recommendSizeRange"": 5}, {""name"": ""어깨너비"", ""value"": 58.0, ""recommendSizeRange"": 5}, {""name"": ""가슴단면"", ""value"": 61.0, ""recommendSizeRange"": 5}, {""name"": ""소매길이"", ""value"": 23.0, ""recommendSizeRange"": 5}]}]",,,,2026-08-12 03:47:03.50325+00
4981621,001001,001001,islandproject,아일랜드 프로젝트,Mandarine Bear Head T-shirt - Black,P0000BIR,4981601,공용,1,2025,https://image.msscdn.net/images/goods_img/20250403/4981621/4981621_17860064369143_500.jpg,49000,49000,0,0,0,0,,,,,,,{2},"{블랙^1,블랙^2,블랙^0}","{/images/prd_img/20250403/4981621/detail_4981621_17860064374783_500.jpg,/images/prd_img/20250403/4981621/detail_4981621_17860064376167_500.jpg,/images/prd_img/20250403/4981621/detail_4981621_17860064377569_500.jpg,/images/prd_img/20250403/4981621/detail_4981621_17860064379045_500.jpg}",,5,"[{""name"": ""0"", ""items"": [{""name"": ""총장"", ""value"": 67.0, ""recommendSizeRange"": 5}, {""name"": ""어깨너비"", ""value"": 51.0, ""recommendSizeRange"": 5}, {""name"": ""가슴단면"", ""value"": 55.0, ""recommendSizeRange"": 5}, {""name"": ""소매길이"", ""value"": 0.0, ""recommendSizeRange"": 5}]}, {""name"": ""1"", ""items"": [{""name"": ""총장"", ""value"": 74.0, ""recommendSizeRange"": 5}, {""name"": ""어깨너비"", ""value"": 56.0, ""recommendSizeRange"": 5}, {""name"": ""가슴단면"", ""value"": 59.0, ""recommendSizeRange"": 5}, {""name"": ""소매길이"", ""value"": 23.0, ""recommendSizeRange"": 5}]}, {""name"": ""2"", ""items"": [{""name"": ""총장"", ""value"": 76.0, ""recommendSizeRange"": 5}, {""name"": ""어깨너비"", ""value"": 58.0, ""recommendSizeRange"": 5}, {""name"": ""가슴단면"", ""value"": 61.0, ""recommendSizeRange"": 5}, {""name"": ""소매길이"", ""value"": 23.0, ""recommendSizeRange"": 5}]}]",,,,2026-08-12 03:47:03.50325+00
4981683,001001,001001,islandproject,아일랜드 프로젝트,Diver Bear Head T-shirt - Black,P0000BIU,4981675,공용,1,2025,https://image.msscdn.net/images/goods_img/20250403/4981683/4981683_17497952681180_500.jpg,49000,49000,0,0,0,0,,,,,,,{2},"{블랙^1,블랙^2}","{/images/prd_img/20250403/4981683/detail_4981683_17536898153099_500.png,/images/prd_img/20250403/4981683/detail_4981683_17497952689553_500.jpg,/images/prd_img/20250403/4981683/detail_4981683_17497952691475_500.jpg,/images/prd_img/20250403/4981683/detail_4981683_17497952693134_500.jpg,/images/prd_img/20250403/4981683/detail_4981683_17497952698232_500.jpg}","{그래픽티셔츠,반팔티셔츠,여름반팔티,여자반팔,오버핏반팔,티셔츠}",5,"[{""name"": ""1"", ""items"": [{""name"": ""총장"", ""value"": 74.0, ""recommendSizeRange"": 5}, {""name"": ""어깨너비"", ""value"": 56.0, ""recommendSizeRange"": 5}, {""name"": ""가슴단면"", ""value"": 59.0, ""recommendSizeRange"": 5}, {""name"": ""소매길이"", ""value"": 23.0, ""recommendSizeRange"": 5}]}, {""name"": ""2"", ""items"": [{""name"": ""총장"", ""value"": 76.0, ""recommendSizeRange"": 5}, {""name"": ""어깨너비"", ""value"": 58.0, ""recommendSizeRange"": 5}, {""name"": ""가슴단면"", ""value"": 61.0, ""recommendSizeRange"": 5}, {""name"": ""소매길이"", ""value"": 23.0, ""recommendSizeRange"": 5}]}]",,,,2026-08-12 03:47:03.50325+00
4981713,001001,001001,islandproject,아일랜드 프로젝트,Mandarine Bear T-Shirt - Navy,P00000MK,2689054,공용,1,2025,https://image.msscdn.net/images/goods_img/20250403/4981713/4981713_17522649772423_500.png,49000,49000,0,0,0,0,,,,,,,{36},"{네이비^1,네이비^2}","{/images/prd_img/20250403/4981713/detail_4981713_17536708178725_500.png,/images/prd_img/20250403/4981713/detail_4981713_17522649783026_500.jpg}","{그래픽티셔츠,반소매티셔츠,반팔,반팔티,여자반팔,오버핏반팔}",5,"[{""name"": ""1"", ""items"": [{""name"": ""총장"", ""value"": 74.0, ""recommendSizeRange"": 5}, {""name"": ""어깨너비"", ""value"": 56.0, ""recommendSizeRange"": 5}, {""name"": ""가슴단면"", ""value"": 59.0, ""recommendSizeRange"": 5}, {""name"": ""소매길이"", ""value"": 23.0, ""recommendSizeRange"": 5}]}, {""name"": ""2"", ""items"": [{""name"": ""총장"", ""value"": 76.0, ""recommendSizeRange"": 5}, {""name"": ""어깨너비"", ""value"": 58.0, ""recommendSizeRange"": 5}, {""name"": ""가슴단면"", ""value"": 61.0, ""recommendSizeRange"": 5}, {""name"": ""소매길이"", ""value"": 23.0, ""recommendSizeRange"": 5}]}]",,,,2026-08-12 03:47:03.50325+00
4981723,001001,001001,islandproject,아일랜드 프로젝트,Mandarine Bear T-Shirt (ver.24) - White,P00000MJ,0,공용,1,2025,https://image.msscdn.net/images/goods_img/20250403/4981723/4981723_17860064333609_500.png,49000,49000,0,0,0,0,,,,,,,{1},"{화이트^1,화이트^2}","{/images/prd_img/20250403/4981723/detail_4981723_17536703094522_500.png,/images/prd_img/20250403/4981723/detail_4981723_17860064341376_500.jpg}","{그래픽티셔츠,반팔티셔츠,여름반팔티,여름티셔츠,여자반팔,오버핏반팔}",5,"[{""name"": ""1"", ""items"": [{""name"": ""총장"", ""value"": 74.0, ""recommendSizeRange"": 5}, {""name"": ""어깨너비"", ""value"": 56.0, ""recommendSizeRange"": 5}, {""name"": ""가슴단면"", ""value"": 59.0, ""recommendSizeRange"": 5}, {""name"": ""소매길이"", ""value"": 23.0, ""recommendSizeRange"": 5}]}, {""name"": ""2"", ""items"": [{""name"": ""총장"", ""value"": 76.0, ""recommendSizeRange"": 5}, {""name"": ""어깨너비"", ""value"": 58.0, ""recommendSizeRange"": 5}, {""name"": ""가슴단면"", ""value"": 61.0, ""recommendSizeRange"": 5}, {""name"": ""소매길이"", ""value"": 23.0, ""recommendSizeRange"": 5}]}]",,,,2026-08-12 03:47:03.50325+00
4981802,001001,001001,islandproject,아일랜드 프로젝트,Diver Bear T-Shirt - Navy,P0000BLQ,2343329,공용,1,2025,https://image.msscdn.net/images/goods_img/20250403/4981802/4981802_17860064025377_500.png,49000,49000,0,0,0,0,,,,,,,{36},"{네이비^1,네이비^2}","{/images/prd_img/20250403/4981802/detail_4981802_17536877480489_500.png,/images/prd_img/20250403/4981802/detail_4981802_17860064033204_500.jpg}","{그래픽티셔츠,반팔,여름반팔티,여자반팔,오버핏,오버핏반팔}",5,"[{""name"": ""1"", ""items"": [{""name"": ""총장"", ""value"": 74.0, ""recommendSizeRange"": 5}, {""name"": ""어깨너비"", ""value"": 56.0, ""recommendSizeRange"": 5}, {""name"": ""가슴단면"", ""value"": 59.0, ""recommendSizeRange"": 5}, {""name"": ""소매길이"", ""value"": 23.0, ""recommendSizeRange"": 5}]}, {""name"": ""2"", ""items"": [{""name"": ""총장"", ""value"": 76.0, ""recommendSizeRange"": 5}, {""name"": ""어깨너비"", ""value"": 58.0, ""recommendSizeRange"": 5}, {""name"": ""가슴단면"", ""value"": 61.0, ""recommendSizeRange"": 5}, {""name"": ""소매길이"", ""value"": 23.0, ""recommendSizeRange"": 5}]}]",,,,2026-08-12 03:47:03.50325+00
4981807,001001,001001,islandproject,아일랜드 프로젝트,Diver Bear T-Shirt (ver.24) - White,P00000MP,0,공용,1,2025,https://image.msscdn.net/images/goods_img/20250403/4981807/4981807_17522649772967_500.png,49000,49000,0,0,0,0,,,,,,,{1},"{화이트^1,화이트^2}","{/images/prd_img/20250403/4981807/detail_4981807_17536874858450_500.png,/images/prd_img/20250403/4981807/detail_4981807_17522649783079_500.jpg}","{그래픽티셔츠,반팔티,여름반팔티,여름티셔츠,여자반팔,오버핏반팔}",5,"[{""name"": ""1"", ""items"": [{""name"": ""총장"", ""value"": 74.0, ""recommendSizeRange"": 5}, {""name"": ""어깨너비"", ""value"": 56.0, ""recommendSizeRange"": 5}, {""name"": ""가슴단면"", ""value"": 59.0, ""recommendSizeRange"": 5}, {""name"": ""소매길이"", ""value"": 23.0, ""recommendSizeRange"": 5}]}, {""name"": ""2"", ""items"": [{""name"": ""총장"", ""value"": 76.0, ""recommendSizeRange"": 5}, {""name"": ""어깨너비"", ""value"": 58.0, ""recommendSizeRange"": 5}, {""name"": ""가슴단면"", ""value"": 61.0, ""recommendSizeRange"": 5}, {""name"": ""소매길이"", ""value"": 23.0, ""recommendSizeRange"": 5}]}]",,,,2026-08-12 03:47:03.50325+00
4981847,001001,001001,islandproject,아일랜드 프로젝트,Slam Bear T-shirt - White,P0000BII,4981847,공용,1,2025,https://image.msscdn.net/images/goods_img/20250403/4981847/4981847_17860064361731_500.jpg,49000,49000,1,100,0,0,,,,,,,{1},"{화이트^1,화이트^2}","{/images/prd_img/20250403/4981847/detail_4981847_17538440631323_500.png,/images/prd_img/20250403/4981847/detail_4981847_17860064368784_500.jpg,/images/prd_img/20250403/4981847/detail_4981847_17860064370110_500.jpg,/images/prd_img/20250403/4981847/detail_4981847_17860064371562_500.jpg}","{그래픽티셔츠,반팔티,반팔티셔츠,여자반팔,오버핏,오버핏반팔}",5,"[{""name"": ""1"", ""items"": [{""name"": ""총장"", ""value"": 74.0, ""recommendSizeRange"": 5}, {""name"": ""어깨너비"", ""value"": 56.0, ""recommendSizeRange"": 5}, {""name"": ""가슴단면"", ""value"": 59.0, ""recommendSizeRange"": 5}, {""name"": ""소매길이"", ""value"": 23.0, ""recommendSizeRange"": 5}]}, {""name"": ""2"", ""items"": [{""name"": ""총장"", ""value"": 76.0, ""recommendSizeRange"": 5}, {""name"": ""어깨너비"", ""value"": 58.0, ""recommendSizeRange"": 5}, {""name"": ""가슴단면"", ""value"": 61.0, ""recommendSizeRange"": 5}, {""name"": ""소매길이"", ""value"": 23.0, ""recommendSizeRange"": 5}]}]","{""questions"": []}",,,2026-08-12 03:47:03.50325+00
4981852,001001,001001,islandproject,아일랜드 프로젝트,Slam Bear T-shirt - Black,P0000BIH,4981847,공용,1,2025,https://image.msscdn.net/images/goods_img/20250403/4981852/4981852_17860064359749_500.jpg,49000,49000,0,0,0,0,,,,,,,{2},"{블랙^1,블랙^2}","{/images/prd_img/20250403/4981852/detail_4981852_17538425632358_500.png,/images/prd_img/20250403/4981852/detail_4981852_17860064366792_500.jpg,/images/prd_img/20250403/4981852/detail_4981852_17860064368218_500.jpg,/images/prd_img/20250403/4981852/detail_4981852_17860064369897_500.jpg}",,5,"[{""name"": ""1"", ""items"": [{""name"": ""총장"", ""value"": 74.0, ""recommendSizeRange"": 5}, {""name"": ""어깨너비"", ""value"": 56.0, ""recommendSizeRange"": 5}, {""name"": ""가슴단면"", ""value"": 59.0, ""recommendSizeRange"": 5}, {""name"": ""소매길이"", ""value"": 23.0, ""recommendSizeRange"": 5}]}, {""name"": ""2"", ""items"": [{""name"": ""총장"", ""value"": 76.0, ""recommendSizeRange"": 5}, {""name"": ""어깨너비"", ""value"": 58.0, ""recommendSizeRange"": 5}, {""name"": ""가슴단면"", ""value"": 61.0, ""recommendSizeRange"": 5}, {""name"": ""소매길이"", ""value"": 23.0, ""recommendSizeRange"": 5}]}]",,,,2026-08-12 03:47:03.50325+00
4982814,001001,001001,islandproject,아일랜드 프로젝트,THE Bears T-shirt - Black,P0000BIK,4982806,공용,1,2025,https://image.msscdn.net/images/goods_img/20250403/4982814/4982814_17802991072787_500.jpg,49000,49000,0,0,0,0,,,,,,,{2},"{블랙^1,블랙^2}","{/images/prd_img/20250403/4982814/detail_4982814_17538583762873_500.png,/images/prd_img/20250403/4982814/detail_4982814_17538583755739_500.png,/images/prd_img/20250403/4982814/detail_4982814_17802991081394_500.jpg,/images/prd_img/20250403/4982814/detail_4982814_17802991082766_500.jpg}","{그래픽티셔츠,반팔티셔츠,여름반팔티,여름티셔츠,오버핏반팔}",5,"[{""name"": ""1"", ""items"": [{""name"": ""총장"", ""value"": 74.0, ""recommendSizeRange"": 5}, {""name"": ""어깨너비"", ""value"": 56.0, ""recommendSizeRange"": 5}, {""name"": ""가슴단면"", ""value"": 59.0, ""recommendSizeRange"": 5}, {""name"": ""소매길이"", ""value"": 23.0, ""recommendSizeRange"": 5}]}, {""name"": ""2"", ""items"": [{""name"": ""총장"", ""value"": 76.0, ""recommendSizeRange"": 5}, {""name"": ""어깨너비"", ""value"": 58.0, ""recommendSizeRange"": 5}, {""name"": ""가슴단면"", ""value"": 61.0, ""recommendSizeRange"": 5}, {""name"": ""소매길이"", ""value"": 23.0, ""recommendSizeRange"": 5}]}]",,,,2026-08-12 03:47:03.50325+00
4983019,001001,001001,islandproject,아일랜드 프로젝트,Slam Bear T-shirt B - White,P0000BLP,4983019,공용,1,2025,https://image.msscdn.net/images/goods_img/20250403/4983019/4983019_17860064394570_500.jpg,49000,49000,1,100,0,0,,,,,,,{1},"{화이트^1,화이트^2}","{/images/prd_img/20250403/4983019/detail_4983019_17860064400097_500.jpg,/images/prd_img/20250403/4983019/detail_4983019_17860064401415_500.jpg,/images/prd_img/20250403/4983019/detail_4983019_17860064402743_500.jpg,/images/prd_img/20250403/4983019/detail_4983019_17860064404213_500.jpg,/images/prd_img/20250403/4983019/detail_4983019_17860064405730_500.jpg}",,5,"[{""name"": ""1"", ""items"": [{""name"": ""총장"", ""value"": 74.0, ""recommendSizeRange"": 5}, {""name"": ""어깨너비"", ""value"": 56.0, ""recommendSizeRange"": 5}, {""name"": ""가슴단면"", ""value"": 59.0, ""recommendSizeRange"": 5}, {""name"": ""소매길이"", ""value"": 23.0, ""recommendSizeRange"": 5}]}, {""name"": ""2"", ""items"": [{""name"": ""총장"", ""value"": 76.0, ""recommendSizeRange"": 5}, {""name"": ""어깨너비"", ""value"": 58.0, ""recommendSizeRange"": 5}, {""name"": ""가슴단면"", ""value"": 61.0, ""recommendSizeRange"": 5}, {""name"": ""소매길이"", ""value"": 23.0, ""recommendSizeRange"": 5}]}]","{""questions"": []}",,,2026-08-12 03:47:03.50325+00
4983029,001001,001001,islandproject,아일랜드 프로젝트,Slam Bear T-shirt B - Black,P0000BLO,4983019,공용,1,2025,https://image.msscdn.net/images/goods_img/20250403/4983029/4983029_17860064391553_500.jpg,49000,49000,1,100,0,0,,,,,,,{2},"{블랙^1,블랙^2}","{/images/prd_img/20250403/4983029/detail_4983029_17860064397380_500.jpg,/images/prd_img/20250403/4983029/detail_4983029_17860064398747_500.jpg,/images/prd_img/20250403/4983029/detail_4983029_17860064400266_500.jpg,/images/prd_img/20250403/4983029/detail_4983029_17860064401823_500.jpg,/images/prd_img/20250403/4983029/detail_4983029_17860064403377_500.jpg}",,5,"[{""name"": ""1"", ""items"": [{""name"": ""총장"", ""value"": 74.0, ""recommendSizeRange"": 5}, {""name"": ""어깨너비"", ""value"": 56.0, ""recommendSizeRange"": 5}, {""name"": ""가슴단면"", ""value"": 59.0, ""recommendSizeRange"": 5}, {""name"": ""소매길이"", ""value"": 23.0, ""recommendSizeRange"": 5}]}, {""name"": ""2"", ""items"": [{""name"": ""총장"", ""value"": 76.0, ""recommendSizeRange"": 5}, {""name"": ""어깨너비"", ""value"": 58.0, ""recommendSizeRange"": 5}, {""name"": ""가슴단면"", ""value"": 61.0, ""recommendSizeRange"": 5}, {""name"": ""소매길이"", ""value"": 23.0, ""recommendSizeRange"": 5}]}]","{""questions"": []}",,,2026-08-12 03:47:03.50325+00
4983340,001001,001001,islandproject,아일랜드 프로젝트,Sitting Bear T-shirt - Navy,P0000BLM,0,공용,1,2025,https://image.msscdn.net/images/goods_img/20250403/4983340/4983340_17860064490950_500.jpg,49000,49000,1,100,0,0,,,,,,,{36},"{네이비^1,네이비^2}","{/images/prd_img/20250403/4983340/detail_4983340_17860064496822_500.jpg,/images/prd_img/20250403/4983340/detail_4983340_17860064498318_500.jpg,/images/prd_img/20250403/4983340/detail_4983340_17860064499841_500.jpg,/images/prd_img/20250403/4983340/detail_4983340_17860064501282_500.jpg,/images/prd_img/20250403/4983340/detail_4983340_17860064502780_500.jpg}","{반소매티셔츠,반팔티,반팔티셔츠,여름티셔츠,여자반팔,오버핏,오버핏반팔}",5,"[{""name"": ""1"", ""items"": [{""name"": ""총장"", ""value"": 74.0, ""recommendSizeRange"": 5}, {""name"": ""어깨너비"", ""value"": 56.0, ""recommendSizeRange"": 5}, {""name"": ""가슴단면"", ""value"": 59.0, ""recommendSizeRange"": 5}, {""name"": ""소매길이"", ""value"": 23.0, ""recommendSizeRange"": 5}]}, {""name"": ""2"", ""items"": [{""name"": ""총장"", ""value"": 76.0, ""recommendSizeRange"": 5}, {""name"": ""어깨너비"", ""value"": 58.0, ""recommendSizeRange"": 5}, {""name"": ""가슴단면"", ""value"": 61.0, ""recommendSizeRange"": 5}, {""name"": ""소매길이"", ""value"": 23.0, ""recommendSizeRange"": 5}]}]","{""questions"": []}",,,2026-08-12 03:47:03.50325+00
4983355,001001,001001,islandproject,아일랜드 프로젝트,Sitting Bear T-shirts - White,P0000BLL,0,공용,1,2025,https://image.msscdn.net/images/goods_img/20250403/4983355/4983355_17802987413984_500.jpg,49000,49000,0,0,0,0,,,,,,,{1},"{화이트^1,화이트^2}","{/images/prd_img/20250403/4983355/detail_4983355_17802987420070_500.jpg,/images/prd_img/20250403/4983355/detail_4983355_17802987421831_500.jpg,/images/prd_img/20250403/4983355/detail_4983355_17802987423286_500.jpg,/images/prd_img/20250403/4983355/detail_4983355_17802987424717_500.jpg}",,5,"[{""name"": ""1"", ""items"": [{""name"": ""총장"", ""value"": 74.0, ""recommendSizeRange"": 5}, {""name"": ""어깨너비"", ""value"": 56.0, ""recommendSizeRange"": 5}, {""name"": ""가슴단면"", ""value"": 59.0, ""recommendSizeRange"": 5}, {""name"": ""소매길이"", ""value"": 23.0, ""recommendSizeRange"": 5}]}, {""name"": ""2"", ""items"": [{""name"": ""총장"", ""value"": 76.0, ""recommendSizeRange"": 5}, {""name"": ""어깨너비"", ""value"": 58.0, ""recommendSizeRange"": 5}, {""name"": ""가슴단면"", ""value"": 61.0, ""recommendSizeRange"": 5}, {""name"": ""소매길이"", ""value"": 23.0, ""recommendSizeRange"": 5}]}]",,,,2026-08-12 03:47:03.50325+00
5025267,001001,001001,islandproject,아일랜드 프로젝트,Mandarin Box Bear T-shirt -White  [감귤박스베어],P0000BVE,0,공용,1,2025,https://image.msscdn.net/images/goods_img/20250414/5025267/5025267_17841853884650_500.jpg,49000,49000,2,100,0,0,,,,,,,{1},"{화이트^1,화이트^2,화이트^0}",,"{그래픽티셔츠,반팔,반팔티,반팔티셔츠,여름반팔티,여름티셔츠,오버핏반팔}",5,"[{""name"": ""0"", ""items"": [{""name"": ""총장"", ""value"": 67.0, ""recommendSizeRange"": 5}, {""name"": ""어깨너비"", ""value"": 51.0, ""recommendSizeRange"": 5}, {""name"": ""가슴단면"", ""value"": 55.0, ""recommendSizeRange"": 5}, {""name"": ""소매길이"", ""value"": 0.0, ""recommendSizeRange"": 5}]}, {""name"": ""1"", ""items"": [{""name"": ""총장"", ""value"": 74.0, ""recommendSizeRange"": 5}, {""name"": ""어깨너비"", ""value"": 56.0, ""recommendSizeRange"": 5}, {""name"": ""가슴단면"", ""value"": 59.0, ""recommendSizeRange"": 5}, {""name"": ""소매길이"", ""value"": 23.0, ""recommendSizeRange"": 5}]}, {""name"": ""2"", ""items"": [{""name"": ""총장"", ""value"": 76.0, ""recommendSizeRange"": 5}, {""name"": ""어깨너비"", ""value"": 58.0, ""recommendSizeRange"": 5}, {""name"": ""가슴단면"", ""value"": 61.0, ""recommendSizeRange"": 5}, {""name"": ""소매길이"", ""value"": 23.0, ""recommendSizeRange"": 5}]}]","{""questions"": []}",,,2026-08-12 03:47:03.50325+00
5025338,001001,001001,islandproject,아일랜드 프로젝트,City Busan Bear T-Shirt - Black [부산 베어],P0000BUU,5025338,공용,1,2025,https://image.msscdn.net/images/goods_img/20250414/5025338/5025338_17802992748406_500.jpg,49000,49000,0,0,0,0,,,,,,,{2},"{1,2}",,"{그래픽티셔츠,반팔,반팔티셔츠,여자반팔,오버핏,오버핏반팔}",5,"[{""name"": ""1"", ""items"": [{""name"": ""총장"", ""value"": 74.0, ""recommendSizeRange"": 5}, {""name"": ""어깨너비"", ""value"": 56.0, ""recommendSizeRange"": 5}, {""name"": ""가슴단면"", ""value"": 59.0, ""recommendSizeRange"": 5}, {""name"": ""소매길이"", ""value"": 23.0, ""recommendSizeRange"": 5}]}, {""name"": ""2"", ""items"": [{""name"": ""총장"", ""value"": 76.0, ""recommendSizeRange"": 5}, {""name"": ""어깨너비"", ""value"": 58.0, ""recommendSizeRange"": 5}, {""name"": ""가슴단면"", ""value"": 61.0, ""recommendSizeRange"": 5}, {""name"": ""소매길이"", ""value"": 23.0, ""recommendSizeRange"": 5}]}]",,,,2026-08-12 03:47:03.50325+00
5025351,001001,001001,islandproject,아일랜드 프로젝트,City Busan Bear T-Shirt -  Navy [부산 베어],P0000BUW,5025338,공용,1,2025,https://image.msscdn.net/images/goods_img/20250414/5025351/5025351_17860066678080_500.jpg,49000,49000,1,100,0,0,,,,,,,{36},"{1,2}",,"{그래픽티셔츠,반팔티,반팔티셔츠,여름반팔티,여름티셔츠,오버핏반팔}",5,"[{""name"": ""1"", ""items"": [{""name"": ""총장"", ""value"": 74.0, ""recommendSizeRange"": 5}, {""name"": ""어깨너비"", ""value"": 56.0, ""recommendSizeRange"": 5}, {""name"": ""가슴단면"", ""value"": 59.0, ""recommendSizeRange"": 5}, {""name"": ""소매길이"", ""value"": 23.0, ""recommendSizeRange"": 5}]}, {""name"": ""2"", ""items"": [{""name"": ""총장"", ""value"": 76.0, ""recommendSizeRange"": 5}, {""name"": ""어깨너비"", ""value"": 58.0, ""recommendSizeRange"": 5}, {""name"": ""가슴단면"", ""value"": 61.0, ""recommendSizeRange"": 5}, {""name"": ""소매길이"", ""value"": 23.0, ""recommendSizeRange"": 5}]}]","{""questions"": []}",,,2026-08-12 03:47:03.50325+00
5025523,001001,001001,islandproject,아일랜드 프로젝트,City Daejeon Bear T-Shirt - White [대전 베어],P0000BUS,5025523,공용,1,2025,https://image.msscdn.net/images/goods_img/20250414/5025523/5025523_17522640746246_500.jpg,49000,49000,2,100,0,0,,,,,,,{1},"{1,2}",{/images/prd_img/20250414/5025523/detail_5025523_17536810669204_500.png},"{그래픽티셔츠,반팔티,여름반팔티,여자반팔,오버핏반팔,티셔츠}",5,"[{""name"": ""1"", ""items"": [{""name"": ""총장"", ""value"": 74.0, ""recommendSizeRange"": 5}, {""name"": ""어깨너비"", ""value"": 56.0, ""recommendSizeRange"": 5}, {""name"": ""가슴단면"", ""value"": 59.0, ""recommendSizeRange"": 5}, {""name"": ""소매길이"", ""value"": 23.0, ""recommendSizeRange"": 5}]}, {""name"": ""2"", ""items"": [{""name"": ""총장"", ""value"": 76.0, ""recommendSizeRange"": 5}, {""name"": ""어깨너비"", ""value"": 58.0, ""recommendSizeRange"": 5}, {""name"": ""가슴단면"", ""value"": 61.0, ""recommendSizeRange"": 5}, {""name"": ""소매길이"", ""value"": 23.0, ""recommendSizeRange"": 5}]}]","{""questions"": []}",,,2026-08-12 03:47:03.50325+00
5025532,001001,001001,islandproject,아일랜드 프로젝트,City Daejeon Bear T-Shirt - Navy [대전 베어],P0000BUT,5025523,공용,1,2025,https://image.msscdn.net/images/goods_img/20250414/5025532/5025532_17522640734255_500.jpg,49000,49000,1,100,0,0,,,,,,,{36},"{1,2}",{/images/prd_img/20250414/5025532/detail_5025532_17536810084698_500.png},"{그래픽티셔츠,반팔,반팔티셔츠,여름티셔츠,여자반팔,오버핏,오버핏반팔}",5,"[{""name"": ""1"", ""items"": [{""name"": ""총장"", ""value"": 74.0, ""recommendSizeRange"": 5}, {""name"": ""어깨너비"", ""value"": 56.0, ""recommendSizeRange"": 5}, {""name"": ""가슴단면"", ""value"": 59.0, ""recommendSizeRange"": 5}, {""name"": ""소매길이"", ""value"": 23.0, ""recommendSizeRange"": 5}]}, {""name"": ""2"", ""items"": [{""name"": ""총장"", ""value"": 76.0, ""recommendSizeRange"": 5}, {""name"": ""어깨너비"", ""value"": 58.0, ""recommendSizeRange"": 5}, {""name"": ""가슴단면"", ""value"": 61.0, ""recommendSizeRange"": 5}, {""name"": ""소매길이"", ""value"": 23.0, ""recommendSizeRange"": 5}]}]","{""questions"": []}",,,2026-08-12 03:47:03.50325+00
5025543,001001,001001,islandproject,아일랜드 프로젝트,City Daejeon Bear T-Shirt - Black [대전 베어],P0000BUR,5025523,공용,1,2025,https://image.msscdn.net/images/goods_img/20250414/5025543/5025543_17802992734178_500.jpg,49000,49000,2,100,0,0,,,,,,,{2},"{1,2}",,"{그래픽티셔츠,반소매,반소매티셔츠,여름반팔티,여자반팔,오버핏반팔}",5,"[{""name"": ""1"", ""items"": [{""name"": ""총장"", ""value"": 74.0, ""recommendSizeRange"": 5}, {""name"": ""어깨너비"", ""value"": 56.0, ""recommendSizeRange"": 5}, {""name"": ""가슴단면"", ""value"": 59.0, ""recommendSizeRange"": 5}, {""name"": ""소매길이"", ""value"": 23.0, ""recommendSizeRange"": 5}]}, {""name"": ""2"", ""items"": [{""name"": ""총장"", ""value"": 76.0, ""recommendSizeRange"": 5}, {""name"": ""어깨너비"", ""value"": 58.0, ""recommendSizeRange"": 5}, {""name"": ""가슴단면"", ""value"": 61.0, ""recommendSizeRange"": 5}, {""name"": ""소매길이"", ""value"": 23.0, ""recommendSizeRange"": 5}]}]","{""questions"": []}",,,2026-08-12 03:47:03.50325+00
5025565,001001,001001,islandproject,아일랜드 프로젝트,City Seoul Bear T-Shirt - White [서울 베어],P0000BUP,5025565,공용,1,2025,https://image.msscdn.net/images/goods_img/20250414/5025565/5025565_17860064975905_500.jpg,49000,49000,1,100,0,0,,,,,,,{1},"{1,2}",,"{그래픽티셔츠,반팔,여름티셔츠,여자반팔,오버핏}",5,"[{""name"": ""1"", ""items"": [{""name"": ""총장"", ""value"": 74.0, ""recommendSizeRange"": 5}, {""name"": ""어깨너비"", ""value"": 56.0, ""recommendSizeRange"": 5}, {""name"": ""가슴단면"", ""value"": 59.0, ""recommendSizeRange"": 5}, {""name"": ""소매길이"", ""value"": 23.0, ""recommendSizeRange"": 5}]}, {""name"": ""2"", ""items"": [{""name"": ""총장"", ""value"": 76.0, ""recommendSizeRange"": 5}, {""name"": ""어깨너비"", ""value"": 58.0, ""recommendSizeRange"": 5}, {""name"": ""가슴단면"", ""value"": 61.0, ""recommendSizeRange"": 5}, {""name"": ""소매길이"", ""value"": 23.0, ""recommendSizeRange"": 5}]}]","{""questions"": []}",,,2026-08-12 03:47:03.50325+00
5027879,001001,001001,islandproject,아일랜드 프로젝트,City Seoul Bear T-Shirt - Navy [서울 베어],P0000BUH,5025565,공용,1,2025,https://image.msscdn.net/images/goods_img/20250415/5027879/5027879_17522640739063_500.jpg,49000,49000,2,100,0,0,,,,,,,{36},"{1,2}",{/images/prd_img/20250415/5027879/detail_5027879_17536836981184_500.png},"{그래픽티셔츠,반팔티,반팔티셔츠,여름반팔티,여름티셔츠,오버핏반팔}",5,"[{""name"": ""1"", ""items"": [{""name"": ""총장"", ""value"": 74.0, ""recommendSizeRange"": 5}, {""name"": ""어깨너비"", ""value"": 56.0, ""recommendSizeRange"": 5}, {""name"": ""가슴단면"", ""value"": 59.0, ""recommendSizeRange"": 5}, {""name"": ""소매길이"", ""value"": 23.0, ""recommendSizeRange"": 5}]}, {""name"": ""2"", ""items"": [{""name"": ""총장"", ""value"": 76.0, ""recommendSizeRange"": 5}, {""name"": ""어깨너비"", ""value"": 58.0, ""recommendSizeRange"": 5}, {""name"": ""가슴단면"", ""value"": 61.0, ""recommendSizeRange"": 5}, {""name"": ""소매길이"", ""value"": 23.0, ""recommendSizeRange"": 5}]}]","{""questions"": []}",,,2026-08-12 03:47:03.50325+00
5027882,001001,001001,islandproject,아일랜드 프로젝트,City Seoul Bear T-Shirt - Black [서울 베어],P0000BUO,5025565,공용,1,2025,https://image.msscdn.net/images/goods_img/20250415/5027882/5027882_17802992739508_500.jpg,49000,49000,0,0,0,0,,,,,,,{2},"{1,2}",,"{그래픽티셔츠,반팔티셔츠,여름티셔츠,여자반팔,오버핏,오버핏반팔}",5,"[{""name"": ""1"", ""items"": [{""name"": ""총장"", ""value"": 74.0, ""recommendSizeRange"": 5}, {""name"": ""어깨너비"", ""value"": 56.0, ""recommendSizeRange"": 5}, {""name"": ""가슴단면"", ""value"": 59.0, ""recommendSizeRange"": 5}, {""name"": ""소매길이"", ""value"": 23.0, ""recommendSizeRange"": 5}]}, {""name"": ""2"", ""items"": [{""name"": ""총장"", ""value"": 76.0, ""recommendSizeRange"": 5}, {""name"": ""어깨너비"", ""value"": 58.0, ""recommendSizeRange"": 5}, {""name"": ""가슴단면"", ""value"": 61.0, ""recommendSizeRange"": 5}, {""name"": ""소매길이"", ""value"": 23.0, ""recommendSizeRange"": 5}]}]",,,,2026-08-12 03:47:03.50325+00
5027890,001001,001001,islandproject,아일랜드 프로젝트,City Busan Classic T-Shirt - Navy [부산],P0000BUM,5027890,공용,1,2025,https://image.msscdn.net/images/goods_img/20250415/5027890/5027890_17802994543919_500.jpg,45000,45000,0,0,0,0,,,,,,,{36},"{1,2}",,,5,"[{""name"": ""1"", ""items"": [{""name"": ""총장"", ""value"": 74.0, ""recommendSizeRange"": 5}, {""name"": ""어깨너비"", ""value"": 56.0, ""recommendSizeRange"": 5}, {""name"": ""가슴단면"", ""value"": 59.0, ""recommendSizeRange"": 5}, {""name"": ""소매길이"", ""value"": 23.0, ""recommendSizeRange"": 5}]}, {""name"": ""2"", ""items"": [{""name"": ""총장"", ""value"": 76.0, ""recommendSizeRange"": 5}, {""name"": ""어깨너비"", ""value"": 58.0, ""recommendSizeRange"": 5}, {""name"": ""가슴단면"", ""value"": 61.0, ""recommendSizeRange"": 5}, {""name"": ""소매길이"", ""value"": 23.0, ""recommendSizeRange"": 5}]}]",,,,2026-08-12 03:47:03.50325+00
5027900,001001,001001,islandproject,아일랜드 프로젝트,City Busan Classic T-Shirt - White [부산],P0000BUN,5027890,공용,1,2025,https://image.msscdn.net/images/goods_img/20250415/5027900/5027900_17860066664111_500.jpg,45000,45000,2,100,0,0,,,,,,,{1},"{1,2}",,,5,"[{""name"": ""1"", ""items"": [{""name"": ""총장"", ""value"": 74.0, ""recommendSizeRange"": 5}, {""name"": ""어깨너비"", ""value"": 56.0, ""recommendSizeRange"": 5}, {""name"": ""가슴단면"", ""value"": 59.0, ""recommendSizeRange"": 5}, {""name"": ""소매길이"", ""value"": 23.0, ""recommendSizeRange"": 5}]}, {""name"": ""2"", ""items"": [{""name"": ""총장"", ""value"": 76.0, ""recommendSizeRange"": 5}, {""name"": ""어깨너비"", ""value"": 58.0, ""recommendSizeRange"": 5}, {""name"": ""가슴단면"", ""value"": 61.0, ""recommendSizeRange"": 5}, {""name"": ""소매길이"", ""value"": 23.0, ""recommendSizeRange"": 5}]}]","{""questions"": []}",,,2026-08-12 03:47:03.50325+00
5027911,001001,001001,islandproject,아일랜드 프로젝트,City Busan Classic T-Shirt - Black [부산],P0000BUL,5027890,공용,1,2025,https://image.msscdn.net/images/goods_img/20250415/5027911/5027911_17802994548982_500.jpg,45000,45000,0,0,0,0,,,,,,,{2},"{1,2}",,,5,"[{""name"": ""1"", ""items"": [{""name"": ""총장"", ""value"": 74.0, ""recommendSizeRange"": 5}, {""name"": ""어깨너비"", ""value"": 56.0, ""recommendSizeRange"": 5}, {""name"": ""가슴단면"", ""value"": 59.0, ""recommendSizeRange"": 5}, {""name"": ""소매길이"", ""value"": 23.0, ""recommendSizeRange"": 5}]}, {""name"": ""2"", ""items"": [{""name"": ""총장"", ""value"": 76.0, ""recommendSizeRange"": 5}, {""name"": ""어깨너비"", ""value"": 58.0, ""recommendSizeRange"": 5}, {""name"": ""가슴단면"", ""value"": 61.0, ""recommendSizeRange"": 5}, {""name"": ""소매길이"", ""value"": 23.0, ""recommendSizeRange"": 5}]}]",,,,2026-08-12 03:47:03.50325+00
5027965,001001,001001,islandproject,아일랜드 프로젝트,City Daejeon Classic T-Shirt - White [대전],P0000BUJ,5027965,공용,1,2025,https://image.msscdn.net/images/goods_img/20250415/5027965/5027965_17802994544458_500.jpg,45000,45000,0,0,0,0,,,,,,,{1},"{1,2}",,,5,"[{""name"": ""1"", ""items"": [{""name"": ""총장"", ""value"": 74.0, ""recommendSizeRange"": 5}, {""name"": ""어깨너비"", ""value"": 56.0, ""recommendSizeRange"": 5}, {""name"": ""가슴단면"", ""value"": 59.0, ""recommendSizeRange"": 5}, {""name"": ""소매길이"", ""value"": 23.0, ""recommendSizeRange"": 5}]}, {""name"": ""2"", ""items"": [{""name"": ""총장"", ""value"": 76.0, ""recommendSizeRange"": 5}, {""name"": ""어깨너비"", ""value"": 58.0, ""recommendSizeRange"": 5}, {""name"": ""가슴단면"", ""value"": 61.0, ""recommendSizeRange"": 5}, {""name"": ""소매길이"", ""value"": 23.0, ""recommendSizeRange"": 5}]}]",,,,2026-08-12 03:47:03.50325+00
5027978,001001,001001,islandproject,아일랜드 프로젝트,City Daejeon Classic T-Shirt - Navy [대전],P0000BUK,5027965,공용,1,2025,https://image.msscdn.net/images/goods_img/20250415/5027978/5027978_17802994553901_500.jpg,45000,45000,0,0,0,0,,,,,,,{36},"{1,2}",,,5,"[{""name"": ""1"", ""items"": [{""name"": ""총장"", ""value"": 74.0, ""recommendSizeRange"": 5}, {""name"": ""어깨너비"", ""value"": 56.0, ""recommendSizeRange"": 5}, {""name"": ""가슴단면"", ""value"": 59.0, ""recommendSizeRange"": 5}, {""name"": ""소매길이"", ""value"": 23.0, ""recommendSizeRange"": 5}]}, {""name"": ""2"", ""items"": [{""name"": ""총장"", ""value"": 76.0, ""recommendSizeRange"": 5}, {""name"": ""어깨너비"", ""value"": 58.0, ""recommendSizeRange"": 5}, {""name"": ""가슴단면"", ""value"": 61.0, ""recommendSizeRange"": 5}, {""name"": ""소매길이"", ""value"": 23.0, ""recommendSizeRange"": 5}]}]",,,,2026-08-12 03:47:03.50325+00
5028000,001001,001001,islandproject,아일랜드 프로젝트,City Daejeon Classic T-Shirt - Black [대전],P0000BUI,5027965,공용,1,2025,https://image.msscdn.net/images/goods_img/20250415/5028000/5028000_17802994544994_500.jpg,45000,45000,0,0,0,0,,,,,,,{2},"{1,2}",,,5,"[{""name"": ""1"", ""items"": [{""name"": ""총장"", ""value"": 74.0, ""recommendSizeRange"": 5}, {""name"": ""어깨너비"", ""value"": 56.0, ""recommendSizeRange"": 5}, {""name"": ""가슴단면"", ""value"": 59.0, ""recommendSizeRange"": 5}, {""name"": ""소매길이"", ""value"": 23.0, ""recommendSizeRange"": 5}]}, {""name"": ""2"", ""items"": [{""name"": ""총장"", ""value"": 76.0, ""recommendSizeRange"": 5}, {""name"": ""어깨너비"", ""value"": 58.0, ""recommendSizeRange"": 5}, {""name"": ""가슴단면"", ""value"": 61.0, ""recommendSizeRange"": 5}, {""name"": ""소매길이"", ""value"": 23.0, ""recommendSizeRange"": 5}]}]",,,,2026-08-12 03:47:03.50325+00
5028021,001001,001001,islandproject,아일랜드 프로젝트,City Seoul Classic T-Shirt - White [서울],P0000BUG,5028021,공용,1,2025,https://image.msscdn.net/images/goods_img/20250415/5028021/5028021_17860064966395_500.jpg,45000,45000,2,100,0,0,,,,,,,{1},"{1,2}",,,5,"[{""name"": ""1"", ""items"": [{""name"": ""총장"", ""value"": 74.0, ""recommendSizeRange"": 5}, {""name"": ""어깨너비"", ""value"": 56.0, ""recommendSizeRange"": 5}, {""name"": ""가슴단면"", ""value"": 59.0, ""recommendSizeRange"": 5}, {""name"": ""소매길이"", ""value"": 23.0, ""recommendSizeRange"": 5}]}, {""name"": ""2"", ""items"": [{""name"": ""총장"", ""value"": 76.0, ""recommendSizeRange"": 5}, {""name"": ""어깨너비"", ""value"": 58.0, ""recommendSizeRange"": 5}, {""name"": ""가슴단면"", ""value"": 61.0, ""recommendSizeRange"": 5}, {""name"": ""소매길이"", ""value"": 23.0, ""recommendSizeRange"": 5}]}]","{""questions"": []}",,,2026-08-12 03:47:03.50325+00
5028028,001001,001001,islandproject,아일랜드 프로젝트,City Seoul Classic T-Shirt - Navy [서울],P0000BUH,5028021,공용,1,2025,https://image.msscdn.net/images/goods_img/20250415/5028028/5028028_17860064970039_500.jpg,45000,45000,0,0,0,0,,,,,,,{36},"{1,2}",,,5,"[{""name"": ""1"", ""items"": [{""name"": ""총장"", ""value"": 74.0, ""recommendSizeRange"": 5}, {""name"": ""어깨너비"", ""value"": 56.0, ""recommendSizeRange"": 5}, {""name"": ""가슴단면"", ""value"": 59.0, ""recommendSizeRange"": 5}, {""name"": ""소매길이"", ""value"": 23.0, ""recommendSizeRange"": 5}]}, {""name"": ""2"", ""items"": [{""name"": ""총장"", ""value"": 76.0, ""recommendSizeRange"": 5}, {""name"": ""어깨너비"", ""value"": 58.0, ""recommendSizeRange"": 5}, {""name"": ""가슴단면"", ""value"": 61.0, ""recommendSizeRange"": 5}, {""name"": ""소매길이"", ""value"": 23.0, ""recommendSizeRange"": 5}]}]",,,,2026-08-12 03:47:03.50325+00
5028034,001001,001001,islandproject,아일랜드 프로젝트,City Seoul Classic T-Shirt - Black [서울],P0000BUF,5028021,공용,1,2025,https://image.msscdn.net/images/goods_img/20250415/5028034/5028034_17700138470399_500.jpg,45000,45000,0,0,0,0,,,,,,,{2},"{1,2}",,,5,"[{""name"": ""1"", ""items"": [{""name"": ""총장"", ""value"": 74.0, ""recommendSizeRange"": 5}, {""name"": ""어깨너비"", ""value"": 56.0, ""recommendSizeRange"": 5}, {""name"": ""가슴단면"", ""value"": 59.0, ""recommendSizeRange"": 5}, {""name"": ""소매길이"", ""value"": 23.0, ""recommendSizeRange"": 5}]}, {""name"": ""2"", ""items"": [{""name"": ""총장"", ""value"": 76.0, ""recommendSizeRange"": 5}, {""name"": ""어깨너비"", ""value"": 58.0, ""recommendSizeRange"": 5}, {""name"": ""가슴단면"", ""value"": 61.0, ""recommendSizeRange"": 5}, {""name"": ""소매길이"", ""value"": 23.0, ""recommendSizeRange"": 5}]}]",,,,2026-08-12 03:47:03.50325+00
5069602,001010,017016002,biltmore,빌트모아,여성 골프웨어 레이어드 라운드 티셔츠,X0SWSH1076,0,여성,1,0000,https://image.msscdn.net/images/goods_img/20250428/5069602/5069602_17800328736443_500.jpg,39000,39000,0,0,0,0,레귤러,부드러움,있음,,얇음,"봄,여름,가을","{1,2}","{블랙^90,블랙^95,블랙^100,블랙^105,화이트^90,화이트^95,화이트^100,화이트^105}","{/images/prd_img/20250428/5069602/detail_5069602_17800328799634_500.jpg,/images/prd_img/20250428/5069602/detail_5069602_17800328805588_500.jpg,/images/prd_img/20250428/5069602/detail_5069602_17800328811335_500.jpg,/images/prd_img/20250428/5069602/detail_5069602_17800328817358_500.jpg,/images/prd_img/20250428/5069602/detail_5069602_17800328823403_500.jpg}","{골프룩,골프웨어,골프티셔츠,긴팔티셔츠,라운딩룩,여성,여성골프웨어}",21,"[{""name"": ""90"", ""items"": [{""name"": ""총장"", ""value"": 58.5, ""recommendSizeRange"": 5}, {""name"": ""어깨너비"", ""value"": 37.5, ""recommendSizeRange"": 5}, {""name"": ""가슴단면"", ""value"": 44.0, ""recommendSizeRange"": 5}, {""name"": ""소매길이"", ""value"": 58.0, ""recommendSizeRange"": 5}]}, {""name"": ""95"", ""items"": [{""name"": ""총장"", ""value"": 60.0, ""recommendSizeRange"": 5}, {""name"": ""어깨너비"", ""value"": 39.0, ""recommendSizeRange"": 5}, {""name"": ""가슴단면"", ""value"": 46.5, ""recommendSizeRange"": 5}, {""name"": ""소매길이"", ""value"": 59.0, ""recommendSizeRange"": 5}]}, {""name"": ""100"", ""items"": [{""name"": ""총장"", ""value"": 61.5, ""recommendSizeRange"": 5}, {""name"": ""어깨너비"", ""value"": 40.5, ""recommendSizeRange"": 5}, {""name"": ""가슴단면"", ""value"": 49.0, ""recommendSizeRange"": 5}, {""name"": ""소매길이"", ""value"": 60.0, ""recommendSizeRange"": 5}]}, {""name"": ""105"", ""items"": [{""name"": ""총장"", ""value"": 63.0, ""recommendSizeRange"": 5}, {""name"": ""어깨너비"", ""value"": 42.0, ""recommendSizeRange"": 5}, {""name"": ""가슴단면"", ""value"": 51.5, ""recommendSizeRange"": 5}, {""name"": ""소매길이"", ""value"": 61.0, ""recommendSizeRange"": 5}]}]",,,,2026-08-12 03:47:03.50325+00
5129265,001001,001001,projectm,프로젝트엠,여성) 라글란 소로나 그래픽 반팔티_EPF2TR2951,EPF2TR2951,0,공용,1,0000,https://image.msscdn.net/images/goods_img/20250520/5129265/5129265_17477035340757_500.jpg,59900,7110,7,98,67,563,,,,,,,{81},"{CBR^85,CBR^90,CBR^95,CPK^85,CPK^90,CPK^95,NV^85,NV^90,WBK^85,WBK^90,WBK^95,WT^85}","{/images/prd_img/20250520/5129265/detail_5129265_17477035354117_500.jpg,/images/prd_img/20250520/5129265/detail_5129265_17477035358510_500.jpg,/images/prd_img/20250520/5129265/detail_5129265_17477035360675_500.jpg,/images/prd_img/20250520/5129265/detail_5129265_17477035364103_500.jpg,/images/prd_img/20250520/5129265/detail_5129265_17477035368450_500.jpg}",,,,"{""questions"": []}",,,2026-08-12 03:47:03.50325+00
5138523,001001,017016005,biltmore,빌트모아,남성 골프 하이넥 등판 타공 반팔 티셔츠,B0RMSH1025,0,남성,1,0000,https://image.msscdn.net/images/goods_img/20250522/5138523/5138523_17521366459392_500.jpg,29000,29000,0,0,0,0,레귤러,부드러움,있음,없음,얇음,여름,"{30,5}","{카키^95,카키^100,카키^105,카키^110,베이지^95,베이지^100,베이지^105,베이지^110}","{/images/prd_img/20250522/5138523/detail_5138523_17521366524857_500.jpg,/images/prd_img/20250522/5138523/detail_5138523_17521366532738_500.jpg,/images/prd_img/20250522/5138523/detail_5138523_17521366541524_500.jpg,/images/prd_img/20250522/5138523/detail_5138523_17521366550484_500.jpg,/images/prd_img/20250522/5138523/detail_5138523_17521366559855_500.jpg,/images/prd_img/20250522/5138523/detail_5138523_17521366568620_500.jpg}","{골프,골프웨어,골프티셔츠,남성골프웨어,냉감,냉감티셔츠,쿨아이템}",5,"[{""name"": ""95"", ""items"": [{""name"": ""총장"", ""value"": 65.0, ""recommendSizeRange"": 5}, {""name"": ""어깨너비"", ""value"": 43.0, ""recommendSizeRange"": 5}, {""name"": ""가슴단면"", ""value"": 50.0, ""recommendSizeRange"": 5}, {""name"": ""소매길이"", ""value"": 21.0, ""recommendSizeRange"": 5}]}, {""name"": ""100"", ""items"": [{""name"": ""총장"", ""value"": 67.0, ""recommendSizeRange"": 5}, {""name"": ""어깨너비"", ""value"": 45.0, ""recommendSizeRange"": 5}, {""name"": ""가슴단면"", ""value"": 52.5, ""recommendSizeRange"": 5}, {""name"": ""소매길이"", ""value"": 22.0, ""recommendSizeRange"": 5}]}, {""name"": ""105"", ""items"": [{""name"": ""총장"", ""value"": 69.0, ""recommendSizeRange"": 5}, {""name"": ""어깨너비"", ""value"": 47.0, ""recommendSizeRange"": 5}, {""name"": ""가슴단면"", ""value"": 55.0, ""recommendSizeRange"": 5}, {""name"": ""소매길이"", ""value"": 23.0, ""recommendSizeRange"": 5}]}, {""name"": ""110"", ""items"": [{""name"": ""총장"", ""value"": 71.0, ""recommendSizeRange"": 5}, {""name"": ""어깨너비"", ""value"": 49.0, ""recommendSizeRange"": 5}, {""name"": ""가슴단면"", ""value"": 57.5, ""recommendSizeRange"": 5}, {""name"": ""소매길이"", ""value"": 24.0, ""recommendSizeRange"": 5}]}]",,,,2026-08-12 03:47:03.50325+00
5143730,001001,017016005,biltmore,빌트모아,빌트모아 남성 우븐 반팔 트레이닝 티셔츠 B0RMTR6005,B0RMTR6005,0,남성,1,0000,https://image.msscdn.net/images/goods_img/20250523/5143730/5143730_17521971408586_500.jpg,35000,35000,1,100,0,0,오버|사이즈,부드러움,있음,없음,얇음,여름,"{2,25,30,5}","{블랙^95,블랙^100,블랙^105,블랙^110,다크그레이^95,다크그레이^100,다크그레이^105,다크그레이^110,카키^95,카키^100,카키^105,카키^110,베이지^95,베이지^100,베이지^105,베이지^110}","{/images/prd_img/20250523/5143730/detail_5143730_17521968269412_500.jpg,/images/prd_img/20250523/5143730/detail_5143730_17521968276177_500.jpg,/images/prd_img/20250523/5143730/detail_5143730_17521968284078_500.jpg,/images/prd_img/20250523/5143730/detail_5143730_17521968291898_500.jpg,/images/prd_img/20250523/5143730/detail_5143730_17521971475095_500.jpg,/images/prd_img/20250523/5143730/detail_5143730_17521971484050_500.jpg,/images/prd_img/20250523/5143730/detail_5143730_17521971494024_500.jpg,/images/prd_img/20250523/5143730/detail_5143730_17521971502577_500.jpg,/images/prd_img/20250523/5143730/detail_5143730_17521971511927_500.jpg,/images/prd_img/20250523/5143730/detail_5143730_17521971521374_500.jpg,/images/prd_img/20250523/5143730/detail_5143730_17521971531306_500.jpg,/images/prd_img/20250523/5143730/detail_5143730_17521971538769_500.jpg}","{골프,골프웨어,골프티셔츠,나일론,남성골프웨어,라운드티셔츠,캠핑룩}",5,"[{""name"": ""95"", ""items"": [{""name"": ""총장"", ""value"": 67.0, ""recommendSizeRange"": 5}, {""name"": ""어깨너비"", ""value"": 46.0, ""recommendSizeRange"": 5}, {""name"": ""가슴단면"", ""value"": 54.0, ""recommendSizeRange"": 5}, {""name"": ""소매길이"", ""value"": 21.0, ""recommendSizeRange"": 5}]}, {""name"": ""100"", ""items"": [{""name"": ""총장"", ""value"": 68.5, ""recommendSizeRange"": 5}, {""name"": ""어깨너비"", ""value"": 48.0, ""recommendSizeRange"": 5}, {""name"": ""가슴단면"", ""value"": 56.5, ""recommendSizeRange"": 5}, {""name"": ""소매길이"", ""value"": 23.0, ""recommendSizeRange"": 5}]}, {""name"": ""105"", ""items"": [{""name"": ""총장"", ""value"": 70.0, ""recommendSizeRange"": 5}, {""name"": ""어깨너비"", ""value"": 50.0, ""recommendSizeRange"": 5}, {""name"": ""가슴단면"", ""value"": 59.0, ""recommendSizeRange"": 5}, {""name"": ""소매길이"", ""value"": 25.0, ""recommendSizeRange"": 5}]}, {""name"": ""110"", ""items"": [{""name"": ""총장"", ""value"": 71.5, ""recommendSizeRange"": 5}, {""name"": ""어깨너비"", ""value"": 52.0, ""recommendSizeRange"": 5}, {""name"": ""가슴단면"", ""value"": 61.5, ""recommendSizeRange"": 5}, {""name"": ""소매길이"", ""value"": 27.0, ""recommendSizeRange"": 5}]}]","{""questions"": []}",,,2026-08-12 03:47:03.50325+00
5152524,001001,017016005,muscolo,머스콜로,[챌린지] 에어스판메쉬 반팔 티셔츠 라이트그레이,P00000KD,0,남성,1,2025,https://image.msscdn.net/images/goods_img/20250528/5152524/5152524_17856622639654_500.jpg,38000,38000,4,90,0,0,,,,,,,{3},"{1,2,3}","{/images/prd_img/20250528/5152524/detail_5152524_17856622645979_500.jpg,/images/prd_img/20250528/5152524/detail_5152524_17856622647342_500.jpg,/images/prd_img/20250528/5152524/detail_5152524_17856622648841_500.jpg,/images/prd_img/20250528/5152524/detail_5152524_17856622650163_500.jpg,/images/prd_img/20250528/5152524/detail_5152524_17856622651441_500.jpg}",,5,"[{""name"": ""1"", ""items"": [{""name"": ""총장"", ""value"": 75.0, ""recommendSizeRange"": 5}, {""name"": ""어깨너비"", ""value"": 62.0, ""recommendSizeRange"": 5}, {""name"": ""가슴단면"", ""value"": 63.0, ""recommendSizeRange"": 5}, {""name"": ""소매길이"", ""value"": 26.0, ""recommendSizeRange"": 5}]}, {""name"": ""2"", ""items"": [{""name"": ""총장"", ""value"": 80.0, ""recommendSizeRange"": 5}, {""name"": ""어깨너비"", ""value"": 68.0, ""recommendSizeRange"": 5}, {""name"": ""가슴단면"", ""value"": 69.0, ""recommendSizeRange"": 5}, {""name"": ""소매길이"", ""value"": 27.0, ""recommendSizeRange"": 5}]}, {""name"": ""3"", ""items"": [{""name"": ""총장"", ""value"": 70.0, ""recommendSizeRange"": 5}, {""name"": ""어깨너비"", ""value"": 71.0, ""recommendSizeRange"": 5}, {""name"": ""가슴단면"", ""value"": 71.0, ""recommendSizeRange"": 5}, {""name"": ""소매길이"", ""value"": 28.0, ""recommendSizeRange"": 5}]}]","{""questions"": []}",,,2026-08-12 03:47:03.50325+00
5152564,001001,017016005,muscolo,머스콜로,[챌린지] 에어스판메쉬 반팔 티셔츠 화이트,P00000KC,0,남성,1,2025,https://image.msscdn.net/images/goods_img/20250528/5152564/5152564_17856622522024_500.jpg,38000,38000,2,90,0,0,,,,,,,{1},"{1,2,3}","{/images/prd_img/20250528/5152564/detail_5152564_17856622528396_500.jpg,/images/prd_img/20250528/5152564/detail_5152564_17856622529789_500.jpg,/images/prd_img/20250528/5152564/detail_5152564_17856622531405_500.jpg,/images/prd_img/20250528/5152564/detail_5152564_17856622532842_500.jpg,/images/prd_img/20250528/5152564/detail_5152564_17856622534254_500.jpg}",,5,"[{""name"": ""1"", ""items"": [{""name"": ""총장"", ""value"": 75.0, ""recommendSizeRange"": 5}, {""name"": ""어깨너비"", ""value"": 62.0, ""recommendSizeRange"": 5}, {""name"": ""가슴단면"", ""value"": 63.0, ""recommendSizeRange"": 5}, {""name"": ""소매길이"", ""value"": 26.0, ""recommendSizeRange"": 5}]}, {""name"": ""2"", ""items"": [{""name"": ""총장"", ""value"": 80.0, ""recommendSizeRange"": 5}, {""name"": ""어깨너비"", ""value"": 68.0, ""recommendSizeRange"": 5}, {""name"": ""가슴단면"", ""value"": 69.0, ""recommendSizeRange"": 5}, {""name"": ""소매길이"", ""value"": 27.0, ""recommendSizeRange"": 5}]}, {""name"": ""3"", ""items"": [{""name"": ""총장"", ""value"": 84.0, ""recommendSizeRange"": 5}, {""name"": ""어깨너비"", ""value"": 70.0, ""recommendSizeRange"": 5}, {""name"": ""가슴단면"", ""value"": 71.0, ""recommendSizeRange"": 5}, {""name"": ""소매길이"", ""value"": 28.0, ""recommendSizeRange"": 5}]}]","{""questions"": []}",,,2026-08-12 03:47:03.50325+00
5153170,001001,017016005,muscolo,머스콜로,[MSCL 서클 로고] 에어쿨링 기능성 오버핏 반팔 티셔츠 화이트,P00000JM,0,남성,2,2025,https://image.msscdn.net/images/goods_img/20250528/5153170/5153170_17727723467474_500.png,37000,37000,0,0,0,0,,,,,,,{1},"{1,2}","{/images/prd_img/20250528/5153170/detail_5153170_17727723474335_500.png,/images/prd_img/20250528/5153170/detail_5153170_17727723476467_500.png,/images/prd_img/20250528/5153170/detail_5153170_17727723477914_500.png,/images/prd_img/20250528/5153170/detail_5153170_17727723479398_500.png,/images/prd_img/20250528/5153170/detail_5153170_17727723482149_500.png}",{쿨아이템},5,"[{""name"": ""1"", ""items"": [{""name"": ""총장"", ""value"": 75.0, ""recommendSizeRange"": 5}, {""name"": ""어깨너비"", ""value"": 61.5, ""recommendSizeRange"": 5}, {""name"": ""가슴단면"", ""value"": 61.5, ""recommendSizeRange"": 5}, {""name"": ""소매길이"", ""value"": 25.5, ""recommendSizeRange"": 5}]}, {""name"": ""2"", ""items"": [{""name"": ""총장"", ""value"": 67.5, ""recommendSizeRange"": 5}, {""name"": ""어깨너비"", ""value"": 67.5, ""recommendSizeRange"": 5}, {""name"": ""가슴단면"", ""value"": 68.5, ""recommendSizeRange"": 5}, {""name"": ""소매길이"", ""value"": 27.0, ""recommendSizeRange"": 5}]}]",,,,2026-08-12 03:47:03.50325+00
5153415,001001,017016005,muscolo,머스콜로,[SH월계수 타이거 풀문] 에어쿨링 반팔 티셔츠 화이트 블루,P00000FM,0,남성,2,2025,https://image.msscdn.net/images/goods_img/20250528/5153415/5153415_17856622543671_500.jpg,38000,38000,0,0,0,0,,,,,,,{1},"{1,2,3}","{/images/prd_img/20250528/5153415/detail_5153415_17856622549791_500.jpg,/images/prd_img/20250528/5153415/detail_5153415_17856622551235_500.jpg,/images/prd_img/20250528/5153415/detail_5153415_17856622552804_500.jpg,/images/prd_img/20250528/5153415/detail_5153415_17856622554360_500.jpg,/images/prd_img/20250528/5153415/detail_5153415_17856622555780_500.jpg}",{쿨아이템},5,"[{""name"": ""1"", ""items"": [{""name"": ""총장"", ""value"": 75.0, ""recommendSizeRange"": 5}, {""name"": ""어깨너비"", ""value"": 62.0, ""recommendSizeRange"": 5}, {""name"": ""가슴단면"", ""value"": 63.0, ""recommendSizeRange"": 5}, {""name"": ""소매길이"", ""value"": 26.0, ""recommendSizeRange"": 5}]}, {""name"": ""2"", ""items"": [{""name"": ""총장"", ""value"": 80.0, ""recommendSizeRange"": 5}, {""name"": ""어깨너비"", ""value"": 67.0, ""recommendSizeRange"": 5}, {""name"": ""가슴단면"", ""value"": 68.0, ""recommendSizeRange"": 5}, {""name"": ""소매길이"", ""value"": 27.0, ""recommendSizeRange"": 5}]}, {""name"": ""3"", ""items"": [{""name"": ""총장"", ""value"": 0.0, ""recommendSizeRange"": 5}, {""name"": ""어깨너비"", ""value"": 0.0, ""recommendSizeRange"": 5}, {""name"": ""가슴단면"", ""value"": 0.0, ""recommendSizeRange"": 5}, {""name"": ""소매길이"", ""value"": 0.0, ""recommendSizeRange"": 5}]}]",,,,2026-08-12 03:47:03.50325+00
5156486,001001,017016005,muscolo,머스콜로,[크랙 로고] 에어쿨링 기능성 오버핏 반팔 티셔츠 화이트,P00000FG,0,남성,2,2025,https://image.msscdn.net/images/goods_img/20250529/5156486/5156486_17727727095280_500.png,36000,36000,0,0,0,0,,,,,,,{1},"{1,2}","{/images/prd_img/20250529/5156486/detail_5156486_17727727101832_500.png,/images/prd_img/20250529/5156486/detail_5156486_17727727103448_500.png,/images/prd_img/20250529/5156486/detail_5156486_17727727105146_500.png,/images/prd_img/20250529/5156486/detail_5156486_17727727106878_500.png,/images/prd_img/20250529/5156486/detail_5156486_17727727109960_500.png}",{쿨아이템},5,"[{""name"": ""1"", ""items"": [{""name"": ""총장"", ""value"": 75.0, ""recommendSizeRange"": 5}, {""name"": ""어깨너비"", ""value"": 61.5, ""recommendSizeRange"": 5}, {""name"": ""가슴단면"", ""value"": 61.5, ""recommendSizeRange"": 5}, {""name"": ""소매길이"", ""value"": 25.5, ""recommendSizeRange"": 5}]}, {""name"": ""2"", ""items"": [{""name"": ""총장"", ""value"": 80.0, ""recommendSizeRange"": 5}, {""name"": ""어깨너비"", ""value"": 67.5, ""recommendSizeRange"": 5}, {""name"": ""가슴단면"", ""value"": 68.5, ""recommendSizeRange"": 5}, {""name"": ""소매길이"", ""value"": 27.0, ""recommendSizeRange"": 5}]}]",,,,2026-08-12 03:47:03.50325+00
5156709,001001,017016005,muscolo,머스콜로,[베이직] 에어쿨링 기능성 오버핏 반팔 티셔츠 블랙,P00000FD,0,남성,2,2025,https://image.msscdn.net/images/goods_img/20250529/5156709/5156709_17727731708278_500.png,28000,28000,0,0,0,0,,,,,,,{2},"{1,2}","{/images/prd_img/20250529/5156709/detail_5156709_17727731713970_500.png,/images/prd_img/20250529/5156709/detail_5156709_17727731715341_500.png,/images/prd_img/20250529/5156709/detail_5156709_17727731717354_500.png,/images/prd_img/20250529/5156709/detail_5156709_17727731718942_500.png,/images/prd_img/20250529/5156709/detail_5156709_17727731720787_500.png}",{쿨아이템},5,"[{""name"": ""1"", ""items"": [{""name"": ""총장"", ""value"": 75.0, ""recommendSizeRange"": 5}, {""name"": ""어깨너비"", ""value"": 61.5, ""recommendSizeRange"": 5}, {""name"": ""가슴단면"", ""value"": 61.5, ""recommendSizeRange"": 5}, {""name"": ""소매길이"", ""value"": 25.5, ""recommendSizeRange"": 5}]}, {""name"": ""2"", ""items"": [{""name"": ""총장"", ""value"": 80.0, ""recommendSizeRange"": 5}, {""name"": ""어깨너비"", ""value"": 67.5, ""recommendSizeRange"": 5}, {""name"": ""가슴단면"", ""value"": 68.5, ""recommendSizeRange"": 5}, {""name"": ""소매길이"", ""value"": 27.0, ""recommendSizeRange"": 5}]}]",,,,2026-08-12 03:47:03.50325+00
5156748,001001,017016005,muscolo,머스콜로,[MGW 퀵드라이] 에어쿨링 반팔 티셔츠 화이트 블랙,P00000FB,0,남성,2,2025,https://image.msscdn.net/images/goods_img/20250529/5156748/5156748_17820607312106_500.png,36000,36000,1,100,0,0,,,,,,,{1},"{1,2}","{/images/prd_img/20250529/5156748/detail_5156748_17820607319265_500.png,/images/prd_img/20250529/5156748/detail_5156748_17820607320552_500.png,/images/prd_img/20250529/5156748/detail_5156748_17820607321938_500.png,/images/prd_img/20250529/5156748/detail_5156748_17820607323298_500.png,/images/prd_img/20250529/5156748/detail_5156748_17820607324840_500.png}",{쿨아이템},5,"[{""name"": ""1"", ""items"": [{""name"": ""총장"", ""value"": 75.0, ""recommendSizeRange"": 5}, {""name"": ""어깨너비"", ""value"": 61.5, ""recommendSizeRange"": 5}, {""name"": ""가슴단면"", ""value"": 61.5, ""recommendSizeRange"": 5}, {""name"": ""소매길이"", ""value"": 25.5, ""recommendSizeRange"": 5}]}, {""name"": ""2"", ""items"": [{""name"": ""총장"", ""value"": 80.0, ""recommendSizeRange"": 5}, {""name"": ""어깨너비"", ""value"": 67.5, ""recommendSizeRange"": 5}, {""name"": ""가슴단면"", ""value"": 68.5, ""recommendSizeRange"": 5}, {""name"": ""소매길이"", ""value"": 27.0, ""recommendSizeRange"": 5}]}]","{""questions"": []}",,,2026-08-12 03:47:03.50325+00
5157200,001001,017016005,muscolo,머스콜로,[머슬맨] 에어쿨링 반팔 티셔츠 화이트 핑크,P00000EH,0,남성,2,2025,https://image.msscdn.net/images/goods_img/20250529/5157200/5157200_17836615767359_500.png,36000,36000,0,0,0,0,,,,,,,{1},"{1,2,3}","{/images/prd_img/20250529/5157200/detail_5157200_17836615773338_500.png,/images/prd_img/20250529/5157200/detail_5157200_17836615774802_500.png,/images/prd_img/20250529/5157200/detail_5157200_17836615776170_500.png,/images/prd_img/20250529/5157200/detail_5157200_17836615777525_500.png,/images/prd_img/20250529/5157200/detail_5157200_17836615779103_500.png}",{쿨아이템},5,"[{""name"": ""1"", ""items"": [{""name"": ""총장"", ""value"": 75.0, ""recommendSizeRange"": 5}, {""name"": ""어깨너비"", ""value"": 61.5, ""recommendSizeRange"": 5}, {""name"": ""가슴단면"", ""value"": 61.5, ""recommendSizeRange"": 5}, {""name"": ""소매길이"", ""value"": 25.5, ""recommendSizeRange"": 5}]}, {""name"": ""2"", ""items"": [{""name"": ""총장"", ""value"": 80.0, ""recommendSizeRange"": 5}, {""name"": ""어깨너비"", ""value"": 67.5, ""recommendSizeRange"": 5}, {""name"": ""가슴단면"", ""value"": 68.5, ""recommendSizeRange"": 5}, {""name"": ""소매길이"", ""value"": 27.0, ""recommendSizeRange"": 5}]}, {""name"": ""3"", ""items"": [{""name"": ""총장"", ""value"": 0.0, ""recommendSizeRange"": 5}, {""name"": ""어깨너비"", ""value"": 0.0, ""recommendSizeRange"": 5}, {""name"": ""가슴단면"", ""value"": 0.0, ""recommendSizeRange"": 5}, {""name"": ""소매길이"", ""value"": 0.0, ""recommendSizeRange"": 5}]}]",,,,2026-08-12 03:47:03.50325+00
5157209,001001,017016005,muscolo,머스콜로,[머슬맨] 에어쿨링 반팔 티셔츠 화이트 블루,P00000EG,0,남성,2,2025,https://image.msscdn.net/images/goods_img/20250529/5157209/5157209_17836615748366_500.png,36000,36000,0,0,0,0,,,,,,,{1},"{1,2,3}","{/images/prd_img/20250529/5157209/detail_5157209_17836615754425_500.png,/images/prd_img/20250529/5157209/detail_5157209_17836615756019_500.png,/images/prd_img/20250529/5157209/detail_5157209_17836615757427_500.png,/images/prd_img/20250529/5157209/detail_5157209_17836615758848_500.png,/images/prd_img/20250529/5157209/detail_5157209_17836615760302_500.png}",{쿨아이템},5,"[{""name"": ""1"", ""items"": [{""name"": ""총장"", ""value"": 75.0, ""recommendSizeRange"": 5}, {""name"": ""어깨너비"", ""value"": 61.5, ""recommendSizeRange"": 5}, {""name"": ""가슴단면"", ""value"": 61.5, ""recommendSizeRange"": 5}, {""name"": ""소매길이"", ""value"": 25.5, ""recommendSizeRange"": 5}]}, {""name"": ""2"", ""items"": [{""name"": ""총장"", ""value"": 80.0, ""recommendSizeRange"": 5}, {""name"": ""어깨너비"", ""value"": 67.5, ""recommendSizeRange"": 5}, {""name"": ""가슴단면"", ""value"": 68.5, ""recommendSizeRange"": 5}, {""name"": ""소매길이"", ""value"": 27.0, ""recommendSizeRange"": 5}]}, {""name"": ""3"", ""items"": [{""name"": ""총장"", ""value"": 0.0, ""recommendSizeRange"": 5}, {""name"": ""어깨너비"", ""value"": 0.0, ""recommendSizeRange"": 5}, {""name"": ""가슴단면"", ""value"": 0.0, ""recommendSizeRange"": 5}, {""name"": ""소매길이"", ""value"": 0.0, ""recommendSizeRange"": 5}]}]",,,,2026-08-12 03:47:03.50325+00
5157250,001001,017016005,muscolo,머스콜로,[에어쿨링] 기능성 오버핏 반팔 티셔츠 화이트 레드,P00000ED,0,남성,2,2025,https://image.msscdn.net/images/goods_img/20250529/5157250/5157250_17727719834734_500.png,36000,36000,1,80,0,0,,,,,,,{1},"{1,2}","{/images/prd_img/20250529/5157250/detail_5157250_17727719840561_500.png,/images/prd_img/20250529/5157250/detail_5157250_17727719842114_500.png,/images/prd_img/20250529/5157250/detail_5157250_17727719843534_500.png,/images/prd_img/20250529/5157250/detail_5157250_17727719845918_500.png}",{쿨아이템},5,"[{""name"": ""1"", ""items"": [{""name"": ""총장"", ""value"": 75.0, ""recommendSizeRange"": 5}, {""name"": ""어깨너비"", ""value"": 61.5, ""recommendSizeRange"": 5}, {""name"": ""가슴단면"", ""value"": 61.5, ""recommendSizeRange"": 5}, {""name"": ""소매길이"", ""value"": 25.5, ""recommendSizeRange"": 5}]}, {""name"": ""2"", ""items"": [{""name"": ""총장"", ""value"": 80.0, ""recommendSizeRange"": 5}, {""name"": ""어깨너비"", ""value"": 67.5, ""recommendSizeRange"": 5}, {""name"": ""가슴단면"", ""value"": 68.5, ""recommendSizeRange"": 5}, {""name"": ""소매길이"", ""value"": 27.0, ""recommendSizeRange"": 5}]}]","{""questions"": []}",,,2026-08-12 03:47:03.50325+00
5157276,001001,017016005,muscolo,머스콜로,[에어쿨링] 기능성 오버핏 반팔 티셔츠 블랙 그린,P00000EB,0,남성,2,2025,https://image.msscdn.net/images/goods_img/20250529/5157276/5157276_17727718024023_500.png,36000,36000,0,0,0,0,,,,,,,{2},"{1,2}","{/images/prd_img/20250529/5157276/detail_5157276_17727718030297_500.png,/images/prd_img/20250529/5157276/detail_5157276_17727718032068_500.png,/images/prd_img/20250529/5157276/detail_5157276_17727718033994_500.png,/images/prd_img/20250529/5157276/detail_5157276_17727718035805_500.png}",{쿨아이템},5,"[{""name"": ""1"", ""items"": [{""name"": ""총장"", ""value"": 75.0, ""recommendSizeRange"": 5}, {""name"": ""어깨너비"", ""value"": 61.5, ""recommendSizeRange"": 5}, {""name"": ""가슴단면"", ""value"": 61.5, ""recommendSizeRange"": 5}, {""name"": ""소매길이"", ""value"": 25.5, ""recommendSizeRange"": 5}]}, {""name"": ""2"", ""items"": [{""name"": ""총장"", ""value"": 80.0, ""recommendSizeRange"": 5}, {""name"": ""어깨너비"", ""value"": 67.5, ""recommendSizeRange"": 5}, {""name"": ""가슴단면"", ""value"": 68.5, ""recommendSizeRange"": 5}, {""name"": ""소매길이"", ""value"": 27.0, ""recommendSizeRange"": 5}]}]",,,,2026-08-12 03:47:03.50325+00
5157447,001001,017016005,muscolo,머스콜로,[에어쿨링] 기능성 오버핏 반팔 티셔츠 블랙 오렌지,P00000DY,0,남성,2,2025,https://image.msscdn.net/images/goods_img/20250529/5157447/5157447_17727714402631_500.png,36000,36000,0,0,0,0,,,,,,,{25},"{1,2}","{/images/prd_img/20250529/5157447/detail_5157447_17727714408764_500.png,/images/prd_img/20250529/5157447/detail_5157447_17727714410483_500.png,/images/prd_img/20250529/5157447/detail_5157447_17727714412333_500.png,/images/prd_img/20250529/5157447/detail_5157447_17727714414682_500.png,/images/prd_img/20250529/5157447/detail_5157447_17727714417147_500.png}",{쿨아이템},5,"[{""name"": ""1"", ""items"": [{""name"": ""총장"", ""value"": 75.0, ""recommendSizeRange"": 5}, {""name"": ""어깨너비"", ""value"": 61.5, ""recommendSizeRange"": 5}, {""name"": ""가슴단면"", ""value"": 61.5, ""recommendSizeRange"": 5}, {""name"": ""소매길이"", ""value"": 25.5, ""recommendSizeRange"": 5}]}, {""name"": ""2"", ""items"": [{""name"": ""총장"", ""value"": 80.0, ""recommendSizeRange"": 5}, {""name"": ""어깨너비"", ""value"": 67.5, ""recommendSizeRange"": 5}, {""name"": ""가슴단면"", ""value"": 68.5, ""recommendSizeRange"": 5}, {""name"": ""소매길이"", ""value"": 27.0, ""recommendSizeRange"": 5}]}]",,,,2026-08-12 03:47:03.50325+00
5160017,001004,017016007,muscolo,머스콜로,빈티지 웜 코튼 후드 - 시멘트,P00000HW,0,남성,1,2025,https://image.msscdn.net/images/goods_img/20250530/5160017/5160017_17820607264706_500.jpg,62000,62000,1,100,0,0,,,,,,,{24},"{1,2}","{/images/prd_img/20250530/5160017/detail_5160017_17820607270877_500.jpg,/images/prd_img/20250530/5160017/detail_5160017_17820607272261_500.jpg,/images/prd_img/20250530/5160017/detail_5160017_17820607273673_500.jpg,/images/prd_img/20250530/5160017/detail_5160017_17820607275079_500.jpg}",,21,"[{""name"": ""1"", ""items"": [{""name"": ""총장"", ""value"": 78.0, ""recommendSizeRange"": 5}, {""name"": ""어깨너비"", ""value"": 67.5, ""recommendSizeRange"": 5}, {""name"": ""가슴단면"", ""value"": 69.0, ""recommendSizeRange"": 5}, {""name"": ""소매길이"", ""value"": 66.0, ""recommendSizeRange"": 5}]}, {""name"": ""2"", ""items"": [{""name"": ""총장"", ""value"": 84.0, ""recommendSizeRange"": 5}, {""name"": ""어깨너비"", ""value"": 72.0, ""recommendSizeRange"": 5}, {""name"": ""가슴단면"", ""value"": 73.0, ""recommendSizeRange"": 5}, {""name"": ""소매길이"", ""value"": 74.5, ""recommendSizeRange"": 5}]}]","{""questions"": []}",,,2026-08-12 03:47:03.50325+00
5220049,001001,001001,islandproject,아일랜드 프로젝트,City Daegu Bear T-Shirt - Navy [대구베어],P0000BVZ,0,공용,1,2025,https://image.msscdn.net/images/goods_img/20250702/5220049/5220049_17802987421199_500.png,49000,49000,0,0,0,0,,,,,,,{36},"{1,2}","{/images/prd_img/20250702/5220049/detail_5220049_17802987427606_500.png,/images/prd_img/20250702/5220049/detail_5220049_17802987429035_500.jpg}","{반소매,반팔티셔츠,여름티셔츠,여자반팔,오버핏,오버핏반팔}",5,"[{""name"": ""1"", ""items"": [{""name"": ""총장"", ""value"": 74.0, ""recommendSizeRange"": 5}, {""name"": ""어깨너비"", ""value"": 56.0, ""recommendSizeRange"": 5}, {""name"": ""가슴단면"", ""value"": 59.0, ""recommendSizeRange"": 5}, {""name"": ""소매길이"", ""value"": 23.0, ""recommendSizeRange"": 5}]}, {""name"": ""2"", ""items"": [{""name"": ""총장"", ""value"": 76.0, ""recommendSizeRange"": 5}, {""name"": ""어깨너비"", ""value"": 58.0, ""recommendSizeRange"": 5}, {""name"": ""가슴단면"", ""value"": 61.0, ""recommendSizeRange"": 5}, {""name"": ""소매길이"", ""value"": 23.0, ""recommendSizeRange"": 5}]}]",,,,2026-08-12 03:47:03.50325+00
5220052,001001,001001,islandproject,아일랜드 프로젝트,City Daegu Bear T-Shirt - White [대구베어],P0000BVY,0,공용,1,2025,https://image.msscdn.net/images/goods_img/20250702/5220052/5220052_17522640756028_500.png,49000,49000,0,0,0,0,,,,,,,{1},"{1,2}",{/images/prd_img/20250702/5220052/detail_5220052_17536799870853_500.png},"{그래픽티셔츠,반팔티,반팔티셔츠,여름반팔티,여자반팔,오버핏반팔}",5,"[{""name"": ""1"", ""items"": [{""name"": ""총장"", ""value"": 74.0, ""recommendSizeRange"": 5}, {""name"": ""어깨너비"", ""value"": 56.0, ""recommendSizeRange"": 5}, {""name"": ""가슴단면"", ""value"": 59.0, ""recommendSizeRange"": 5}, {""name"": ""소매길이"", ""value"": 23.0, ""recommendSizeRange"": 5}]}, {""name"": ""2"", ""items"": [{""name"": ""총장"", ""value"": 76.0, ""recommendSizeRange"": 5}, {""name"": ""어깨너비"", ""value"": 58.0, ""recommendSizeRange"": 5}, {""name"": ""가슴단면"", ""value"": 61.0, ""recommendSizeRange"": 5}, {""name"": ""소매길이"", ""value"": 23.0, ""recommendSizeRange"": 5}]}]",,,,2026-08-12 03:47:03.50325+00
5220054,001001,001001,islandproject,아일랜드 프로젝트,City Daegu Bear T-Shirt - Black [대구베어],P0000BWA,0,공용,1,2025,https://image.msscdn.net/images/goods_img/20250702/5220054/5220054_17802987415215_500.png,49000,49000,0,0,0,0,,,,,,,{2},"{1,2}","{/images/prd_img/20250702/5220054/detail_5220054_17802987421729_500.png,/images/prd_img/20250702/5220054/detail_5220054_17802987423163_500.jpg}","{그래픽티셔츠,반소매티셔츠,여름반팔티,여름티셔츠,오버핏,오버핏반팔}",5,"[{""name"": ""1"", ""items"": [{""name"": ""총장"", ""value"": 74.0, ""recommendSizeRange"": 5}, {""name"": ""어깨너비"", ""value"": 56.0, ""recommendSizeRange"": 5}, {""name"": ""가슴단면"", ""value"": 59.0, ""recommendSizeRange"": 5}, {""name"": ""소매길이"", ""value"": 23.0, ""recommendSizeRange"": 5}]}, {""name"": ""2"", ""items"": [{""name"": ""총장"", ""value"": 76.0, ""recommendSizeRange"": 5}, {""name"": ""어깨너비"", ""value"": 58.0, ""recommendSizeRange"": 5}, {""name"": ""가슴단면"", ""value"": 61.0, ""recommendSizeRange"": 5}, {""name"": ""소매길이"", ""value"": 23.0, ""recommendSizeRange"": 5}]}]",,,,2026-08-12 03:47:03.50325+00
5220057,001001,001001,islandproject,아일랜드 프로젝트,City Daegu Classic T-Shirt - White [대구],P0000BVW,0,공용,1,2025,https://image.msscdn.net/images/goods_img/20250702/5220057/5220057_17860066205362_500.png,45000,45000,0,0,0,0,,,,,,,{1},"{1,2}",,,5,"[{""name"": ""1"", ""items"": [{""name"": ""총장"", ""value"": 74.0, ""recommendSizeRange"": 5}, {""name"": ""어깨너비"", ""value"": 56.0, ""recommendSizeRange"": 5}, {""name"": ""가슴단면"", ""value"": 59.0, ""recommendSizeRange"": 5}, {""name"": ""소매길이"", ""value"": 23.0, ""recommendSizeRange"": 5}]}, {""name"": ""2"", ""items"": [{""name"": ""총장"", ""value"": 76.0, ""recommendSizeRange"": 5}, {""name"": ""어깨너비"", ""value"": 58.0, ""recommendSizeRange"": 5}, {""name"": ""가슴단면"", ""value"": 61.0, ""recommendSizeRange"": 5}, {""name"": ""소매길이"", ""value"": 23.0, ""recommendSizeRange"": 5}]}]",,,,2026-08-12 03:47:03.50325+00
5220118,001001,001001,islandproject,아일랜드 프로젝트,City Daegu Classic T-Shirt - Black [대구],P0000BVV,0,공용,1,2025,https://image.msscdn.net/images/goods_img/20250702/5220118/5220118_17802987394488_500.png,45000,45000,2,100,0,0,,,,,,,{2},"{1,2}",,,5,"[{""name"": ""1"", ""items"": [{""name"": ""총장"", ""value"": 74.0, ""recommendSizeRange"": 5}, {""name"": ""어깨너비"", ""value"": 56.0, ""recommendSizeRange"": 5}, {""name"": ""가슴단면"", ""value"": 59.0, ""recommendSizeRange"": 5}, {""name"": ""소매길이"", ""value"": 23.0, ""recommendSizeRange"": 5}]}, {""name"": ""2"", ""items"": [{""name"": ""총장"", ""value"": 76.0, ""recommendSizeRange"": 5}, {""name"": ""어깨너비"", ""value"": 58.0, ""recommendSizeRange"": 5}, {""name"": ""가슴단면"", ""value"": 61.0, ""recommendSizeRange"": 5}, {""name"": ""소매길이"", ""value"": 23.0, ""recommendSizeRange"": 5}]}]","{""questions"": []}",,,2026-08-12 03:47:03.50325+00
5220119,001001,001001,islandproject,아일랜드 프로젝트,City Daegu Classic T-Shirt - Navy [대구],P0000BVX,0,남성,1,2025,https://image.msscdn.net/images/goods_img/20250702/5220119/5220119_17860066210500_500.png,45000,45000,1,100,0,0,,,,,,,{36},"{1,2}",,,5,"[{""name"": ""1"", ""items"": [{""name"": ""총장"", ""value"": 74.0, ""recommendSizeRange"": 5}, {""name"": ""어깨너비"", ""value"": 56.0, ""recommendSizeRange"": 5}, {""name"": ""가슴단면"", ""value"": 59.0, ""recommendSizeRange"": 5}, {""name"": ""소매길이"", ""value"": 23.0, ""recommendSizeRange"": 5}]}, {""name"": ""2"", ""items"": [{""name"": ""총장"", ""value"": 76.0, ""recommendSizeRange"": 5}, {""name"": ""어깨너비"", ""value"": 58.0, ""recommendSizeRange"": 5}, {""name"": ""가슴단면"", ""value"": 61.0, ""recommendSizeRange"": 5}, {""name"": ""소매길이"", ""value"": 23.0, ""recommendSizeRange"": 5}]}]","{""questions"": []}",,,2026-08-12 03:47:03.50325+00
5241615,001001,001001,nuukfitter,누크피터,NKFT RAGLAN T-SHIRT_WOMEN [BLUE],NC1TS030WBL,0,여성,1,2025,https://image.msscdn.net/images/goods_img/20250710/5241615/5241615_17858136235099_500.jpeg,99000,99000,0,0,0,0,,,,,,,{5},"{S,M,L}","{/images/prd_img/20250710/5241615/detail_5241615_17858136241127_500.jpeg,/images/prd_img/20250710/5241615/detail_5241615_17858136242586_500.jpeg,/images/prd_img/20250710/5241615/detail_5241615_17858136244404_500.jpeg,/images/prd_img/20250710/5241615/detail_5241615_17858136245767_500.jpg,/images/prd_img/20250710/5241615/detail_5241615_17858136247643_500.jpg}","{나그랑,래글런}",11,"[{""name"": ""S"", ""items"": [{""name"": ""총장"", ""value"": 58.0, ""recommendSizeRange"": 5}, {""name"": ""가슴단면"", ""value"": 53.0, ""recommendSizeRange"": 5}, {""name"": ""소매길이"", ""value"": 63.0, ""recommendSizeRange"": 5}]}, {""name"": ""M"", ""items"": [{""name"": ""총장"", ""value"": 60.0, ""recommendSizeRange"": 5}, {""name"": ""가슴단면"", ""value"": 55.5, ""recommendSizeRange"": 5}, {""name"": ""소매길이"", ""value"": 65.0, ""recommendSizeRange"": 5}]}, {""name"": ""L"", ""items"": [{""name"": ""총장"", ""value"": 62.0, ""recommendSizeRange"": 5}, {""name"": ""가슴단면"", ""value"": 58.0, ""recommendSizeRange"": 5}, {""name"": ""소매길이"", ""value"": 67.0, ""recommendSizeRange"": 5}]}]",,,,2026-08-12 03:47:03.50325+00
5242916,001001,017016005,biltmore,빌트모아,여성 골프 원포인트 V넥 반팔 티셔츠,B0RWSH1042,0,여성,1,0000,https://image.msscdn.net/images/goods_img/20250711/5242916/5242916_17522138805799_500.jpg,25000,25000,0,0,0,0,레귤러,보통,있음,거의 없음,얇음,여름,"{25,36,8,9}","{차콜^90,차콜^95,차콜^100,차콜^105,네이비^90,네이비^95,네이비^100,네이비^105,퍼플^90,퍼플^95,퍼플^100,퍼플^105,옐로우^90,옐로우^95,옐로우^100,옐로우^105}","{/images/prd_img/20250711/5242916/detail_5242916_17522138890152_500.jpg,/images/prd_img/20250711/5242916/detail_5242916_17522138916559_500.jpg,/images/prd_img/20250711/5242916/detail_5242916_17522138926960_500.jpg,/images/prd_img/20250711/5242916/detail_5242916_17522138936300_500.jpg,/images/prd_img/20250711/5242916/detail_5242916_17522138947145_500.jpg,/images/prd_img/20250711/5242916/detail_5242916_17522138954886_500.jpg}","{골프,골프티,골프티셔츠,반팔티셔츠,브이넥티셔츠,여성골프웨어,프린팅티셔츠}",5,"[{""name"": ""90"", ""items"": [{""name"": ""총장"", ""value"": 58.5, ""recommendSizeRange"": 5}, {""name"": ""어깨너비"", ""value"": 38.5, ""recommendSizeRange"": 5}, {""name"": ""가슴단면"", ""value"": 47.0, ""recommendSizeRange"": 5}, {""name"": ""소매길이"", ""value"": 21.0, ""recommendSizeRange"": 5}]}, {""name"": ""95"", ""items"": [{""name"": ""총장"", ""value"": 60.0, ""recommendSizeRange"": 5}, {""name"": ""어깨너비"", ""value"": 40.0, ""recommendSizeRange"": 5}, {""name"": ""가슴단면"", ""value"": 49.5, ""recommendSizeRange"": 5}, {""name"": ""소매길이"", ""value"": 22.0, ""recommendSizeRange"": 5}]}, {""name"": ""100"", ""items"": [{""name"": ""총장"", ""value"": 61.5, ""recommendSizeRange"": 5}, {""name"": ""어깨너비"", ""value"": 41.5, ""recommendSizeRange"": 5}, {""name"": ""가슴단면"", ""value"": 52.0, ""recommendSizeRange"": 5}, {""name"": ""소매길이"", ""value"": 23.0, ""recommendSizeRange"": 5}]}, {""name"": ""105"", ""items"": [{""name"": ""총장"", ""value"": 63.0, ""recommendSizeRange"": 5}, {""name"": ""어깨너비"", ""value"": 43.0, ""recommendSizeRange"": 5}, {""name"": ""가슴단면"", ""value"": 54.5, ""recommendSizeRange"": 5}, {""name"": ""소매길이"", ""value"": 24.0, ""recommendSizeRange"": 5}]}]",,,,2026-08-12 03:47:03.50325+00
5268367,001001,001001,islandproject,아일랜드 프로젝트,Mandarin Box Bear T-shirt - Navy  [감귤박스베어],P0000BWB,0,여성,1,2025,https://image.msscdn.net/images/goods_img/20250723/5268367/5268367_17841853873119_500.jpg,49000,49000,0,0,0,0,,,,,,,{36},"{네이비^1,네이비^2,네이비^0}",,"{그래픽티셔츠,반소매티셔츠,반팔티,여름반팔티,여름티셔츠,여자반팔,오버핏반팔}",5,"[{""name"": ""0"", ""items"": [{""name"": ""총장"", ""value"": 67.0, ""recommendSizeRange"": 5}, {""name"": ""어깨너비"", ""value"": 51.0, ""recommendSizeRange"": 5}, {""name"": ""가슴단면"", ""value"": 55.0, ""recommendSizeRange"": 5}, {""name"": ""소매길이"", ""value"": 0.0, ""recommendSizeRange"": 5}]}, {""name"": ""1"", ""items"": [{""name"": ""총장"", ""value"": 74.0, ""recommendSizeRange"": 5}, {""name"": ""어깨너비"", ""value"": 56.0, ""recommendSizeRange"": 5}, {""name"": ""가슴단면"", ""value"": 59.0, ""recommendSizeRange"": 5}, {""name"": ""소매길이"", ""value"": 23.0, ""recommendSizeRange"": 5}]}, {""name"": ""2"", ""items"": [{""name"": ""총장"", ""value"": 76.0, ""recommendSizeRange"": 5}, {""name"": ""어깨너비"", ""value"": 58.0, ""recommendSizeRange"": 5}, {""name"": ""가슴단면"", ""value"": 61.0, ""recommendSizeRange"": 5}, {""name"": ""소매길이"", ""value"": 23.0, ""recommendSizeRange"": 5}]}]",,,,2026-08-12 03:47:03.50325+00
5307157,001010,001010,saintjames,세인트제임스,가라티 II 롱 티셔츠 (0MM) ASJF2G93000-0MM,ASJF2G93000-0MM,0,여성,1,2025,https://image.msscdn.net/images/goods_img/20250811/5307157/5307157_17548706841348_500.jpg,148000,140600,3,80,0,0,,,,,,,{1},"{XS,S,M,L}","{/images/prd_img/20250811/5307157/detail_5307157_17548706850133_500.jpg,/images/prd_img/20250811/5307157/detail_5307157_17548706853665_500.jpg,/images/prd_img/20250811/5307157/detail_5307157_17548706856866_500.jpg,/images/prd_img/20250811/5307157/detail_5307157_17548706859586_500.jpg}","{GALATHEE,가라디,가라티,단가라티셔츠,스트라이프,스트라이프티셔츠}",,,"{""questions"": []}",,,2026-08-12 03:47:03.50325+00
5308085,001010,017016002,madden,매든,[8COLORS] 라인드 와플 롱슬리브,MDLTFA002,0,공용,2,2025,https://image.msscdn.net/images/goods_img/20250811/5308085/5308085_17857181665016_500.jpg,59900,41900,535,98,4887,6088,,,,,,,"{10,2,25,3,34,36,39,44}","{멜란지그레이^M,멜란지그레이^L,멜란지그레이^XL,네이비^M,네이비^L,네이비^XL,세이지그린^M,세이지그린^L,세이지그린^XL,차콜^M,차콜^L,차콜^XL,핑크^M,핑크^L,핑크^XL,멜란지그레이^S,네이비^S,세이지그린^S,차콜^S,핑크^S,""라이트 퍼플^S"",""라이트 퍼플^M"",""라이트 퍼플^L"",""라이트 퍼플^XL"",레몬^S,레몬^M,레몬^L,레몬^XL,블랙^S,블랙^M,블랙^L,블랙^XL}","{/images/prd_img/20250811/5308085/detail_5308085_17857181819705_500.jpg,/images/prd_img/20250811/5308085/detail_5308085_17857181868631_500.jpg,/images/prd_img/20250811/5308085/detail_5308085_17857181994450_500.jpg,/images/prd_img/20250811/5308085/detail_5308085_17561783364648_500.jpg,/images/prd_img/20250811/5308085/detail_5308085_17561783356155_500.jpg,/images/prd_img/20250811/5308085/detail_5308085_17561783346688_500.jpg,/images/prd_img/20250811/5308085/detail_5308085_17561783371045_500.jpg,/images/prd_img/20250811/5308085/detail_5308085_17634551389457_500.jpg}","{25FW,긴팔,긴팔티셔츠,롱슬리브,롱슬리브티,롱슬리브티셔츠,티셔츠}",21,"[{""name"": ""S"", ""items"": [{""name"": ""총장"", ""value"": 62.0, ""recommendSizeRange"": 5}, {""name"": ""어깨너비"", ""value"": 54.0, ""recommendSizeRange"": 5}, {""name"": ""가슴단면"", ""value"": 52.0, ""recommendSizeRange"": 5}, {""name"": ""소매길이"", ""value"": 84.0, ""recommendSizeRange"": 5}]}, {""name"": ""M"", ""items"": [{""name"": ""총장"", ""value"": 71.0, ""recommendSizeRange"": 5}, {""name"": ""어깨너비"", ""value"": 60.0, ""recommendSizeRange"": 5}, {""name"": ""가슴단면"", ""value"": 55.0, ""recommendSizeRange"": 5}, {""name"": ""소매길이"", ""value"": 90.0, ""recommendSizeRange"": 5}]}, {""name"": ""L"", ""items"": [{""name"": ""총장"", ""value"": 73.0, ""recommendSizeRange"": 5}, {""name"": ""어깨너비"", ""value"": 63.0, ""recommendSizeRange"": 5}, {""name"": ""가슴단면"", ""value"": 58.0, ""recommendSizeRange"": 5}, {""name"": ""소매길이"", ""value"": 93.0, ""recommendSizeRange"": 5}]}, {""name"": ""XL"", ""items"": [{""name"": ""총장"", ""value"": 75.0, ""recommendSizeRange"": 5}, {""name"": ""어깨너비"", ""value"": 66.0, ""recommendSizeRange"": 5}, {""name"": ""가슴단면"", ""value"": 61.0, ""recommendSizeRange"": 5}, {""name"": ""소매길이"", ""value"": 96.0, ""recommendSizeRange"": 5}]}]","{""questions"": []}","{""goodsNo"": 5308085, ""isShared"": false, ""reaction"": {}, ""keywordSummaries"": [], ""sentimentSummary"": {""negative"": ""일부 후기에서는 목 부분이 늘어나는 점이 있네요. 가끔 배송이 현관에 던져지는 경우가 있어요. 드물지만 어깨에 하자가 보이는 경우도 있어요. 때때로 사이즈가 크게 느껴져요."", ""positive"": ""와플 조직의 착용감이 부드럽고 통기성 좋네요. 스트링으로 핏 조절 가능해요. 색감이 화면과 같고 디테일이 많아요. 가격이 착해요. 부담 없는 가격이에요.""}}",,2026-08-12 03:47:03.50325+00
5313587,001001,017016005,muscolo,머스콜로,[아이언피지크] 에어스판메쉬 반팔 티셔츠 블랙 화이트,P00000NV,0,남성,2,2025,https://image.msscdn.net/images/goods_img/20250812/5313587/5313587_17856622627429_500.png,36000,36000,0,0,0,123,,,,,,,{2},"{1,2,3}","{/images/prd_img/20250812/5313587/detail_5313587_17856622633485_500.png,/images/prd_img/20250812/5313587/detail_5313587_17856622634910_500.png,/images/prd_img/20250812/5313587/detail_5313587_17856622636709_500.png,/images/prd_img/20250812/5313587/detail_5313587_17856622638134_500.png}",,5,"[{""name"": ""1"", ""items"": [{""name"": ""총장"", ""value"": 74.0, ""recommendSizeRange"": 5}, {""name"": ""어깨너비"", ""value"": 62.0, ""recommendSizeRange"": 5}, {""name"": ""가슴단면"", ""value"": 63.0, ""recommendSizeRange"": 5}, {""name"": ""소매길이"", ""value"": 26.0, ""recommendSizeRange"": 5}]}, {""name"": ""2"", ""items"": [{""name"": ""총장"", ""value"": 79.0, ""recommendSizeRange"": 5}, {""name"": ""어깨너비"", ""value"": 68.0, ""recommendSizeRange"": 5}, {""name"": ""가슴단면"", ""value"": 69.0, ""recommendSizeRange"": 5}, {""name"": ""소매길이"", ""value"": 27.0, ""recommendSizeRange"": 5}]}, {""name"": ""3"", ""items"": [{""name"": ""총장"", ""value"": 82.0, ""recommendSizeRange"": 5}, {""name"": ""어깨너비"", ""value"": 70.0, ""recommendSizeRange"": 5}, {""name"": ""가슴단면"", ""value"": 71.0, ""recommendSizeRange"": 5}, {""name"": ""소매길이"", ""value"": 28.0, ""recommendSizeRange"": 5}]}]",,,,2026-08-12 03:47:03.50325+00
5313688,001001,017016005,muscolo,머스콜로,[아이언피지크] 에어스판메쉬 반팔 티셔츠 네이비 화이트,P00000NT,0,남성,2,2025,https://image.msscdn.net/images/goods_img/20250812/5313688/5313688_17856622560036_500.png,36000,36000,3,94,0,0,,,,,,,{36},"{1,2,3}","{/images/prd_img/20250812/5313688/detail_5313688_17856622565968_500.png,/images/prd_img/20250812/5313688/detail_5313688_17856622567446_500.png,/images/prd_img/20250812/5313688/detail_5313688_17856622569039_500.png,/images/prd_img/20250812/5313688/detail_5313688_17856622570503_500.png}",,5,"[{""name"": ""1"", ""items"": [{""name"": ""총장"", ""value"": 74.0, ""recommendSizeRange"": 5}, {""name"": ""어깨너비"", ""value"": 62.0, ""recommendSizeRange"": 5}, {""name"": ""가슴단면"", ""value"": 63.0, ""recommendSizeRange"": 5}, {""name"": ""소매길이"", ""value"": 26.0, ""recommendSizeRange"": 5}]}, {""name"": ""2"", ""items"": [{""name"": ""총장"", ""value"": 79.0, ""recommendSizeRange"": 5}, {""name"": ""어깨너비"", ""value"": 68.0, ""recommendSizeRange"": 5}, {""name"": ""가슴단면"", ""value"": 69.0, ""recommendSizeRange"": 5}, {""name"": ""소매길이"", ""value"": 27.0, ""recommendSizeRange"": 5}]}, {""name"": ""3"", ""items"": [{""name"": ""총장"", ""value"": 82.0, ""recommendSizeRange"": 5}, {""name"": ""어깨너비"", ""value"": 70.0, ""recommendSizeRange"": 5}, {""name"": ""가슴단면"", ""value"": 71.0, ""recommendSizeRange"": 5}, {""name"": ""소매길이"", ""value"": 28.0, ""recommendSizeRange"": 5}]}]","{""questions"": []}",,,2026-08-12 03:47:03.50325+00
5313761,001001,017016005,muscolo,머스콜로,[아이언피지크] 에어스판메쉬 반팔 티셔츠 그레이 블랙,P00000NS,0,남성,2,2025,https://image.msscdn.net/images/goods_img/20250812/5313761/5313761_17856622568927_500.png,36000,36000,2,100,0,0,,,,,,,{24},"{1,2,3}","{/images/prd_img/20250812/5313761/detail_5313761_17856622576013_500.png,/images/prd_img/20250812/5313761/detail_5313761_17856622577445_500.png,/images/prd_img/20250812/5313761/detail_5313761_17856622579361_500.png,/images/prd_img/20250812/5313761/detail_5313761_17856622581013_500.png}",,5,"[{""name"": ""1"", ""items"": [{""name"": ""총장"", ""value"": 74.0, ""recommendSizeRange"": 5}, {""name"": ""어깨너비"", ""value"": 62.0, ""recommendSizeRange"": 5}, {""name"": ""가슴단면"", ""value"": 63.0, ""recommendSizeRange"": 5}, {""name"": ""소매길이"", ""value"": 26.0, ""recommendSizeRange"": 5}]}, {""name"": ""2"", ""items"": [{""name"": ""총장"", ""value"": 79.0, ""recommendSizeRange"": 5}, {""name"": ""어깨너비"", ""value"": 68.0, ""recommendSizeRange"": 5}, {""name"": ""가슴단면"", ""value"": 69.0, ""recommendSizeRange"": 5}, {""name"": ""소매길이"", ""value"": 27.0, ""recommendSizeRange"": 5}]}, {""name"": ""3"", ""items"": [{""name"": ""총장"", ""value"": 82.0, ""recommendSizeRange"": 5}, {""name"": ""어깨너비"", ""value"": 70.0, ""recommendSizeRange"": 5}, {""name"": ""가슴단면"", ""value"": 71.0, ""recommendSizeRange"": 5}, {""name"": ""소매길이"", ""value"": 28.0, ""recommendSizeRange"": 5}]}]","{""questions"": []}",,,2026-08-12 03:47:03.50325+00
5313974,001001,017016005,muscolo,머스콜로,[아이언피지크] 에어스판메쉬 반팔 티셔츠 블랙 레드,P00000NR,0,남성,2,2025,https://image.msscdn.net/images/goods_img/20250812/5313974/5313974_17856622563510_500.png,36000,36000,4,96,0,280,,,,,,,{2},"{1,2,3}","{/images/prd_img/20250812/5313974/detail_5313974_17856622569764_500.png,/images/prd_img/20250812/5313974/detail_5313974_17856622571261_500.png,/images/prd_img/20250812/5313974/detail_5313974_17856622572902_500.png,/images/prd_img/20250812/5313974/detail_5313974_17856622574362_500.png}",,5,"[{""name"": ""1"", ""items"": [{""name"": ""총장"", ""value"": 74.0, ""recommendSizeRange"": 5}, {""name"": ""어깨너비"", ""value"": 62.0, ""recommendSizeRange"": 5}, {""name"": ""가슴단면"", ""value"": 63.0, ""recommendSizeRange"": 5}, {""name"": ""소매길이"", ""value"": 26.0, ""recommendSizeRange"": 5}]}, {""name"": ""2"", ""items"": [{""name"": ""총장"", ""value"": 79.0, ""recommendSizeRange"": 5}, {""name"": ""어깨너비"", ""value"": 68.0, ""recommendSizeRange"": 5}, {""name"": ""가슴단면"", ""value"": 69.0, ""recommendSizeRange"": 5}, {""name"": ""소매길이"", ""value"": 27.0, ""recommendSizeRange"": 5}]}, {""name"": ""3"", ""items"": [{""name"": ""총장"", ""value"": 82.0, ""recommendSizeRange"": 5}, {""name"": ""어깨너비"", ""value"": 70.0, ""recommendSizeRange"": 5}, {""name"": ""가슴단면"", ""value"": 71.0, ""recommendSizeRange"": 5}, {""name"": ""소매길이"", ""value"": 28.0, ""recommendSizeRange"": 5}]}]","{""questions"": []}",,,2026-08-12 03:47:03.50325+00
5314122,001011,017016003,muscolo,머스콜로,[무지] 딥컷 나시 밀리터리 그레이,EB_SLTOP_KK,0,남성,2,2025,https://image.msscdn.net/images/goods_img/20250812/5314122/5314122_17820607206222_500.png,24000,24000,0,0,0,0,,,,,,,{25},"{1,2}","{/images/prd_img/20250812/5314122/detail_5314122_17820607212077_500.png,/images/prd_img/20250812/5314122/detail_5314122_17820607213450_500.png,/images/prd_img/20250812/5314122/detail_5314122_17820607215047_500.png,/images/prd_img/20250812/5314122/detail_5314122_17820607216893_500.png,/images/prd_img/20250812/5314122/detail_5314122_17820607218299_500.png}",,24,"[{""name"": ""1"", ""items"": [{""name"": ""총장"", ""value"": 80.0, ""recommendSizeRange"": 5}, {""name"": ""가슴단면"", ""value"": 53.0, ""recommendSizeRange"": 5}, {""name"": ""어깨너비"", ""value"": 31.0, ""recommendSizeRange"": 5}]}, {""name"": ""2"", ""items"": [{""name"": ""총장"", ""value"": 81.5, ""recommendSizeRange"": 5}, {""name"": ""가슴단면"", ""value"": 55.0, ""recommendSizeRange"": 5}, {""name"": ""어깨너비"", ""value"": 33.0, ""recommendSizeRange"": 5}]}]",,,,2026-08-12 03:47:03.50325+00
5314136,001011,017016003,muscolo,머스콜로,[무지] 딥컷 나시 네이비,P00000NO,0,남성,2,2025,https://image.msscdn.net/images/goods_img/20250812/5314136/5314136_17820607184280_500.png,24000,24000,0,0,0,0,,,,,,,{36},"{1,2}","{/images/prd_img/20250812/5314136/detail_5314136_17820607191052_500.png,/images/prd_img/20250812/5314136/detail_5314136_17820607192332_500.png,/images/prd_img/20250812/5314136/detail_5314136_17820607194126_500.png}",,25,"[{""name"": ""1"", ""items"": [{""name"": ""총장"", ""value"": 80.0, ""recommendSizeRange"": 5}, {""name"": ""어깨너비"", ""value"": 53.0, ""recommendSizeRange"": 5}, {""name"": ""가슴단면"", ""value"": 31.0, ""recommendSizeRange"": 5}]}, {""name"": ""2"", ""items"": [{""name"": ""총장"", ""value"": 81.5, ""recommendSizeRange"": 5}, {""name"": ""어깨너비"", ""value"": 55.0, ""recommendSizeRange"": 5}, {""name"": ""가슴단면"", ""value"": 33.0, ""recommendSizeRange"": 5}]}]",,,,2026-08-12 03:47:03.50325+00
5314368,001011,017016003,muscolo,머스콜로,DEEP CUT SOLID COLOR GYM TANK TOP RED,P00000NN,0,남성,2,2025,https://image.msscdn.net/images/goods_img/20250812/5314368/5314368_17820607185850_500.png,24000,24000,0,0,0,0,,,,,,,{11},"{1,2}","{/images/prd_img/20250812/5314368/detail_5314368_17820607192501_500.png,/images/prd_img/20250812/5314368/detail_5314368_17820607193965_500.png,/images/prd_img/20250812/5314368/detail_5314368_17820607195547_500.png,/images/prd_img/20250812/5314368/detail_5314368_17820607197269_500.png,/images/prd_img/20250812/5314368/detail_5314368_17820607198842_500.png}",,24,"[{""name"": ""1"", ""items"": [{""name"": ""총장"", ""value"": 80.0, ""recommendSizeRange"": 5}, {""name"": ""가슴단면"", ""value"": 53.0, ""recommendSizeRange"": 5}, {""name"": ""어깨너비"", ""value"": 31.0, ""recommendSizeRange"": 5}]}, {""name"": ""2"", ""items"": [{""name"": ""총장"", ""value"": 81.5, ""recommendSizeRange"": 5}, {""name"": ""가슴단면"", ""value"": 55.0, ""recommendSizeRange"": 5}, {""name"": ""어깨너비"", ""value"": 33.0, ""recommendSizeRange"": 5}]}]",,,,2026-08-12 03:47:03.50325+00
5314478,001001,017016005,muscolo,머스콜로,[카모] 메쉬 져지 그린,P00000NK,0,남성,2,2025,https://image.msscdn.net/images/goods_img/20250812/5314478/5314478_17856622666339_500.png,48000,48000,1,100,0,156,,,,,,,{30},"{1,2}","{/images/prd_img/20250812/5314478/detail_5314478_17856622672594_500.png,/images/prd_img/20250812/5314478/detail_5314478_17856622674085_500.png,/images/prd_img/20250812/5314478/detail_5314478_17856622675714_500.png,/images/prd_img/20250812/5314478/detail_5314478_17856622677550_500.png}",,5,"[{""name"": ""1"", ""items"": [{""name"": ""총장"", ""value"": 78.0, ""recommendSizeRange"": 5}, {""name"": ""어깨너비"", ""value"": 62.0, ""recommendSizeRange"": 5}, {""name"": ""가슴단면"", ""value"": 65.0, ""recommendSizeRange"": 5}, {""name"": ""소매길이"", ""value"": 28.0, ""recommendSizeRange"": 5}]}, {""name"": ""2"", ""items"": [{""name"": ""총장"", ""value"": 83.0, ""recommendSizeRange"": 5}, {""name"": ""어깨너비"", ""value"": 70.0, ""recommendSizeRange"": 5}, {""name"": ""가슴단면"", ""value"": 873.0, ""recommendSizeRange"": 5}, {""name"": ""소매길이"", ""value"": 36.5, ""recommendSizeRange"": 5}]}]","{""questions"": []}",,,2026-08-12 03:47:03.50325+00
5314577,001001,017016005,muscolo,머스콜로,[카모] 메쉬 져지 오리지널,P00000NK,0,남성,2,2025,https://image.msscdn.net/images/goods_img/20250812/5314577/5314577_17820607223680_500.png,48000,48000,0,0,0,0,,,,,,,{30},"{1,2}","{/images/prd_img/20250812/5314577/detail_5314577_17820607229829_500.png,/images/prd_img/20250812/5314577/detail_5314577_17820607231411_500.png,/images/prd_img/20250812/5314577/detail_5314577_17820607233231_500.png,/images/prd_img/20250812/5314577/detail_5314577_17820607234926_500.png}",,5,"[{""name"": ""1"", ""items"": [{""name"": ""총장"", ""value"": 78.0, ""recommendSizeRange"": 5}, {""name"": ""어깨너비"", ""value"": 62.0, ""recommendSizeRange"": 5}, {""name"": ""가슴단면"", ""value"": 65.0, ""recommendSizeRange"": 5}, {""name"": ""소매길이"", ""value"": 28.0, ""recommendSizeRange"": 5}]}, {""name"": ""2"", ""items"": [{""name"": ""총장"", ""value"": 83.0, ""recommendSizeRange"": 5}, {""name"": ""어깨너비"", ""value"": 70.0, ""recommendSizeRange"": 5}, {""name"": ""가슴단면"", ""value"": 73.0, ""recommendSizeRange"": 5}, {""name"": ""소매길이"", ""value"": 36.5, ""recommendSizeRange"": 5}]}]",,,,2026-08-12 03:47:03.50325+00
5315267,001011,017016003,muscolo,머스콜로,[빅로고] 딥컷 나시 블랙 옐로,P00000MU,0,남성,2,2025,https://image.msscdn.net/images/goods_img/20250812/5315267/5315267_17820607120104_500.png,27000,27000,0,0,0,0,,,,,,,{2},"{1,2}","{/images/prd_img/20250812/5315267/detail_5315267_17820607126076_500.png,/images/prd_img/20250812/5315267/detail_5315267_17820607127757_500.png,/images/prd_img/20250812/5315267/detail_5315267_17820607129196_500.png,/images/prd_img/20250812/5315267/detail_5315267_17820607130588_500.png,/images/prd_img/20250812/5315267/detail_5315267_17820607131840_500.png}",,24,"[{""name"": ""1"", ""items"": [{""name"": ""총장"", ""value"": 80.0, ""recommendSizeRange"": 5}, {""name"": ""가슴단면"", ""value"": 53.0, ""recommendSizeRange"": 5}, {""name"": ""어깨너비"", ""value"": 31.0, ""recommendSizeRange"": 5}]}, {""name"": ""2"", ""items"": [{""name"": ""총장"", ""value"": 81.5, ""recommendSizeRange"": 5}, {""name"": ""가슴단면"", ""value"": 55.0, ""recommendSizeRange"": 5}, {""name"": ""어깨너비"", ""value"": 33.0, ""recommendSizeRange"": 5}]}]",,,,2026-08-12 03:47:03.50325+00
5315326,001011,017016003,muscolo,머스콜로,[빅로고] 딥컷 나시 화이트 블루,P00000MQ,0,남성,2,2025,https://image.msscdn.net/images/goods_img/20250812/5315326/5315326_17856627951230_500.png,27000,27000,2,100,0,0,,,,,,,{1},"{1,2}","{/images/prd_img/20250812/5315326/detail_5315326_17856627957414_500.png,/images/prd_img/20250812/5315326/detail_5315326_17856627958758_500.png,/images/prd_img/20250812/5315326/detail_5315326_17856627960270_500.png,/images/prd_img/20250812/5315326/detail_5315326_17856627961701_500.png,/images/prd_img/20250812/5315326/detail_5315326_17856627963159_500.png}",,24,"[{""name"": ""1"", ""items"": [{""name"": ""총장"", ""value"": 80.0, ""recommendSizeRange"": 5}, {""name"": ""가슴단면"", ""value"": 53.0, ""recommendSizeRange"": 5}, {""name"": ""어깨너비"", ""value"": 31.0, ""recommendSizeRange"": 5}]}, {""name"": ""2"", ""items"": [{""name"": ""총장"", ""value"": 81.5, ""recommendSizeRange"": 5}, {""name"": ""가슴단면"", ""value"": 55.0, ""recommendSizeRange"": 5}, {""name"": ""어깨너비"", ""value"": 33.0, ""recommendSizeRange"": 5}]}]","{""questions"": []}",,,2026-08-12 03:47:03.50325+00
5315373,001001,017016005,muscolo,머스콜로,[6주년 기념] 에어스판메쉬 반팔 티셔츠 라이트그레이,P00000MJ,0,남성,2,2025,https://image.msscdn.net/images/goods_img/20250812/5315373/5315373_17856622591310_500.png,36000,36000,0,0,0,0,,,,,,,{24},"{1,2,3}","{/images/prd_img/20250812/5315373/detail_5315373_17856622597800_500.png,/images/prd_img/20250812/5315373/detail_5315373_17856622599261_500.png,/images/prd_img/20250812/5315373/detail_5315373_17856622600827_500.png,/images/prd_img/20250812/5315373/detail_5315373_17856622602226_500.png,/images/prd_img/20250812/5315373/detail_5315373_17856622603721_500.png}",,5,"[{""name"": ""1"", ""items"": [{""name"": ""총장"", ""value"": 74.0, ""recommendSizeRange"": 5}, {""name"": ""어깨너비"", ""value"": 62.0, ""recommendSizeRange"": 5}, {""name"": ""가슴단면"", ""value"": 63.0, ""recommendSizeRange"": 5}, {""name"": ""소매길이"", ""value"": 26.0, ""recommendSizeRange"": 5}]}, {""name"": ""2"", ""items"": [{""name"": ""총장"", ""value"": 79.0, ""recommendSizeRange"": 5}, {""name"": ""어깨너비"", ""value"": 68.0, ""recommendSizeRange"": 5}, {""name"": ""가슴단면"", ""value"": 69.0, ""recommendSizeRange"": 5}, {""name"": ""소매길이"", ""value"": 27.0, ""recommendSizeRange"": 5}]}, {""name"": ""3"", ""items"": [{""name"": ""총장"", ""value"": 82.0, ""recommendSizeRange"": 5}, {""name"": ""어깨너비"", ""value"": 71.0, ""recommendSizeRange"": 5}, {""name"": ""가슴단면"", ""value"": 71.0, ""recommendSizeRange"": 5}, {""name"": ""소매길이"", ""value"": 28.0, ""recommendSizeRange"": 5}]}]",,,,2026-08-12 03:47:03.50325+00
5315408,001001,017016005,muscolo,머스콜로,[심볼] 에어스판메쉬 반팔 티셔츠 화이트,P00000LS,0,남성,2,2025,https://image.msscdn.net/images/goods_img/20250812/5315408/5315408_17856622583680_500.jpg,36000,36000,0,0,0,0,,,,,,,{1},"{1,2,3}","{/images/prd_img/20250812/5315408/detail_5315408_17856622589803_500.jpg,/images/prd_img/20250812/5315408/detail_5315408_17856622591110_500.jpg,/images/prd_img/20250812/5315408/detail_5315408_17856622592516_500.png,/images/prd_img/20250812/5315408/detail_5315408_17856622594010_500.jpg}",,5,"[{""name"": ""1"", ""items"": [{""name"": ""총장"", ""value"": 74.0, ""recommendSizeRange"": 5}, {""name"": ""어깨너비"", ""value"": 62.0, ""recommendSizeRange"": 5}, {""name"": ""가슴단면"", ""value"": 63.0, ""recommendSizeRange"": 5}, {""name"": ""소매길이"", ""value"": 26.0, ""recommendSizeRange"": 5}]}, {""name"": ""2"", ""items"": [{""name"": ""총장"", ""value"": 79.0, ""recommendSizeRange"": 5}, {""name"": ""어깨너비"", ""value"": 68.0, ""recommendSizeRange"": 5}, {""name"": ""가슴단면"", ""value"": 69.0, ""recommendSizeRange"": 5}, {""name"": ""소매길이"", ""value"": 27.0, ""recommendSizeRange"": 5}]}, {""name"": ""3"", ""items"": [{""name"": ""총장"", ""value"": 82.0, ""recommendSizeRange"": 5}, {""name"": ""어깨너비"", ""value"": 70.0, ""recommendSizeRange"": 5}, {""name"": ""가슴단면"", ""value"": 71.0, ""recommendSizeRange"": 5}, {""name"": ""소매길이"", ""value"": 28.0, ""recommendSizeRange"": 5}]}]",,,,2026-08-12 03:47:03.50325+00
5315438,001004,017016007,madden,매든,[12COLORS] 퍼니 풀오버 후디,MDHPEC001,0,공용,"","",https://image.msscdn.net/images/goods_img/20250812/5315438/5315438_17857183496092_500.jpg,89900,71920,1272,96,11082,8414,,,,,,,"{10,12,2,24,25,36,37,49,6,7,8,9}","{블랙^S,블랙^M,블랙^L,블랙^XL,그린^S,그린^M,그린^L,그린^XL,네이비^S,네이비^M,네이비^L,네이비^XL,오렌지^S,오렌지^M,오렌지^L,오렌지^XL,핑크^S,핑크^M,핑크^L,핑크^XL,차콜^S,차콜^M,차콜^L,차콜^XL,블루^S,블루^M,블루^L,블루^XL,옐로우^S,옐로우^M,옐로우^L,옐로우^XL,라이트그레이^S,라이트그레이^M,라이트그레이^L,라이트그레이^XL,네이비^XS,그린^XS,옐로우^XS,차콜^XS,핑크^XS,오렌지^XS,블루^XS,블랙^XS,라이트그레이^XS,퍼플^XS,퍼플^S,퍼플^M,퍼플^L,퍼플^XL,버건디^XS,버건디^S,버건디^M,버건디^L,버건디^XL,""스카이 블루^XS"",""스카이 블루^S"",""스카이 블루^M"",""스카이 블루^L"",""스카이 블루^XL""}","{/images/prd_img/20250812/5315438/detail_5315438_17561928642597_500.jpg,/images/prd_img/20250812/5315438/detail_5315438_17857183658150_500.jpg,/images/prd_img/20250812/5315438/detail_5315438_17857327602957_500.jpg,/images/prd_img/20250812/5315438/detail_5315438_17561847173361_500.jpg,/images/prd_img/20250812/5315438/detail_5315438_17561847146723_500.jpg,/images/prd_img/20250812/5315438/detail_5315438_17561847123370_500.jpg,/images/prd_img/20250812/5315438/detail_5315438_17561847116198_500.jpg,/images/prd_img/20250812/5315438/detail_5315438_17561847139167_500.jpg,/images/prd_img/20250812/5315438/detail_5315438_17561847164658_500.jpg,/images/prd_img/20250812/5315438/detail_5315438_17636226088677_500.jpg,/images/prd_img/20250812/5315438/detail_5315438_17679365318566_500.jpg,/images/prd_img/20250812/5315438/detail_5315438_17679367456287_500.jpg}","{25FW,러닝,롱슬리브,후드,후드티,후드티셔츠,후디,후리스}",22,"[{""name"": ""XS"", ""items"": [{""name"": ""총장"", ""value"": 62.0, ""recommendSizeRange"": 5}, {""name"": ""가슴단면"", ""value"": 51.0, ""recommendSizeRange"": 5}, {""name"": ""소매길이"", ""value"": 83.0, ""recommendSizeRange"": 5}]}, {""name"": ""S"", ""items"": [{""name"": ""총장"", ""value"": 67.0, ""recommendSizeRange"": 5}, {""name"": ""가슴단면"", ""value"": 57.0, ""recommendSizeRange"": 5}, {""name"": ""소매길이"", ""value"": 89.0, ""recommendSizeRange"": 5}]}, {""name"": ""M"", ""items"": [{""name"": ""총장"", ""value"": 69.0, ""recommendSizeRange"": 5}, {""name"": ""가슴단면"", ""value"": 60.0, ""recommendSizeRange"": 5}, {""name"": ""소매길이"", ""value"": 92.0, ""recommendSizeRange"": 5}]}, {""name"": ""L"", ""items"": [{""name"": ""총장"", ""value"": 71.0, ""recommendSizeRange"": 5}, {""name"": ""가슴단면"", ""value"": 63.0, ""recommendSizeRange"": 5}, {""name"": ""소매길이"", ""value"": 95.0, ""recommendSizeRange"": 5}]}, {""name"": ""XL"", ""items"": [{""name"": ""총장"", ""value"": 73.0, ""recommendSizeRange"": 5}, {""name"": ""가슴단면"", ""value"": 66.0, ""recommendSizeRange"": 5}, {""name"": ""소매길이"", ""value"": 98.0, ""recommendSizeRange"": 5}]}]","{""questions"": []}","{""goodsNo"": 5315438, ""isShared"": false, ""reaction"": {}, ""keywordSummaries"": [], ""sentimentSummary"": {""negative"": ""가끔 세탁 후 줄어드는 경우가 있어요. 일부 후기에서는 보풀 발생이 아쉬웠다고 해요. 드물지만 내구성에 대한 우려가 있어요. 간혹 색상이 화면과 다르게 나올 수 있어요."", ""positive"": ""착용감이 부드럽고 편안해요. 보온성이 뛰어나서 겨울철에 적합해요. 디자인이 귀엽고 색상이 다양해요. 소매에 손가락을 넣을 수 있는 핑거홀 디테일이 유용해요. 가벼운 무게감 덕분에 활동하기 좋아요.""}}",,2026-08-12 03:47:03.50325+00
5316234,001001,017016005,muscolo,머스콜로,[스몰로고 자수] CP 세미오버핏 반팔 티셔츠 카키,P00000KS,0,남성,2,2025,https://image.msscdn.net/images/goods_img/20250812/5316234/5316234_17820607098582_500.jpg,32000,32000,0,0,0,0,,,,,,,{30},"{1,2}","{/images/prd_img/20250812/5316234/detail_5316234_17820607104363_500.jpg,/images/prd_img/20250812/5316234/detail_5316234_17820607105801_500.jpg,/images/prd_img/20250812/5316234/detail_5316234_17820607107393_500.jpg,/images/prd_img/20250812/5316234/detail_5316234_17820607108738_500.jpg}",,5,"[{""name"": ""1"", ""items"": [{""name"": ""총장"", ""value"": 78.0, ""recommendSizeRange"": 5}, {""name"": ""어깨너비"", ""value"": 60.0, ""recommendSizeRange"": 5}, {""name"": ""가슴단면"", ""value"": 63.0, ""recommendSizeRange"": 5}, {""name"": ""소매길이"", ""value"": 26.0, ""recommendSizeRange"": 5}]}, {""name"": ""2"", ""items"": [{""name"": ""총장"", ""value"": 81.0, ""recommendSizeRange"": 5}, {""name"": ""어깨너비"", ""value"": 65.0, ""recommendSizeRange"": 5}, {""name"": ""가슴단면"", ""value"": 68.0, ""recommendSizeRange"": 5}, {""name"": ""소매길이"", ""value"": 27.5, ""recommendSizeRange"": 5}]}]",,,,2026-08-12 03:47:03.50325+00
5316282,001001,017016005,muscolo,머스콜로,[베이직] 에어스판메쉬 반팔 티셔츠 화이트,P00000KG,0,남성,2,2025,https://image.msscdn.net/images/goods_img/20250812/5316282/5316282_17856622621259_500.jpg,28000,28000,0,0,0,0,,,,,,,{1},"{1,2,3}","{/images/prd_img/20250812/5316282/detail_5316282_17856622627537_500.jpg,/images/prd_img/20250812/5316282/detail_5316282_17856622628923_500.jpg,/images/prd_img/20250812/5316282/detail_5316282_17856622630396_500.jpg,/images/prd_img/20250812/5316282/detail_5316282_17856622631815_500.jpg,/images/prd_img/20250812/5316282/detail_5316282_17856622633228_500.jpg}",,5,"[{""name"": ""1"", ""items"": [{""name"": ""총장"", ""value"": 74.0, ""recommendSizeRange"": 5}, {""name"": ""어깨너비"", ""value"": 62.0, ""recommendSizeRange"": 5}, {""name"": ""가슴단면"", ""value"": 63.0, ""recommendSizeRange"": 5}, {""name"": ""소매길이"", ""value"": 26.0, ""recommendSizeRange"": 5}]}, {""name"": ""2"", ""items"": [{""name"": ""총장"", ""value"": 79.0, ""recommendSizeRange"": 5}, {""name"": ""어깨너비"", ""value"": 68.0, ""recommendSizeRange"": 5}, {""name"": ""가슴단면"", ""value"": 69.0, ""recommendSizeRange"": 5}, {""name"": ""소매길이"", ""value"": 27.0, ""recommendSizeRange"": 5}]}, {""name"": ""3"", ""items"": [{""name"": ""총장"", ""value"": 82.0, ""recommendSizeRange"": 5}, {""name"": ""어깨너비"", ""value"": 70.0, ""recommendSizeRange"": 5}, {""name"": ""가슴단면"", ""value"": 71.0, ""recommendSizeRange"": 5}, {""name"": ""소매길이"", ""value"": 28.0, ""recommendSizeRange"": 5}]}]",,,,2026-08-12 03:47:03.50325+00
5316289,001001,017016005,muscolo,머스콜로,[베이직] 에어스판메쉬 반팔 티셔츠 블랙,P00000KF,0,남성,2,2025,https://image.msscdn.net/images/goods_img/20250812/5316289/5316289_17854721188737_500.jpg,28000,28000,0,0,0,299,,,,,,,{2},"{1,2,3}","{/images/prd_img/20250812/5316289/detail_5316289_17854721194279_500.jpg,/images/prd_img/20250812/5316289/detail_5316289_17854721195581_500.jpg,/images/prd_img/20250812/5316289/detail_5316289_17854721196891_500.jpg,/images/prd_img/20250812/5316289/detail_5316289_17854721198160_500.jpg,/images/prd_img/20250812/5316289/detail_5316289_17854721199419_500.jpg}",,5,"[{""name"": ""1"", ""items"": [{""name"": ""총장"", ""value"": 74.0, ""recommendSizeRange"": 5}, {""name"": ""어깨너비"", ""value"": 62.0, ""recommendSizeRange"": 5}, {""name"": ""가슴단면"", ""value"": 63.0, ""recommendSizeRange"": 5}, {""name"": ""소매길이"", ""value"": 26.0, ""recommendSizeRange"": 5}]}, {""name"": ""2"", ""items"": [{""name"": ""총장"", ""value"": 79.0, ""recommendSizeRange"": 5}, {""name"": ""어깨너비"", ""value"": 68.0, ""recommendSizeRange"": 5}, {""name"": ""가슴단면"", ""value"": 69.0, ""recommendSizeRange"": 5}, {""name"": ""소매길이"", ""value"": 27.0, ""recommendSizeRange"": 5}]}, {""name"": ""3"", ""items"": [{""name"": ""총장"", ""value"": 82.0, ""recommendSizeRange"": 5}, {""name"": ""어깨너비"", ""value"": 70.0, ""recommendSizeRange"": 5}, {""name"": ""가슴단면"", ""value"": 71.0, ""recommendSizeRange"": 5}, {""name"": ""소매길이"", ""value"": 28.0, ""recommendSizeRange"": 5}]}]",,,,2026-08-12 03:47:03.50325+00
5329923,001001,017016005,muscolo,머스콜로,박성훈 X 머스콜로 JADGAJA FAVORITE CLASSIC POSE VER. KHAKI,P00000OD,0,남성,2,2025,https://image.msscdn.net/images/goods_img/20250818/5329923/5329923_17634359572345_500.png,43000,43000,0,0,0,0,,,,,,,{30},"{1,2}","{/images/prd_img/20250818/5329923/detail_5329923_17634359580120_500.png,/images/prd_img/20250818/5329923/detail_5329923_17634359581473_500.png,/images/prd_img/20250818/5329923/detail_5329923_17634359584536_500.png,/images/prd_img/20250818/5329923/detail_5329923_17634359587557_500.png,/images/prd_img/20250818/5329923/detail_5329923_17634359589491_500.png}",,5,"[{""name"": ""1"", ""items"": [{""name"": ""총장"", ""value"": 75.0, ""recommendSizeRange"": 5}, {""name"": ""어깨너비"", ""value"": 62.0, ""recommendSizeRange"": 5}, {""name"": ""가슴단면"", ""value"": 63.0, ""recommendSizeRange"": 5}, {""name"": ""소매길이"", ""value"": 26.0, ""recommendSizeRange"": 5}]}, {""name"": ""2"", ""items"": [{""name"": ""총장"", ""value"": 80.0, ""recommendSizeRange"": 5}, {""name"": ""어깨너비"", ""value"": 67.0, ""recommendSizeRange"": 5}, {""name"": ""가슴단면"", ""value"": 68.0, ""recommendSizeRange"": 5}, {""name"": ""소매길이"", ""value"": 27.0, ""recommendSizeRange"": 5}]}]",,,,2026-08-12 03:47:03.50325+00
5329945,001001,017016005,muscolo,머스콜로,[박성훈 X 머스콜로 클래식포즈] 에어쿨링 반팔 티셔츠 블랙,P00000OB,0,남성,2,2025,https://image.msscdn.net/images/goods_img/20250818/5329945/5329945_17856622653276_500.png,43000,43000,0,0,0,0,,,,,,,{2},"{1,2,3}","{/images/prd_img/20250818/5329945/detail_5329945_17856622659380_500.png,/images/prd_img/20250818/5329945/detail_5329945_17856622660852_500.png,/images/prd_img/20250818/5329945/detail_5329945_17856622662392_500.png,/images/prd_img/20250818/5329945/detail_5329945_17856622663923_500.png,/images/prd_img/20250818/5329945/detail_5329945_17856622665472_500.png}",{쿨아이템},5,"[{""name"": ""1"", ""items"": [{""name"": ""총장"", ""value"": 75.0, ""recommendSizeRange"": 5}, {""name"": ""어깨너비"", ""value"": 62.0, ""recommendSizeRange"": 5}, {""name"": ""가슴단면"", ""value"": 63.0, ""recommendSizeRange"": 5}, {""name"": ""소매길이"", ""value"": 26.0, ""recommendSizeRange"": 5}]}, {""name"": ""2"", ""items"": [{""name"": ""총장"", ""value"": 80.0, ""recommendSizeRange"": 5}, {""name"": ""어깨너비"", ""value"": 67.0, ""recommendSizeRange"": 5}, {""name"": ""가슴단면"", ""value"": 68.0, ""recommendSizeRange"": 5}, {""name"": ""소매길이"", ""value"": 27.0, ""recommendSizeRange"": 5}]}, {""name"": ""3"", ""items"": [{""name"": ""총장"", ""value"": 0.0, ""recommendSizeRange"": 5}, {""name"": ""어깨너비"", ""value"": 0.0, ""recommendSizeRange"": 5}, {""name"": ""가슴단면"", ""value"": 0.0, ""recommendSizeRange"": 5}, {""name"": ""소매길이"", ""value"": 0.0, ""recommendSizeRange"": 5}]}]",,,,2026-08-12 03:47:03.50325+00
5329973,001001,017016005,muscolo,머스콜로,[박성훈 X 머스콜로 NO. 90] 에어스판메쉬 반팔 티셔츠 그레이 블루,P00000OA,0,남성,2,2025,https://image.msscdn.net/images/goods_img/20250818/5329973/5329973_17856622659713_500.png,43000,43000,1,100,0,0,,,,,,,{24},"{1,2,3}","{/images/prd_img/20250818/5329973/detail_5329973_17856622666507_500.png,/images/prd_img/20250818/5329973/detail_5329973_17856622667927_500.png,/images/prd_img/20250818/5329973/detail_5329973_17856622669487_500.png,/images/prd_img/20250818/5329973/detail_5329973_17856622671131_500.png}",,5,"[{""name"": ""1"", ""items"": [{""name"": ""총장"", ""value"": 74.0, ""recommendSizeRange"": 5}, {""name"": ""어깨너비"", ""value"": 62.0, ""recommendSizeRange"": 5}, {""name"": ""가슴단면"", ""value"": 63.0, ""recommendSizeRange"": 5}, {""name"": ""소매길이"", ""value"": 26.0, ""recommendSizeRange"": 5}]}, {""name"": ""2"", ""items"": [{""name"": ""총장"", ""value"": 79.0, ""recommendSizeRange"": 5}, {""name"": ""어깨너비"", ""value"": 68.0, ""recommendSizeRange"": 5}, {""name"": ""가슴단면"", ""value"": 69.0, ""recommendSizeRange"": 5}, {""name"": ""소매길이"", ""value"": 27.0, ""recommendSizeRange"": 5}]}, {""name"": ""3"", ""items"": [{""name"": ""총장"", ""value"": 82.0, ""recommendSizeRange"": 5}, {""name"": ""어깨너비"", ""value"": 70.0, ""recommendSizeRange"": 5}, {""name"": ""가슴단면"", ""value"": 71.0, ""recommendSizeRange"": 5}, {""name"": ""소매길이"", ""value"": 28.0, ""recommendSizeRange"": 5}]}]","{""questions"": []}",,,2026-08-12 03:47:03.50325+00
5330037,001001,017016005,muscolo,머스콜로,[박성훈 X 머스콜로 NO. 90] 에어스판메쉬 반팔 티셔츠 블랙 그레이,P00000NZ,0,남성,2,2025,https://image.msscdn.net/images/goods_img/20250818/5330037/5330037_17856622559959_500.png,43000,43000,2,100,0,420,,,,,,,{2},"{1,2,3}","{/images/prd_img/20250818/5330037/detail_5330037_17856622566462_500.png,/images/prd_img/20250818/5330037/detail_5330037_17856622567991_500.png,/images/prd_img/20250818/5330037/detail_5330037_17856622569655_500.png,/images/prd_img/20250818/5330037/detail_5330037_17856622571253_500.png}",,5,"[{""name"": ""1"", ""items"": [{""name"": ""총장"", ""value"": 74.0, ""recommendSizeRange"": 5}, {""name"": ""어깨너비"", ""value"": 62.0, ""recommendSizeRange"": 5}, {""name"": ""가슴단면"", ""value"": 63.0, ""recommendSizeRange"": 5}, {""name"": ""소매길이"", ""value"": 26.0, ""recommendSizeRange"": 5}]}, {""name"": ""2"", ""items"": [{""name"": ""총장"", ""value"": 79.0, ""recommendSizeRange"": 5}, {""name"": ""어깨너비"", ""value"": 68.0, ""recommendSizeRange"": 5}, {""name"": ""가슴단면"", ""value"": 69.0, ""recommendSizeRange"": 5}, {""name"": ""소매길이"", ""value"": 27.0, ""recommendSizeRange"": 5}]}, {""name"": ""3"", ""items"": [{""name"": ""총장"", ""value"": 82.0, ""recommendSizeRange"": 5}, {""name"": ""어깨너비"", ""value"": 70.0, ""recommendSizeRange"": 5}, {""name"": ""가슴단면"", ""value"": 71.0, ""recommendSizeRange"": 5}, {""name"": ""소매길이"", ""value"": 28.0, ""recommendSizeRange"": 5}]}]","{""questions"": []}",,,2026-08-12 03:47:03.50325+00
5371196,001010,001010,saintjames,세인트제임스,Meridame II (0OU) ASJF2G95768-0OU,ASJF2G95768-0OU,0,여성,1,2026,https://image.msscdn.net/images/goods_img/20250827/5371196/5371196_17562840223407_500.jpg,148000,140600,1,100,0,0,,,,,,,{11},"{S,M,L}","{/images/prd_img/20250827/5371196/detail_5371196_17562840232221_500.jpg,/images/prd_img/20250827/5371196/detail_5371196_17562840236516_500.jpg,/images/prd_img/20250827/5371196/detail_5371196_17562840239166_500.jpg,/images/prd_img/20250827/5371196/detail_5371196_17562840242186_500.jpg}",,,,"{""questions"": []}",,,2026-08-12 03:47:03.50325+00
5429702,001010,001010,saintjames,세인트제임스,Meridame II (050) ASJF2G95768-050,ASJF2G95768-050,0,여성,1,2026,https://image.msscdn.net/images/goods_img/20250909/5429702/5429702_17574046375641_500.jpg,148000,140600,1,100,0,0,,,,,,,{23},"{S,M,L}","{/images/prd_img/20250909/5429702/detail_5429702_17574046384439_500.jpg,/images/prd_img/20250909/5429702/detail_5429702_17574046386349_500.jpg,/images/prd_img/20250909/5429702/detail_5429702_17574046390228_500.jpg,/images/prd_img/20250909/5429702/detail_5429702_17574046393804_500.jpg}",,,,"{""questions"": []}",,,2026-08-12 03:47:03.50325+00
5460495,001010,001010,kellydonahue,켈리도나휴,울 텐셀 핀턱 라운드티셔츠,5016051505,0,여성,0,2025,https://image.msscdn.net/images/goods_img/20250915/5460495/5460495_17579141158719_500.jpg,53000,53000,0,0,0,0,,,,,,,"{1,4}","{WHITE^FREE,BROWN^FREE}",{/images/prd_img/20250915/5460495/detail_5460495_17579141166778_500.jpg},,21,"[{""name"": ""FREE"", ""items"": [{""name"": ""총장"", ""value"": 60.0, ""recommendSizeRange"": 5}, {""name"": ""어깨너비"", ""value"": 39.0, ""recommendSizeRange"": 5}, {""name"": ""가슴단면"", ""value"": 42.0, ""recommendSizeRange"": 5}, {""name"": ""소매길이"", ""value"": 66.0, ""recommendSizeRange"": 5}]}]",,,,2026-08-12 03:47:03.50325+00
5732134,001001,017016005,lululemon,룰루레몬,펀더멘털 티셔츠  WHT,LM3CZPS-0002,0,남성,2,2025,https://image.msscdn.net/images/goods_img/20251114/5732134/5732134_17833045598252_500.jpg,78000,39000,10,96,133,4029,,,,,,,{1},"{White^4XL,White^5XL,White^L,White^XL,White^S,White^XXL,White^3XL,White^M,White^XS,White^2XL}","{/images/prd_img/20251114/5732134/detail_5732134_17833045604603_500.jpg,/images/prd_img/20251114/5732134/detail_5732134_17833045606249_500.jpg,/images/prd_img/20251114/5732134/detail_5732134_17833045607614_500.jpg,/images/prd_img/20251114/5732134/detail_5732134_17833045609176_500.jpg,/images/prd_img/20251114/5732134/detail_5732134_17833045610722_500.jpg}",,,,"{""questions"": []}","{""goodsNo"": 5732134, ""isShared"": true, ""reaction"": {}, ""keywordSummaries"": [], ""sentimentSummary"": {""negative"": ""가끔 원단이 얇아서 비치는 경우가 있어요. 때때로 핏이 애매하다는 의견이 있어요. 드물지만 운동복 같은 느낌이 있다는 후기가 있어요."", ""positive"": ""배송이 빠르고 포장이 꼼꼼해요. 착용감이 부드럽고 편안해서 데일리용으로 좋아요. 소재가 부드럽고 신축성이 있어 움직임이 편해요. 기본 디자인이라 어떤 하의와도 잘 어울려요. 퀄리티가 가격 대비 훌륭하다는 평가가 많아요.""}}",,2026-08-12 03:47:03.50325+00
5732348,001001,017016005,lululemon,룰루레몬,UV 프로텍티브 스트라이프 메쉬 테니스 티셔츠  SRNB,LM3GAFS-032507,0,여성,2,2025,https://image.msscdn.net/images/goods_img/20251114/5732348/5732348_17850476311250_500.jpg,125000,125000,0,0,0,136,,,,,,,{7},"{""Serene Blue^XS"",""Serene Blue^L"",""Serene Blue^M"",""Serene Blue^S"",""Serene Blue^XL"",""Serene Blue^XXL""}","{/images/prd_img/20251114/5732348/detail_5732348_17850476318158_500.jpg,/images/prd_img/20251114/5732348/detail_5732348_17850476320282_500.jpg,/images/prd_img/20251114/5732348/detail_5732348_17850476321904_500.jpg,/images/prd_img/20251114/5732348/detail_5732348_17850476323478_500.jpg,/images/prd_img/20251114/5732348/detail_5732348_17850476325101_500.jpg}",,,,,,,2026-08-12 03:47:03.50325+00
5732350,001001,017016005,lululemon,룰루레몬,제로드 인 숏슬리브 셔츠  BLK,LM3F16S-0001,0,남성,2,2025,https://image.msscdn.net/images/goods_img/20251114/5732350/5732350_17860367186113_500.jpg,78000,78000,3,94,0,0,,,,,,,{2},"{Black^L,Black^M,Black^S,Black^XL,Black^XS,Black^XXL,Black^2XL,Black^3XL}","{/images/prd_img/20251114/5732350/detail_5732350_17860367192386_500.jpg,/images/prd_img/20251114/5732350/detail_5732350_17860367193823_500.jpg,/images/prd_img/20251114/5732350/detail_5732350_17860367195170_500.jpg,/images/prd_img/20251114/5732350/detail_5732350_17860367196705_500.jpg}",,,,"{""questions"": []}","{""goodsNo"": 5732350, ""isShared"": true, ""reaction"": {}, ""keywordSummaries"": [], ""sentimentSummary"": {""negative"": ""가끔 소재가 얇아서 비침이 있을 수 있어요. 드물지만 가격이 비싸다는 의견이 있어요."", ""positive"": ""소재가 아주 좋아요. 편하게 사용할 수 있는 안정감이 있어요. 운동용과 일상용으로 활용 가능해요. 배송이 빠르고 포장도 꼼꼼해요. 땀 흡수 기능이 뛰어나서 여름에 입기 좋아요. 기장이 마음에 들어서 만족해요.""}}",,2026-08-12 03:47:03.50325+00
5732472,001001,017016005,lululemon,룰루레몬,메탈 벤트 테크 숏슬리브 셔츠  STRH TRNV,LM3FG2S-069063,0,남성,2,2025,https://image.msscdn.net/images/goods_img/20251114/5732472/5732472_17862636962997_500.jpg,93000,93000,11,100,0,659,,,,,,,{7},"{""Starch Blue/True Navy^L"",""Starch Blue/True Navy^M"",""Starch Blue/True Navy^S"",""Starch Blue/True Navy^XL"",""Starch Blue/True Navy^XS"",""Starch Blue/True Navy^XXL""}","{/images/prd_img/20251114/5732472/detail_5732472_17862636969045_500.jpg,/images/prd_img/20251114/5732472/detail_5732472_17862636970425_500.jpg,/images/prd_img/20251114/5732472/detail_5732472_17862636971784_500.jpg,/images/prd_img/20251114/5732472/detail_5732472_17862636973191_500.jpg,/images/prd_img/20251114/5732472/detail_5732472_17862636974674_500.jpg}",,,,"{""questions"": []}",,,2026-08-12 03:47:03.50325+00
5732535,001001,017016005,lululemon,룰루레몬,올 유어스 코튼 크롭 티셔츠  WHT,LW3JSJS-0002,0,여성,2,2025,https://image.msscdn.net/images/goods_img/20251114/5732535/5732535_17823632866270_500.jpg,67000,67000,12,100,0,715,,,,,,,{1},"{White^4X,White^2X,White^3X,White^5X,White^M,White^L,White^S,White^XS,White^XXS,White^XXXS,White^XL,White^1X}","{/images/prd_img/20251114/5732535/detail_5732535_17823632873676_500.jpg,/images/prd_img/20251114/5732535/detail_5732535_17823632875150_500.jpg,/images/prd_img/20251114/5732535/detail_5732535_17823632876576_500.jpg,/images/prd_img/20251114/5732535/detail_5732535_17823632878081_500.jpg}",,,,"{""questions"": []}","{""goodsNo"": 5732535, ""isShared"": true, ""reaction"": {}, ""keywordSummaries"": [], ""sentimentSummary"": {""negative"": ""가끔 사이즈가 예상보다 많이 커서 당황할 수 있어요. 드물지만 세탁 후 늘어날까 걱정하는 후기들이 있어요."", ""positive"": ""소재가 부드럽고 착용감이 좋아요. 핏이 안정적이고 여러 스타일에 잘 어울려요. 사이즈가 넉넉해서 편하게 입기 좋아요. 빠른 배송과 깔끔한 포장 상태가 만족스러워요. 크롭 디자인이지만 너무 짧지 않아서 활용도가 높아요.""}}",,2026-08-12 03:47:03.50325+00
5732635,001010,017016002,lululemon,룰루레몬,엔지니어드 웜스 롱슬리브 크루  SILD GGRE,LM3FVHS-063266,0,남성,2,2025,https://image.msscdn.net/images/goods_img/20251114/5732635/5732635_17850445883073_500.jpg,198000,198000,2,100,0,263,,,,,,,{25},"{""Silver Drop/Graphite Grey^L"",""Silver Drop/Graphite Grey^M"",""Silver Drop/Graphite Grey^S"",""Silver Drop/Graphite Grey^XL"",""Silver Drop/Graphite Grey^XS"",""Silver Drop/Graphite Grey^XXL""}","{/images/prd_img/20251114/5732635/detail_5732635_17850445888773_500.jpg,/images/prd_img/20251114/5732635/detail_5732635_17850445890436_500.jpg,/images/prd_img/20251114/5732635/detail_5732635_17850445891931_500.jpg,/images/prd_img/20251114/5732635/detail_5732635_17850445893587_500.jpg,/images/prd_img/20251114/5732635/detail_5732635_17850445896118_500.jpg}",,,,"{""questions"": []}",,,2026-08-12 03:47:03.50325+00
5732790,001010,017016002,lululemon,룰루레몬,Rulu 플리스 하프집 롱슬리브 셔츠  BLK,LM3FTWS-0001,0,남성,2,2025,https://image.msscdn.net/images/goods_img/20251114/5732790/5732790_17823617294628_500.jpg,169000,169000,5,100,0,373,,,,,,,{2},"{Black^M,Black^S,Black^XL,Black^XS,Black^L,Black^XXL}","{/images/prd_img/20251114/5732790/detail_5732790_17823617300882_500.jpg,/images/prd_img/20251114/5732790/detail_5732790_17823617302444_500.jpg,/images/prd_img/20251114/5732790/detail_5732790_17823617303952_500.jpg,/images/prd_img/20251114/5732790/detail_5732790_17823617305510_500.jpg,/images/prd_img/20251114/5732790/detail_5732790_17823617306982_500.jpg}","{맨투맨,후드집업}",,,"{""questions"": []}",,,2026-08-12 03:47:03.50325+00
5732826,001010,017016002,lululemon,룰루레몬,Rulu 플리스 크루넥 롱슬리브 셔츠  BLK,LM3FTVS-0001,0,남성,2,2025,https://image.msscdn.net/images/goods_img/20251114/5732826/5732826_17857788934800_500.jpg,138000,138000,4,100,0,0,,,,,,,{2},"{Black^L,Black^S,Black^M,Black^XL,Black^XS,Black^XXL}","{/images/prd_img/20251114/5732826/detail_5732826_17857788942521_500.jpg,/images/prd_img/20251114/5732826/detail_5732826_17857788944043_500.jpg,/images/prd_img/20251114/5732826/detail_5732826_17857788945482_500.jpg,/images/prd_img/20251114/5732826/detail_5732826_17857788947149_500.jpg,/images/prd_img/20251114/5732826/detail_5732826_17857788948579_500.jpg}",,,,"{""questions"": []}",,,2026-08-12 03:47:03.50325+00
5732831,001010,017016002,lululemon,룰루레몬,스위프틀리 테크 롱슬리브 셔츠 2.0 *웨이스트 렝스  WHWH,LW3FQFS-012826,0,여성,2,2025,https://image.msscdn.net/images/goods_img/20251114/5732831/5732831_17823605835760_500.jpg,109000,109000,2,100,0,322,,,,,,,{1},"{White^24,White^4,White^0,White^12,White^14,White^16,White^6,White^18,White^2,White^20,White^8,White^10}","{/images/prd_img/20251114/5732831/detail_5732831_17823605841518_500.jpg,/images/prd_img/20251114/5732831/detail_5732831_17823605842836_500.jpg,/images/prd_img/20251114/5732831/detail_5732831_17823605844239_500.jpg,/images/prd_img/20251114/5732831/detail_5732831_17823605845673_500.jpg,/images/prd_img/20251114/5732831/detail_5732831_17823605847007_500.jpg}",,,,"{""questions"": []}",,,2026-08-12 03:47:03.50325+00
5732949,001011,017016003,lululemon,룰루레몬,저지 트레이닝 머슬 탱크탑 *롱  WHT,LW1FDFS-0002,0,여성,2,2025,https://image.msscdn.net/images/goods_img/20251114/5732949/5732949_17860367566398_500.jpg,67000,67000,1,100,0,0,,,,,,,{1},"{White^22,White^24,White^26,White^4,White^12,White^6,White^10,White^8,White^2,White^0,White^14,White^16,White^18,White^20}","{/images/prd_img/20251114/5732949/detail_5732949_17860367572392_500.jpg,/images/prd_img/20251114/5732949/detail_5732949_17860367573908_500.jpg,/images/prd_img/20251114/5732949/detail_5732949_17860367575424_500.jpg,/images/prd_img/20251114/5732949/detail_5732949_17860367576882_500.jpg}",,,,"{""questions"": []}","{""goodsNo"": 5732949, ""isShared"": true, ""reaction"": {}, ""keywordSummaries"": [], ""sentimentSummary"": {""negative"": ""가끔 목부분에 파운데이션 자국이 남는 경우가 있어요. 일부 후기에서는 비침이 심하다고 언급해요. 때때로 택이 너무 길어서 거슬린다고 해요. 드물지만 사이즈가 약간 크다는 의견이 있어요."", ""positive"": ""재질이 부드럽고 땀 흡수도 잘 돼요. 사이즈가 넉넉해서 체형 커버에 좋아요. 가볍고 착용감이 뛰어나서 운동할 때 편해요. 길이감이 적당하고 엉덩이도 잘 가려줘요. 디자인이 간결하고 예뻐서 자주 입게 돼요.""}}",,2026-08-12 03:47:03.50325+00
5732958,001010,017016002,lululemon,룰루레몬,소프트 저지 하프집  HVPR HSVD,LM3ES1S-063781,0,남성,2,2025,https://image.msscdn.net/images/goods_img/20251114/5732958/5732958_17823614450941_500.jpg,138000,138000,3,100,0,475,,,,,,,{13},"{""Vapor/Silver Drop^2XL"",""Vapor/Silver Drop^4XL"",""Vapor/Silver Drop^5XL"",""Vapor/Silver Drop^3XL"",""Vapor/Silver Drop^S"",""Vapor/Silver Drop^XL"",""Vapor/Silver Drop^L"",""Vapor/Silver Drop^M"",""Vapor/Silver Drop^XS"",""Vapor/Silver Drop^XXL""}","{/images/prd_img/20251114/5732958/detail_5732958_17823614457291_500.jpg,/images/prd_img/20251114/5732958/detail_5732958_17823614458766_500.jpg,/images/prd_img/20251114/5732958/detail_5732958_17823614460156_500.jpg,/images/prd_img/20251114/5732958/detail_5732958_17823614461702_500.jpg,/images/prd_img/20251114/5732958/detail_5732958_17823614463220_500.jpg}","{맨투맨,후드집업}",,,"{""questions"": []}",,,2026-08-12 03:47:03.50325+00
5732960,001001,017016005,lululemon,룰루레몬,저지 트레이닝 숏슬리브 셔츠  BLK,LW3HQUS-0001,0,여성,2,2025,https://image.msscdn.net/images/goods_img/20251114/5732960/5732960_17823506865155_500.jpg,78000,78000,23,100,93,1228,,,,,,,{2},"{Black^10,Black^2,Black^4,Black^14,Black^6,Black^0,Black^8,Black^12,Black^16,Black^18,Black^20}","{/images/prd_img/20251114/5732960/detail_5732960_17823506871328_500.jpg,/images/prd_img/20251114/5732960/detail_5732960_17823506872876_500.jpg,/images/prd_img/20251114/5732960/detail_5732960_17823506874193_500.jpg,/images/prd_img/20251114/5732960/detail_5732960_17823506875655_500.jpg}",,,,"{""questions"": []}","{""goodsNo"": 5732960, ""isShared"": false, ""reaction"": {}, ""keywordSummaries"": [], ""sentimentSummary"": {""negative"": ""가끔 색깔이 땀으로 인해 티가 날까 걱정하는 분들이 있어요. 드물지만 가격이 비싸다는 의견이 있어요."", ""positive"": ""저지 소재가 시원하고 부드러워요. 오버사이즈 핏이라 여유 있게 입을 수 있어요. 땀을 잘 흡수하고 냄새가 나지 않아서 운동용으로 좋아요. 사이즈가 적당하고 편안하게 착용할 수 있어요. 기능성과 디자인 모두 만족스러워요.""}}",,2026-08-12 03:47:03.50325+00
5733098,001001,017016005,lululemon,룰루레몬,이지셋 트레이닝 숏슬리브 셔츠  VPOR,LM3FKLS-032894,0,남성,2,2025,https://image.msscdn.net/images/goods_img/20251114/5733098/5733098_17850503931328_500.jpg,109000,109000,2,100,0,390,,,,,,,{1},"{Vapor^2XL,Vapor^4XL,Vapor^5XL,Vapor^XXS,Vapor^L,Vapor^S,Vapor^XL,Vapor^M,Vapor^XS,Vapor^XXL,Vapor^3XL}","{/images/prd_img/20251114/5733098/detail_5733098_17850503936946_500.jpg,/images/prd_img/20251114/5733098/detail_5733098_17850503938302_500.jpg,/images/prd_img/20251114/5733098/detail_5733098_17850503939948_500.jpg,/images/prd_img/20251114/5733098/detail_5733098_17850503941398_500.jpg}",,,,"{""questions"": []}",,,2026-08-12 03:47:03.50325+00
5737844,001003,017016006,lululemon,룰루레몬,퀵 드라이 슬리브리스 폴로 셔츠 스트레이트 헴 *로고  WHT,LW1FS6S-0002,0,여성,2,2025,https://image.msscdn.net/images/goods_img/20251114/5737844/5737844_17850445814274_500.jpg,93000,93000,0,0,0,199,,,,,,,{1},"{White^0,White^10,White^12,White^14,White^2,White^4,White^6,White^8}","{/images/prd_img/20251114/5737844/detail_5737844_17850445820348_500.jpg,/images/prd_img/20251114/5737844/detail_5737844_17850445821763_500.jpg,/images/prd_img/20251114/5737844/detail_5737844_17850445823280_500.jpg,/images/prd_img/20251114/5737844/detail_5737844_17850445824671_500.jpg}",,,,,,,2026-08-12 03:47:03.50325+00
5744041,001010,017016002,lululemon,룰루레몬,소프트 저지 롱슬리브 셔츠  BLK,LM3F44S-0001,0,남성,2,2025,https://image.msscdn.net/images/goods_img/20251117/5744041/5744041_17823644177623_500.jpg,109000,109000,0,0,0,297,,,,,,,{2},"{Black^XS,Black^S,Black^M,Black^L,Black^XL,Black^XXL,Black^2XL,Black^3XL}","{/images/prd_img/20251117/5744041/detail_5744041_17823644183567_500.jpg,/images/prd_img/20251117/5744041/detail_5744041_17823644185054_500.jpg,/images/prd_img/20251117/5744041/detail_5744041_17823644186559_500.jpg,/images/prd_img/20251117/5744041/detail_5744041_17823644188145_500.jpg}",,,,,,,2026-08-12 03:47:03.50325+00
5751740,001001,001001,rollingrolleye,롤링롤라이,롤롤 럭키원 티셔츠 블랙,RE2UCL006,0,남성,1,2025,https://image.msscdn.net/images/goods_img/20251119/5751740/5751740_17635211521900_500.jpg,99000,99000,0,0,0,0,,,,,,,{2},"{S,M,L,XL,2XL}","{/images/prd_img/20251119/5751740/detail_5751740_17635211527521_500.jpg,/images/prd_img/20251119/5751740/detail_5751740_17635211528886_500.jpg,/images/prd_img/20251119/5751740/detail_5751740_17635211531316_500.jpg,/images/prd_img/20251119/5751740/detail_5751740_17635211533335_500.jpg}",,5,"[{""name"": ""S"", ""items"": [{""name"": ""총장"", ""value"": 66.0, ""recommendSizeRange"": 5}, {""name"": ""어깨너비"", ""value"": 45.0, ""recommendSizeRange"": 5}, {""name"": ""가슴단면"", ""value"": 48.0, ""recommendSizeRange"": 5}, {""name"": ""소매길이"", ""value"": 19.0, ""recommendSizeRange"": 5}]}, {""name"": ""M"", ""items"": [{""name"": ""총장"", ""value"": 68.0, ""recommendSizeRange"": 5}, {""name"": ""어깨너비"", ""value"": 47.0, ""recommendSizeRange"": 5}, {""name"": ""가슴단면"", ""value"": 50.0, ""recommendSizeRange"": 5}, {""name"": ""소매길이"", ""value"": 20.0, ""recommendSizeRange"": 5}]}, {""name"": ""L"", ""items"": [{""name"": ""총장"", ""value"": 70.0, ""recommendSizeRange"": 5}, {""name"": ""어깨너비"", ""value"": 49.0, ""recommendSizeRange"": 5}, {""name"": ""가슴단면"", ""value"": 52.0, ""recommendSizeRange"": 5}, {""name"": ""소매길이"", ""value"": 21.0, ""recommendSizeRange"": 5}]}, {""name"": ""XL"", ""items"": [{""name"": ""총장"", ""value"": 72.0, ""recommendSizeRange"": 5}, {""name"": ""어깨너비"", ""value"": 51.0, ""recommendSizeRange"": 5}, {""name"": ""가슴단면"", ""value"": 55.0, ""recommendSizeRange"": 5}, {""name"": ""소매길이"", ""value"": 22.0, ""recommendSizeRange"": 5}]}, {""name"": ""2XL"", ""items"": [{""name"": ""총장"", ""value"": 74.0, ""recommendSizeRange"": 5}, {""name"": ""어깨너비"", ""value"": 53.0, ""recommendSizeRange"": 5}, {""name"": ""가슴단면"", ""value"": 58.0, ""recommendSizeRange"": 5}, {""name"": ""소매길이"", ""value"": 23.0, ""recommendSizeRange"": 5}]}]",,,,2026-08-12 03:47:03.50325+00
5776067,001011,017016003,lululemon,룰루레몬,"원더 트레인 레이서백 탱크탑 *미디엄 서포트, B C컵  BLK",LW1FQ4S-0001,0,여성,2,2025,https://image.msscdn.net/images/goods_img/20251126/5776067/5776067_17823649775742_500.jpg,93000,93000,2,100,0,350,,,,,,,{2},"{Black^0,Black^2,Black^4,Black^6,Black^8,Black^10,Black^12,Black^14,Black^22,Black^24,Black^26,Black^16,Black^18,Black^20}","{/images/prd_img/20251126/5776067/detail_5776067_17823649781806_500.jpg,/images/prd_img/20251126/5776067/detail_5776067_17823649783316_500.jpg,/images/prd_img/20251126/5776067/detail_5776067_17823649785017_500.jpg,/images/prd_img/20251126/5776067/detail_5776067_17823649786452_500.jpg}",,,,"{""questions"": []}",,,2026-08-12 03:47:03.50325+00
5776071,001001,017016005,lululemon,룰루레몬,이지셋 트레이닝 숏슬리브 셔츠  BLK,LM3FKLS-0001,0,남성,2,2025,https://image.msscdn.net/images/goods_img/20251126/5776071/5776071_17823649664342_500.jpg,109000,109000,3,94,0,450,,,,,,,{2},"{Black^XXS,Black^XS,Black^S,Black^M,Black^L,Black^XL,Black^XXL,Black^2XL,Black^3XL,Black^4XL,Black^5XL}","{/images/prd_img/20251126/5776071/detail_5776071_17823649670853_500.jpg,/images/prd_img/20251126/5776071/detail_5776071_17823649672449_500.jpg,/images/prd_img/20251126/5776071/detail_5776071_17823649673927_500.jpg,/images/prd_img/20251126/5776071/detail_5776071_17823649675368_500.jpg}",,,,"{""questions"": []}",,,2026-08-12 03:47:03.50325+00
5776132,001001,017016005,lululemon,룰루레몬,저지 트레이닝 클래식 핏 숏슬리브 셔츠  BLK,LW3IVMS-0001,0,여성,2,2025,https://image.msscdn.net/images/goods_img/20251126/5776132/5776132_17823647530620_500.jpg,78000,78000,3,100,0,384,,,,,,,{2},"{Black^0,Black^2,Black^4,Black^6,Black^8,Black^10,Black^12,Black^14,Black^22,Black^24,Black^26,Black^16,Black^18,Black^20}","{/images/prd_img/20251126/5776132/detail_5776132_17823647536388_500.jpg,/images/prd_img/20251126/5776132/detail_5776132_17823647537676_500.jpg,/images/prd_img/20251126/5776132/detail_5776132_17823647539709_500.jpg,/images/prd_img/20251126/5776132/detail_5776132_17823647541673_500.jpg}",,,,"{""questions"": []}",,,2026-08-12 03:47:03.50325+00
5813455,001011,017016003,lululemon,룰루레몬,메탈 벤트 테크 슬리브리스 셔츠 *업데이트 핏,LM1364S-071154,0,남성,2,2025,https://image.msscdn.net/images/goods_img/20251208/5813455/5813455_17859942432590_500.jpg,78000,62000,0,0,0,336,,,,,,,{34},"{""Bay Leaf^XS"",""Bay Leaf^S"",""Bay Leaf^M"",""Bay Leaf^L"",""Bay Leaf^XL"",""Bay Leaf^XXL""}","{/images/prd_img/20251208/5813455/detail_5813455_17864467104011_500.jpg,/images/prd_img/20251208/5813455/detail_5813455_17864467105469_500.jpg,/images/prd_img/20251208/5813455/detail_5813455_17864467106882_500.jpg,/images/prd_img/20251208/5813455/detail_5813455_17864467108320_500.jpg}",,,,,,,2026-08-12 03:47:03.50325+00
5813456,001011,017016003,lululemon,룰루레몬,메탈 벤트 테크 슬리브리스 셔츠 *업데이트 핏  SRNB DULI,LM1364S-071157,0,남성,2,2025,https://image.msscdn.net/images/goods_img/20251208/5813456/5813456_17859942464162_500.jpg,78000,62000,2,100,0,159,,,,,,,{39},"{""Serene Blue/Dusty Lilac^XS"",""Serene Blue/Dusty Lilac^S"",""Serene Blue/Dusty Lilac^M"",""Serene Blue/Dusty Lilac^L"",""Serene Blue/Dusty Lilac^XL"",""Serene Blue/Dusty Lilac^XXL""}","{/images/prd_img/20251208/5813456/detail_5813456_17864467132615_500.jpg,/images/prd_img/20251208/5813456/detail_5813456_17864467133995_500.jpg,/images/prd_img/20251208/5813456/detail_5813456_17864467135396_500.jpg,/images/prd_img/20251208/5813456/detail_5813456_17864467136703_500.jpg}",,,,"{""questions"": []}",,,2026-08-12 03:47:03.50325+00
5813467,001011,017016003,lululemon,룰루레몬,메탈 벤트 테크 슬리브리스 셔츠 *업데이트 핏,LM1364S-071159,0,남성,2,2025,https://image.msscdn.net/images/goods_img/20251208/5813467/5813467_17859942770089_500.jpg,78000,62000,1,100,0,477,,,,,,,{7},"{""Chalk Blue/Blue Twill^XS"",""Chalk Blue/Blue Twill^S"",""Chalk Blue/Blue Twill^M"",""Chalk Blue/Blue Twill^L"",""Chalk Blue/Blue Twill^XL"",""Chalk Blue/Blue Twill^XXL""}","{/images/prd_img/20251208/5813467/detail_5813467_17864467434274_500.jpg,/images/prd_img/20251208/5813467/detail_5813467_17864467435663_500.jpg,/images/prd_img/20251208/5813467/detail_5813467_17864467437101_500.jpg,/images/prd_img/20251208/5813467/detail_5813467_17864467438595_500.jpg}",,,,"{""questions"": []}","{""goodsNo"": 5813467, ""isShared"": true, ""reaction"": {}, ""keywordSummaries"": [], ""sentimentSummary"": {""negative"": ""간혹 용도가 러닝보다는 헬스용으로 적합하다는 의견이 있어요. 일부 후기에서는 가격이 비싸다는 아쉬움이 있어요."", ""positive"": ""통기성이 좋아서 더운 여름에 착용하기 좋아요. 가볍고 부드러운 소재로 편안한 착용감을 제공해요. 땀 흡수와 건조가 잘 돼서 운동할 때 유용해요. 핏이 적당하고 몸에 잘 감겨서 활동하기 편해요. 배송이 빠르고 제품 상태가 양호해요.""}}",,2026-08-12 03:47:03.50325+00
5814006,001003,017016006,lululemon,룰루레몬,로고 스포츠 폴로 숏슬리브 *업데이트 핏,LM3GAYS-070297,0,남성,2,2025,https://image.msscdn.net/images/goods_img/20251208/5814006/5814006_17859942630688_500.jpg,125000,88000,0,0,0,0,,,,,,,{6},"{""Fog Green^XS"",""Fog Green^S"",""Fog Green^M"",""Fog Green^L"",""Fog Green^XL"",""Fog Green^XXL""}","{/images/prd_img/20251208/5814006/detail_5814006_17864467286113_500.jpg,/images/prd_img/20251208/5814006/detail_5814006_17864467287333_500.jpg,/images/prd_img/20251208/5814006/detail_5814006_17864467288607_500.jpg,/images/prd_img/20251208/5814006/detail_5814006_17864467290004_500.jpg}",,,,,,,2026-08-12 03:47:03.50325+00
5829820,001010,017016002,lululemon,룰루레몬,스위프틀리 릴랙스드 롱슬리브 셔츠 *업데이트 핏  BLK BLK,LW3JE9S-4780,0,여성,2,2025,https://image.msscdn.net/images/goods_img/20251215/5829820/5829820_17823574536157_500.jpg,109000,109000,11,96,59,637,,,,,,,{2},"{Black^0,Black^2,Black^4,Black^6,Black^8,Black^10,Black^12,Black^14}","{/images/prd_img/20251215/5829820/detail_5829820_17823574541831_500.jpg,/images/prd_img/20251215/5829820/detail_5829820_17823574543073_500.jpg,/images/prd_img/20251215/5829820/detail_5829820_17823574544448_500.jpg,/images/prd_img/20251215/5829820/detail_5829820_17823574545767_500.jpg}",{스위프틀리},,,"{""questions"": []}",,,2026-08-12 03:47:03.50325+00
5861230,001010,001010,discusathletic,디스커스 애슬레틱,2팩 롱 슬리브 티셔츠,DC26SG027,0,공용,1,2026,https://image.msscdn.net/images/goods_img/20251230/5861230/5861230_17853964192281_500.jpg,69900,31920,426,96,3014,1959,,,,,,,{3},"{""1. 피그먼트 차콜 / 멜란지 그레이^S"",""1. 피그먼트 차콜 / 멜란지 그레이^M"",""1. 피그먼트 차콜 / 멜란지 그레이^L"",""1. 피그먼트 차콜 / 멜란지 그레이^XL"",""1. 피그먼트 차콜 / 멜란지 그레이^2XL"",""2. 피그먼트 차콜 / 블랙^S"",""2. 피그먼트 차콜 / 블랙^M"",""2. 피그먼트 차콜 / 블랙^L"",""2. 피그먼트 차콜 / 블랙^XL"",""2. 피그먼트 차콜 / 블랙^2XL"",""3. 피그먼트 차콜 / 화이트^S"",""3. 피그먼트 차콜 / 화이트^M"",""3. 피그먼트 차콜 / 화이트^L"",""3. 피그먼트 차콜 / 화이트^XL"",""3. 피그먼트 차콜 / 화이트^2XL"",""4. 멜란지 그레이 / 블랙^S"",""4. 멜란지 그레이 / 블랙^M"",""4. 멜란지 그레이 / 블랙^L"",""4. 멜란지 그레이 / 블랙^XL"",""4. 멜란지 그레이 / 블랙^2XL""}",,"{2PACK,긴소매,긴팔,긴팔티,긴팔티셔츠,데일리팩,롱슬리브,롱슬리브티,무배당발}",21,"[{""name"": ""S"", ""items"": [{""name"": ""총장"", ""value"": 67.0, ""recommendSizeRange"": 5}, {""name"": ""어깨너비"", ""value"": 47.0, ""recommendSizeRange"": 5}, {""name"": ""가슴단면"", ""value"": 55.0, ""recommendSizeRange"": 5}, {""name"": ""소매길이"", ""value"": 60.0, ""recommendSizeRange"": 5}]}, {""name"": ""M"", ""items"": [{""name"": ""총장"", ""value"": 69.0, ""recommendSizeRange"": 5}, {""name"": ""어깨너비"", ""value"": 49.0, ""recommendSizeRange"": 5}, {""name"": ""가슴단면"", ""value"": 57.0, ""recommendSizeRange"": 5}, {""name"": ""소매길이"", ""value"": 62.0, ""recommendSizeRange"": 5}]}, {""name"": ""L"", ""items"": [{""name"": ""총장"", ""value"": 71.0, ""recommendSizeRange"": 5}, {""name"": ""어깨너비"", ""value"": 51.0, ""recommendSizeRange"": 5}, {""name"": ""가슴단면"", ""value"": 59.0, ""recommendSizeRange"": 5}, {""name"": ""소매길이"", ""value"": 64.0, ""recommendSizeRange"": 5}]}, {""name"": ""XL"", ""items"": [{""name"": ""총장"", ""value"": 72.0, ""recommendSizeRange"": 5}, {""name"": ""어깨너비"", ""value"": 53.0, ""recommendSizeRange"": 5}, {""name"": ""가슴단면"", ""value"": 61.0, ""recommendSizeRange"": 5}, {""name"": ""소매길이"", ""value"": 65.0, ""recommendSizeRange"": 5}]}, {""name"": ""2XL"", ""items"": [{""name"": ""총장"", ""value"": 73.0, ""recommendSizeRange"": 5}, {""name"": ""어깨너비"", ""value"": 55.0, ""recommendSizeRange"": 5}, {""name"": ""가슴단면"", ""value"": 63.0, ""recommendSizeRange"": 5}, {""name"": ""소매길이"", ""value"": 66.0, ""recommendSizeRange"": 5}]}]","{""questions"": [{""answers"": [{""count"": 5, ""answerText"": ""매우 작아요"", ""percentage"": 1, ""averageScore"": 5, ""answerShortText"": ""매우 작음""}, {""count"": 23, ""answerText"": ""조금 작아요"", ""percentage"": 5, ""averageScore"": 4, ""answerShortText"": ""조금 작음""}, {""count"": 368, ""answerText"": ""정사이즈예요"", ""percentage"": 86, ""averageScore"": 3, ""answerShortText"": ""정사이즈""}, {""count"": 30, ""answerText"": ""조금 커요"", ""percentage"": 7, ""averageScore"": 2, ""answerShortText"": ""조금 큼""}, {""count"": 0, ""answerText"": ""많이 커요"", ""percentage"": 0, ""averageScore"": 0, ""answerShortText"": ""많이 큼""}], ""attribute"": ""사이즈"", ""questionText"": ""상품의 사이즈는 어떤가요?""}, {""answers"": [{""count"": 3, ""answerText"": ""매우 밝아요"", ""percentage"": 0, ""averageScore"": 5, ""answerShortText"": ""매우 밝음""}, {""count"": 20, ""answerText"": ""약간 밝아요"", ""percentage"": 4, ""averageScore"": 4, ""answerShortText"": ""밝음""}, {""count"": 394, ""answerText"": ""화면과 비슷해요"", ""percentage"": 92, ""averageScore"": 3, ""answerShortText"": ""화면과 비슷""}, {""count"": 9, ""answerText"": ""약간 어두워요"", ""percentage"": 2, ""averageScore"": 2, ""answerShortText"": ""어두움""}, {""count"": 0, ""answerText"": ""매우 어두워요"", ""percentage"": 0, ""averageScore"": 0, ""answerShortText"": ""매우 어두움""}], ""attribute"": ""화면 대비 색감"", ""questionText"": ""색감은 화면에 비해 어떤가요?""}, {""answers"": [{""count"": 2, ""answerText"": ""매우 얇아요"", ""percentage"": 0, ""averageScore"": 5, ""answerShortText"": ""매우 얇음""}, {""count"": 36, ""answerText"": ""약간 얇아요"", ""percentage"": 8, ""averageScore"": 4, ""answerShortText"": ""얇음""}, {""count"": 354, ""answerText"": ""적당해요"", ""percentage"": 83, ""averageScore"": 3, ""answerShortText"": ""적당함""}, {""count"": 33, ""answerText"": ""약간 두꺼워요"", ""percentage"": 7, ""averageScore"": 2, ""answerShortText"": ""두꺼움""}, {""count"": 1, ""answerText"": ""매우 두꺼워요"", ""percentage"": 0, ""averageScore"": 1, ""answerShortText"": ""매우 두꺼움""}], ""attribute"": ""두께감"", ""questionText"": ""두께감은 어땠나요?""}, {""answers"": [{""count"": 5, ""answerText"": ""전혀 없어요"", ""percentage"": 1, ""averageScore"": 5, ""answerShortText"": ""전혀 없음""}, {""count"": 44, ""answerText"": ""거의 없어요"", ""percentage"": 10, ""averageScore"": 4, ""answerShortText"": ""거의 없음""}, {""count"": 352, ""answerText"": ""적당해요"", ""percentage"": 82, ""averageScore"": 3, ""answerShortText"": ""적당함""}, {""count"": 22, ""answerText"": ""강한 편이에요"", ""percentage"": 5, ""averageScore"": 2, ""answerShortText"": ""강함""}, {""count"": 3, ""answerText"": ""매우 강해요"", ""percentage"": 0, ""averageScore"": 1, ""answerShortText"": ""매우 강함""}], ""attribute"": ""신축성"", ""questionText"": ""신축성은 어떤가요?""}]}","{""goodsNo"": 5861230, ""isShared"": false, ""reaction"": {}, ""keywordSummaries"": [{""name"": ""사이즈"", ""type"": ""size"", ""summary"": ""대부분 적당하거나 여유 있게 맞아 편하며, 몸에 잘 맞고 핏도 좋아서 다양한 스타일에 잘 어울려요.""}, {""name"": ""핏"", ""type"": ""fit"", ""summary"": ""핏이 깔끔하고 적당해 일상에서 단독 또는 이너로 착용하기 좋아요.""}, {""name"": ""디자인"", ""type"": ""design"", ""summary"": ""깔끔하고 실용적이며, 크롭 기장과 시보리 디테일이 스타일링에 도움이 되는 점이 호평받아요.""}, {""name"": ""소재"", ""type"": ""material"", ""summary"": ""재질이 탄탄하고 세탁 후에도 수축이 적어 오래 입을 수 있어요.""}], ""sentimentSummary"": {""negative"": ""가끔 그레이 색상이 세탁 후 기장이 짧아지는 문제가 있어요. 드물지만 차콜 색상은 물빠짐이 심해 다른 옷에 이염될 수 있어요. 일부 후기에서는 색상별로 수축 정도가 달라서 주의가 필요하다고 해요. 때때로 세탁 후 기장이 줄어드는 경우가 있어 사이즈 선택에 신중해야 해요."", ""positive"": ""가성비가 뛰어난 2팩 구성이라 부담 없이 구매할 수 있어요. 피그먼트 원단이 빈티지한 질감으로 단독으로 입어도 멋져요. 손목 부분의 시보리가 스타일과 실용성을 동시에 갖추고 있어요. 세탁 후에도 변형이 적고 핏이 깔끔하게 유지돼요. 적당한 두께감으로 간절기에도 잘 어울려요.""}}",,2026-08-12 03:47:03.50325+00
5871609,001004,017016007,madden,매든,[4COLORS] 라인드 와플 후디,MDPOGA001,0,공용,1,2026,https://image.msscdn.net/images/goods_img/20260106/5871609/5871609_17696719064966_500.jpg,79900,63920,44,98,466,2293,,,,,,,"{3,36,37,8}","{""멜란지 그레이^S"",""멜란지 그레이^M"",""멜란지 그레이^L"",""멜란지 그레이^XL"",네이비^S,네이비^M,네이비^L,네이비^XL,""스카이 블루^S"",""스카이 블루^M"",""스카이 블루^L"",""스카이 블루^XL"",""퍼플 핑크^S"",""퍼플 핑크^M"",""퍼플 핑크^L"",""퍼플 핑크^XL""}","{/images/prd_img/20260106/5871609/detail_5871609_17696719194285_500.jpg,/images/prd_img/20260106/5871609/detail_5871609_17696719207002_500.jpg,/images/prd_img/20260106/5871609/detail_5871609_17696719171276_500.jpg,/images/prd_img/20260106/5871609/detail_5871609_17696719182794_500.jpg}","{HOODIE&ZIPUP,그래픽후드,롱슬리브,여성후드,오버핏후드,오버핏후드티,후드,후드집업,후드티셔츠,후디}",22,"[{""name"": ""S"", ""items"": [{""name"": ""총장"", ""value"": 64.0, ""recommendSizeRange"": 5}, {""name"": ""가슴단면"", ""value"": 57.0, ""recommendSizeRange"": 5}, {""name"": ""소매길이"", ""value"": 87.0, ""recommendSizeRange"": 5}]}, {""name"": ""M"", ""items"": [{""name"": ""총장"", ""value"": 66.0, ""recommendSizeRange"": 5}, {""name"": ""가슴단면"", ""value"": 60.0, ""recommendSizeRange"": 5}, {""name"": ""소매길이"", ""value"": 90.0, ""recommendSizeRange"": 5}]}, {""name"": ""L"", ""items"": [{""name"": ""총장"", ""value"": 68.0, ""recommendSizeRange"": 5}, {""name"": ""가슴단면"", ""value"": 63.0, ""recommendSizeRange"": 5}, {""name"": ""소매길이"", ""value"": 93.0, ""recommendSizeRange"": 5}]}, {""name"": ""XL"", ""items"": [{""name"": ""총장"", ""value"": 70.0, ""recommendSizeRange"": 5}, {""name"": ""가슴단면"", ""value"": 66.0, ""recommendSizeRange"": 5}, {""name"": ""소매길이"", ""value"": 96.0, ""recommendSizeRange"": 5}]}]","{""questions"": []}","{""goodsNo"": 5871609, ""isShared"": false, ""reaction"": {}, ""keywordSummaries"": [], ""sentimentSummary"": {""negative"": ""가끔 주머니가 양쪽에 있으면 좋겠다는 의견이 있어요. 드물지만 한여름에는 입기 힘들다는 후기가 있어요. 일부 후기에서는 사이즈가 정핏이라는 의견이 있어요."", ""positive"": ""디자인이 아주 좋고 착용감도 뛰어나요. 와플 원단이라 통풍이 잘 되고 시원해요. 활동적인 운동을 할 때 입기 좋고 등산에도 적합해요. 사이즈가 넉넉하고 편안해서 편하게 입을 수 있어요. 색상과 핏이 예쁘고 다양한 코디에 잘 어울려요.""}}",,2026-08-12 03:47:03.50325+00
5879255,001010,017016002,lululemon,룰루레몬,잇츠 Rulu 클래식 핏 롱슬리브 셔츠  BLK,LW3KLWS-0001,0,여성,1,2026,https://image.msscdn.net/images/goods_img/20260108/5879255/5879255_17850463265797_500.jpg,125000,125000,0,0,0,226,,,,,,,{2},"{Black^XXXS,Black^XXS,Black^XS,Black^S,Black^M,Black^L,Black^XL}","{/images/prd_img/20260108/5879255/detail_5879255_17850463272023_500.jpg,/images/prd_img/20260108/5879255/detail_5879255_17850463273401_500.jpg,/images/prd_img/20260108/5879255/detail_5879255_17850463274948_500.jpg,/images/prd_img/20260108/5879255/detail_5879255_17850463276406_500.jpg,/images/prd_img/20260108/5879255/detail_5879255_17850463277902_500.jpg}",,,,,,,2026-08-12 03:47:03.50325+00
5883845,001010,017016002,lululemon,룰루레몬,홀드 타이트 롱슬리브 셔츠   WHT,LW3FTFS-0002,0,여성,1,2026,https://image.msscdn.net/images/goods_img/20260110/5883845/5883845_17835813820159_500.jpg,93000,93000,0,0,0,207,,,,,,,{1},"{White^0,White^2,White^4,White^6,White^8,White^10,White^12,White^14,White^16,White^18,White^20,White^22,White^24}","{/images/prd_img/20260110/5883845/detail_5883845_17835813825834_500.jpg,/images/prd_img/20260110/5883845/detail_5883845_17835813827351_500.jpg,/images/prd_img/20260110/5883845/detail_5883845_17835813828840_500.jpg,/images/prd_img/20260110/5883845/detail_5883845_17835813830314_500.jpg,/images/prd_img/20260110/5883845/detail_5883845_17835813831980_500.jpg}",,,,,,,2026-08-12 03:47:03.50325+00
5887892,001001,017016005,biltmore,빌트모아,여성 골프 면 혼방 라운드넥 반팔 티셔츠,B0RWSH1046,0,여성,1,0000,https://image.msscdn.net/images/goods_img/20260113/5887892/5887892_17800372409800_500.jpg,29000,29000,0,0,0,0,레귤러,부드러움,있음,,약간 얇음,여름,"{1,36,6}","{네이비^90,네이비^95,네이비^100,네이비^105,그린^90,그린^95,그린^100,그린^105,화이트^90,화이트^95,화이트^100,화이트^105}","{/images/prd_img/20260113/5887892/detail_5887892_17800372458154_500.jpg,/images/prd_img/20260113/5887892/detail_5887892_17800372464088_500.jpg,/images/prd_img/20260113/5887892/detail_5887892_17800372470228_500.jpg,/images/prd_img/20260113/5887892/detail_5887892_17800372475719_500.jpg,/images/prd_img/20260113/5887892/detail_5887892_17800372481540_500.jpg,/images/prd_img/20260113/5887892/detail_5887892_17800372487426_500.jpg}","{골프웨어,골프티셔츠,데일리,반소매티셔츠,반팔,반팔티셔츠,여름반팔}",5,"[{""name"": ""90"", ""items"": [{""name"": ""총장"", ""value"": 58.5, ""recommendSizeRange"": 5}, {""name"": ""어깨너비"", ""value"": 44.5, ""recommendSizeRange"": 5}, {""name"": ""가슴단면"", ""value"": 50.5, ""recommendSizeRange"": 5}, {""name"": ""소매길이"", ""value"": 21.0, ""recommendSizeRange"": 5}]}, {""name"": ""95"", ""items"": [{""name"": ""총장"", ""value"": 60.0, ""recommendSizeRange"": 5}, {""name"": ""어깨너비"", ""value"": 46.0, ""recommendSizeRange"": 5}, {""name"": ""가슴단면"", ""value"": 53.0, ""recommendSizeRange"": 5}, {""name"": ""소매길이"", ""value"": 22.0, ""recommendSizeRange"": 5}]}, {""name"": ""100"", ""items"": [{""name"": ""총장"", ""value"": 61.5, ""recommendSizeRange"": 5}, {""name"": ""어깨너비"", ""value"": 47.5, ""recommendSizeRange"": 5}, {""name"": ""가슴단면"", ""value"": 55.5, ""recommendSizeRange"": 5}, {""name"": ""소매길이"", ""value"": 23.0, ""recommendSizeRange"": 5}]}, {""name"": ""105"", ""items"": [{""name"": ""총장"", ""value"": 63.0, ""recommendSizeRange"": 5}, {""name"": ""어깨너비"", ""value"": 49.0, ""recommendSizeRange"": 5}, {""name"": ""가슴단면"", ""value"": 58.0, ""recommendSizeRange"": 5}, {""name"": ""소매길이"", ""value"": 24.0, ""recommendSizeRange"": 5}]}]",,,,2026-08-12 03:47:03.50325+00
5891795,001001,017016005,lululemon,룰루레몬,라이선스 투 트레인 숏슬리브 셔츠  ONGE,LM3EJUS-072760,0,남성,1,2026,https://image.msscdn.net/images/goods_img/20260113/5891795/5891795_17823588248941_500.jpg,93000,93000,2,100,0,528,,,,,,,{2},"{""Onyx Grey^XS"",""Onyx Grey^S"",""Onyx Grey^M"",""Onyx Grey^L"",""Onyx Grey^XL"",""Onyx Grey^XXL"",""Onyx Grey^3XL""}","{/images/prd_img/20260113/5891795/detail_5891795_17823588254898_500.jpg,/images/prd_img/20260113/5891795/detail_5891795_17823588256341_500.jpg,/images/prd_img/20260113/5891795/detail_5891795_17823588257779_500.jpg,/images/prd_img/20260113/5891795/detail_5891795_17823588259200_500.jpg,/images/prd_img/20260113/5891795/detail_5891795_17823588260670_500.jpg}",,,,"{""questions"": []}",,,2026-08-12 03:47:03.50325+00
5896760,001011,001011,mixxo,미쏘,베이직 튜브탑_MIWHNG350A,MIWHNG350A,0,여성,1,2026,https://image.msscdn.net/images/goods_img/20260115/5896760/5896760_17738119811600_500.jpg,9900,5940,5,64,0,497,,,,,,,"{2,3,36}","{(15)Gray^090,(15)Gray^095,(15)Gray^100,(19)Black^090,(19)Black^095,(19)Black^100,(59)Navy^090,(59)Navy^095,(59)Navy^100}","{/images/prd_img/20260115/5896760/detail_5896760_17738120835257_500.jpg,/images/prd_img/20260115/5896760/detail_5896760_17738121125138_500.jpg,/images/prd_img/20260115/5896760/detail_5896760_17738121129703_500.jpg,/images/prd_img/20260115/5896760/detail_5896760_17738121133942_500.jpg}",,,,"{""questions"": []}",,,2026-08-12 03:47:03.50325+00
5896762,001011,001011,mixxo,미쏘,크롭탑 나시 티셔츠_MIWHNG310A,MIWHNG310A,0,여성,1,2026,https://image.msscdn.net/images/goods_img/20260115/5896762/5896762_17822664092289_500.jpg,7900,5310,39,92,396,5407,,,,,,,"{1,2,23,3,4}","{(10)White^090,(10)White^095,(10)White^100,(15)Gray^090,(15)Gray^095,(15)Gray^100,(19)Black^090,(19)Black^095,(19)Black^100,(39)Ivory^090,(39)Ivory^095,(39)Ivory^100,(85)Brown^090,(85)Brown^095,(85)Brown^100}","{/images/prd_img/20260115/5896762/detail_5896762_17688841245161_500.jpg,/images/prd_img/20260115/5896762/detail_5896762_17688841251190_500.jpg,/images/prd_img/20260115/5896762/detail_5896762_17688841257037_500.jpg,/images/prd_img/20260115/5896762/detail_5896762_17688841262913_500.jpg,/images/prd_img/20260115/5896762/detail_5896762_17688841548513_500.jpg,/images/prd_img/20260115/5896762/detail_5896762_17688841554144_500.jpg,/images/prd_img/20260115/5896762/detail_5896762_17821861001826_500.jpg,/images/prd_img/20260115/5896762/detail_5896762_17821861006609_500.jpg}","{데일리룩,레이어드나시,레이어드슬리브리스,민소매,슬리브리스,슬리브리스탑,신상}",,,"{""questions"": [{""answers"": [{""count"": 2, ""answerText"": ""매우 작아요"", ""percentage"": 5, ""averageScore"": 5, ""answerShortText"": ""매우 작음""}, {""count"": 3, ""answerText"": ""조금 작아요"", ""percentage"": 7, ""averageScore"": 4, ""answerShortText"": ""조금 작음""}, {""count"": 32, ""answerText"": ""정사이즈예요"", ""percentage"": 82, ""averageScore"": 3, ""answerShortText"": ""정사이즈""}, {""count"": 2, ""answerText"": ""조금 커요"", ""percentage"": 5, ""averageScore"": 2, ""answerShortText"": ""조금 큼""}, {""count"": 0, ""answerText"": ""많이 커요"", ""percentage"": 0, ""averageScore"": 0, ""answerShortText"": ""많이 큼""}], ""attribute"": ""사이즈"", ""questionText"": ""상품의 사이즈는 어떤가요?""}, {""answers"": [{""count"": 0, ""answerText"": ""매우 밝아요"", ""percentage"": 0, ""averageScore"": 0, ""answerShortText"": ""매우 밝음""}, {""count"": 0, ""answerText"": ""약간 밝아요"", ""percentage"": 0, ""averageScore"": 0, ""answerShortText"": ""밝음""}, {""count"": 39, ""answerText"": ""화면과 비슷해요"", ""percentage"": 100, ""averageScore"": 3, ""answerShortText"": ""화면과 비슷""}, {""count"": 0, ""answerText"": ""약간 어두워요"", ""percentage"": 0, ""averageScore"": 0, ""answerShortText"": ""어두움""}, {""count"": 0, ""answerText"": ""매우 어두워요"", ""percentage"": 0, ""averageScore"": 0, ""answerShortText"": ""매우 어두움""}], ""attribute"": ""화면 대비 색감"", ""questionText"": ""색감은 화면에 비해 어떤가요?""}, {""answers"": [{""count"": 0, ""answerText"": ""매우 얇아요"", ""percentage"": 0, ""averageScore"": 0, ""answerShortText"": ""매우 얇음""}, {""count"": 4, ""answerText"": ""약간 얇아요"", ""percentage"": 10, ""averageScore"": 4, ""answerShortText"": ""얇음""}, {""count"": 33, ""answerText"": ""적당해요"", ""percentage"": 84, ""averageScore"": 3, ""answerShortText"": ""적당함""}, {""count"": 2, ""answerText"": ""약간 두꺼워요"", ""percentage"": 5, ""averageScore"": 2, ""answerShortText"": ""두꺼움""}, {""count"": 0, ""answerText"": ""매우 두꺼워요"", ""percentage"": 0, ""averageScore"": 0, ""answerShortText"": ""매우 두꺼움""}], ""attribute"": ""두께감"", ""questionText"": ""두께감은 어땠나요?""}, {""answers"": [{""count"": 0, ""answerText"": ""전혀 없어요"", ""percentage"": 0, ""averageScore"": 0, ""answerShortText"": ""전혀 없음""}, {""count"": 0, ""answerText"": ""거의 없어요"", ""percentage"": 0, ""averageScore"": 0, ""answerShortText"": ""거의 없음""}, {""count"": 30, ""answerText"": ""적당해요"", ""percentage"": 76, ""averageScore"": 3, ""answerShortText"": ""적당함""}, {""count"": 8, ""answerText"": ""강한 편이에요"", ""percentage"": 20, ""averageScore"": 2, ""answerShortText"": ""강함""}, {""count"": 1, ""answerText"": ""매우 강해요"", ""percentage"": 2, ""averageScore"": 1, ""answerShortText"": ""매우 강함""}], ""attribute"": ""신축성"", ""questionText"": ""신축성은 어떤가요?""}]}","{""goodsNo"": 5896762, ""isShared"": false, ""reaction"": {}, ""keywordSummaries"": [], ""sentimentSummary"": {""negative"": ""가끔 가슴 부분이 뜨는 경우가 있어 신경 써야 해요. 일부 후기에서는 넥라인이 힘이 없고 길이가 짧다고 해요. 때때로 너무 딱 붙는 핏이라 불편할 수 있어요."", ""positive"": ""신축성이 좋아서 몸에 부드럽게 핏 돼요. 원단이 여름원단이라 찰랑찰랑 부드럽고 시원해요. 길이감이 적당해서 단독으로나 이너로 활용하기 좋아요. 촉감이 좋고 기본 디자인이라 여러 코디에 잘 어울려요. 가격 대비 퀄리티가 뛰어나서 재구매 의사가 높아요.""}}",,2026-08-12 03:47:03.50325+00
5900375,001011,017016003,lululemon,룰루레몬,패스트 앤 프리 탱크탑 *라이트  BALF,LW1FJOS-062214,0,여성,1,2026,https://image.msscdn.net/images/goods_img/20260115/5900375/5900375_17823587640033_500.jpg,78000,39000,0,0,0,2634,,,,,,,{34},"{""Bay Leaf^XXXS"",""Bay Leaf^XXS"",""Bay Leaf^XS"",""Bay Leaf^S"",""Bay Leaf^M"",""Bay Leaf^L"",""Bay Leaf^XL""}","{/images/prd_img/20260115/5900375/detail_5900375_17823587646143_500.jpg,/images/prd_img/20260115/5900375/detail_5900375_17823587647509_500.jpg,/images/prd_img/20260115/5900375/detail_5900375_17823587648834_500.jpg,/images/prd_img/20260115/5900375/detail_5900375_17823587650321_500.jpg,/images/prd_img/20260115/5900375/detail_5900375_17823587651608_500.jpg}",{패스트앤프리},,,,,,2026-08-12 03:47:03.50325+00
5900376,001011,017016003,lululemon,룰루레몬,패스트 앤 프리 탱크탑 *라이트  SRNB,LW1FJOS-032507,0,여성,1,2026,https://image.msscdn.net/images/goods_img/20260115/5900376/5900376_17823587699624_500.jpg,78000,39000,0,0,0,3797,,,,,,,{7},"{""Serene Blue^XXXS"",""Serene Blue^XXS"",""Serene Blue^XS"",""Serene Blue^S"",""Serene Blue^M"",""Serene Blue^L"",""Serene Blue^XL""}","{/images/prd_img/20260115/5900376/detail_5900376_17823587705410_500.jpg,/images/prd_img/20260115/5900376/detail_5900376_17823587706674_500.jpg,/images/prd_img/20260115/5900376/detail_5900376_17823587708023_500.jpg,/images/prd_img/20260115/5900376/detail_5900376_17823587709418_500.jpg,/images/prd_img/20260115/5900376/detail_5900376_17823587710807_500.jpg}",{패스트앤프리},,,,,,2026-08-12 03:47:03.50325+00
5907034,001011,017016003,lululemon,룰루레몬,원더모스트 Ultra Soft Nulu 튜브탑  BLK,LW1ESDS-0001,0,여성,1,2026,https://image.msscdn.net/images/goods_img/20260119/5907034/5907034_17864290956147_500.jpg,67000,41000,0,0,0,122,,,,,,,{2},"{Black^XXS,Black^S,Black^M,Black^L,Black^XL,Black^XS,Black^XXL}","{/images/prd_img/20260119/5907034/detail_5907034_17864290962257_500.jpg,/images/prd_img/20260119/5907034/detail_5907034_17864290963722_500.jpg,/images/prd_img/20260119/5907034/detail_5907034_17864290965494_500.jpg,/images/prd_img/20260119/5907034/detail_5907034_17864290967046_500.jpg}",,,,,,,2026-08-12 03:47:03.50325+00
5923701,001001,017016005,biltmore,빌트모아,여성 골프 아이스 밴드 반소매 티셔츠,K0RWSH1090,0,여성,1,0000,https://image.msscdn.net/images/goods_img/20260122/5923701/5923701_17800196655170_500.jpg,29000,29000,0,0,0,0,레귤러,부드러움,있음,없음,얇음,여름,"{2,36,5}","{블랙^90,블랙^95,블랙^100,블랙^105,네이비^90,네이비^95,네이비^100,네이비^105,베이지^90,베이지^95,베이지^100,베이지^105}","{/images/prd_img/20260122/5923701/detail_5923701_17800196720595_500.jpg,/images/prd_img/20260122/5923701/detail_5923701_17800196727570_500.jpg,/images/prd_img/20260122/5923701/detail_5923701_17800196734579_500.jpg,/images/prd_img/20260122/5923701/detail_5923701_17800196742173_500.jpg}","{골프연습복,골프웨어,골프티셔츠,냉감티셔츠,라운드티셔츠,라운딩룩,여성골프웨어,쿨아이템}",5,"[{""name"": ""90"", ""items"": [{""name"": ""총장"", ""value"": 54.5, ""recommendSizeRange"": 5}, {""name"": ""어깨너비"", ""value"": 43.5, ""recommendSizeRange"": 5}, {""name"": ""가슴단면"", ""value"": 46.5, ""recommendSizeRange"": 5}, {""name"": ""소매길이"", ""value"": 18.0, ""recommendSizeRange"": 5}]}, {""name"": ""95"", ""items"": [{""name"": ""총장"", ""value"": 56.0, ""recommendSizeRange"": 5}, {""name"": ""어깨너비"", ""value"": 45.0, ""recommendSizeRange"": 5}, {""name"": ""가슴단면"", ""value"": 49.0, ""recommendSizeRange"": 5}, {""name"": ""소매길이"", ""value"": 19.0, ""recommendSizeRange"": 5}]}, {""name"": ""100"", ""items"": [{""name"": ""총장"", ""value"": 57.5, ""recommendSizeRange"": 5}, {""name"": ""어깨너비"", ""value"": 46.5, ""recommendSizeRange"": 5}, {""name"": ""가슴단면"", ""value"": 51.5, ""recommendSizeRange"": 5}, {""name"": ""소매길이"", ""value"": 20.0, ""recommendSizeRange"": 5}]}, {""name"": ""105"", ""items"": [{""name"": ""총장"", ""value"": 59.0, ""recommendSizeRange"": 5}, {""name"": ""어깨너비"", ""value"": 48.0, ""recommendSizeRange"": 5}, {""name"": ""가슴단면"", ""value"": 54.0, ""recommendSizeRange"": 5}, {""name"": ""소매길이"", ""value"": 21.0, ""recommendSizeRange"": 5}]}]",,,,2026-08-12 03:47:03.50325+00
5933047,001004,001004,rollingrolleye,롤링롤라이,집업후드 네스트 블랙,RE5UCL036,0,남성,1,2026,https://image.msscdn.net/images/goods_img/20260123/5933047/5933047_17691567455667_500.jpg,235000,235000,0,0,0,0,,,,,,,{2},"{S,M,L,XL,2XL,3XL}","{/images/prd_img/20260123/5933047/detail_5933047_17691567461577_500.jpg,/images/prd_img/20260123/5933047/detail_5933047_17691567463280_500.jpg,/images/prd_img/20260123/5933047/detail_5933047_17691567465995_500.jpg,/images/prd_img/20260123/5933047/detail_5933047_17691567467850_500.jpg}",,21,"[{""name"": ""S"", ""items"": [{""name"": ""총장"", ""value"": 61.0, ""recommendSizeRange"": 5}, {""name"": ""어깨너비"", ""value"": 41.0, ""recommendSizeRange"": 5}, {""name"": ""가슴단면"", ""value"": 49.0, ""recommendSizeRange"": 5}, {""name"": ""소매길이"", ""value"": 60.0, ""recommendSizeRange"": 5}]}, {""name"": ""M"", ""items"": [{""name"": ""총장"", ""value"": 63.0, ""recommendSizeRange"": 5}, {""name"": ""어깨너비"", ""value"": 42.0, ""recommendSizeRange"": 5}, {""name"": ""가슴단면"", ""value"": 52.0, ""recommendSizeRange"": 5}, {""name"": ""소매길이"", ""value"": 61.0, ""recommendSizeRange"": 5}]}, {""name"": ""L"", ""items"": [{""name"": ""총장"", ""value"": 65.0, ""recommendSizeRange"": 5}, {""name"": ""어깨너비"", ""value"": 43.0, ""recommendSizeRange"": 5}, {""name"": ""가슴단면"", ""value"": 55.0, ""recommendSizeRange"": 5}, {""name"": ""소매길이"", ""value"": 62.0, ""recommendSizeRange"": 5}]}, {""name"": ""XL"", ""items"": [{""name"": ""총장"", ""value"": 67.0, ""recommendSizeRange"": 5}, {""name"": ""어깨너비"", ""value"": 45.0, ""recommendSizeRange"": 5}, {""name"": ""가슴단면"", ""value"": 57.0, ""recommendSizeRange"": 5}, {""name"": ""소매길이"", ""value"": 63.0, ""recommendSizeRange"": 5}]}, {""name"": ""2XL"", ""items"": [{""name"": ""총장"", ""value"": 68.0, ""recommendSizeRange"": 5}, {""name"": ""어깨너비"", ""value"": 47.0, ""recommendSizeRange"": 5}, {""name"": ""가슴단면"", ""value"": 59.0, ""recommendSizeRange"": 5}, {""name"": ""소매길이"", ""value"": 64.0, ""recommendSizeRange"": 5}]}, {""name"": ""3XL"", ""items"": [{""name"": ""총장"", ""value"": 70.0, ""recommendSizeRange"": 5}, {""name"": ""어깨너비"", ""value"": 53.0, ""recommendSizeRange"": 5}, {""name"": ""가슴단면"", ""value"": 68.0, ""recommendSizeRange"": 5}, {""name"": ""소매길이"", ""value"": 68.0, ""recommendSizeRange"": 5}]}]",,,,2026-08-12 03:47:03.50325+00
5996508,001004,017016007,muscolo,머스콜로,트윈로고 사이드라인 오버핏 후드티셔츠 - 블랙,EB_SLTOP_KK,0,남성,1,2026,https://image.msscdn.net/images/goods_img/20260209/5996508/5996508_17820607659230_500.png,58000,58000,0,0,0,0,,,,,,,{2},"{1,2,3}","{/images/prd_img/20260209/5996508/detail_5996508_17820607665192_500.png,/images/prd_img/20260209/5996508/detail_5996508_17820607666656_500.png,/images/prd_img/20260209/5996508/detail_5996508_17820607668265_500.png,/images/prd_img/20260209/5996508/detail_5996508_17820607669695_500.png}",,21,"[{""name"": ""1"", ""items"": [{""name"": ""총장"", ""value"": 76.0, ""recommendSizeRange"": 5}, {""name"": ""어깨너비"", ""value"": 68.0, ""recommendSizeRange"": 5}, {""name"": ""가슴단면"", ""value"": 70.0, ""recommendSizeRange"": 5}, {""name"": ""소매길이"", ""value"": 62.0, ""recommendSizeRange"": 5}]}, {""name"": ""2"", ""items"": [{""name"": ""총장"", ""value"": 80.0, ""recommendSizeRange"": 5}, {""name"": ""어깨너비"", ""value"": 74.0, ""recommendSizeRange"": 5}, {""name"": ""가슴단면"", ""value"": 74.0, ""recommendSizeRange"": 5}, {""name"": ""소매길이"", ""value"": 65.0, ""recommendSizeRange"": 5}]}, {""name"": ""3"", ""items"": [{""name"": ""총장"", ""value"": 84.0, ""recommendSizeRange"": 5}, {""name"": ""어깨너비"", ""value"": 76.0, ""recommendSizeRange"": 5}, {""name"": ""가슴단면"", ""value"": 78.0, ""recommendSizeRange"": 5}, {""name"": ""소매길이"", ""value"": 67.0, ""recommendSizeRange"": 5}]}]",,,,2026-08-12 03:47:03.50325+00
6008465,001001,017016005,earthcalmera,얼스캄에라,[3팩] 쿨메쉬 스포츠 숏슬리브_3컬러,ECT005,0,남성,"",0000,https://image.msscdn.net/images/goods_img/20260211/6008465/6008465_17851330946480_500.jpg,43000,25200,20,98,75,404,레귤러,약간|부드러움,있음,거의 없음,약간 얇음,"봄,여름",{1},"{""화이트 + 그레이 + 블랙^M"",""화이트 + 그레이 + 블랙^L"",""화이트 + 그레이 + 블랙^XL"",""화이트 + 그레이 + 블랙^XXL""}","{/images/prd_img/20260211/6008465/detail_6008465_17851331025122_500.jpg,/images/prd_img/20260211/6008465/detail_6008465_17851331053820_500.jpg,/images/prd_img/20260211/6008465/detail_6008465_17727833611087_500.jpg,/images/prd_img/20260211/6008465/detail_6008465_17727833619476_500.jpg,/images/prd_img/20260211/6008465/detail_6008465_17727833627997_500.jpg,/images/prd_img/20260211/6008465/detail_6008465_17727833637240_500.jpg,/images/prd_img/20260211/6008465/detail_6008465_17727833646327_500.jpg,/images/prd_img/20260211/6008465/detail_6008465_17727833656004_500.jpg,/images/prd_img/20260211/6008465/detail_6008465_17727833663455_500.jpg,/images/prd_img/20260211/6008465/detail_6008465_17727833675413_500.jpg,/images/prd_img/20260211/6008465/detail_6008465_17727833681005_500.jpg,/images/prd_img/20260211/6008465/detail_6008465_17727833687048_500.jpg}","{러닝,러닝복,무배당발,반소매티,반팔티셔츠,운동복,티셔츠}",5,"[{""name"": ""M"", ""items"": [{""name"": ""총장"", ""value"": 68.0, ""recommendSizeRange"": 5}, {""name"": ""어깨너비"", ""value"": 42.5, ""recommendSizeRange"": 5}, {""name"": ""가슴단면"", ""value"": 51.0, ""recommendSizeRange"": 5}, {""name"": ""소매길이"", ""value"": 22.0, ""recommendSizeRange"": 5}]}, {""name"": ""L"", ""items"": [{""name"": ""총장"", ""value"": 70.0, ""recommendSizeRange"": 5}, {""name"": ""어깨너비"", ""value"": 44.0, ""recommendSizeRange"": 5}, {""name"": ""가슴단면"", ""value"": 53.5, ""recommendSizeRange"": 5}, {""name"": ""소매길이"", ""value"": 23.0, ""recommendSizeRange"": 5}]}, {""name"": ""XL"", ""items"": [{""name"": ""총장"", ""value"": 72.0, ""recommendSizeRange"": 5}, {""name"": ""어깨너비"", ""value"": 45.5, ""recommendSizeRange"": 5}, {""name"": ""가슴단면"", ""value"": 56.0, ""recommendSizeRange"": 5}, {""name"": ""소매길이"", ""value"": 24.0, ""recommendSizeRange"": 5}]}, {""name"": ""XXL"", ""items"": [{""name"": ""총장"", ""value"": 74.0, ""recommendSizeRange"": 5}, {""name"": ""어깨너비"", ""value"": 47.0, ""recommendSizeRange"": 5}, {""name"": ""가슴단면"", ""value"": 58.5, ""recommendSizeRange"": 5}, {""name"": ""소매길이"", ""value"": 25.0, ""recommendSizeRange"": 5}]}]","{""questions"": []}",,,2026-08-12 03:47:03.50325+00
6024242,001001,017016005,discoveryexpedition,디스커버리 익스페디션,여성 셔링 반팔티셔츠 (D/PINK),DWRS9T063-PKD,0,여성,1,2026,https://image.msscdn.net/images/goods_img/20260213/6024242/6024242_17841712481812_500.jpg,59000,59000,0,0,0,157,,,,,,,{73},"{90,95,100}","{/images/prd_img/20260213/6024242/detail_6024242_17709593036309_500.jpg,/images/prd_img/20260213/6024242/detail_6024242_17709593011845_500.jpg,/images/prd_img/20260213/6024242/detail_6024242_17709593016165_500.jpg,/images/prd_img/20260213/6024242/detail_6024242_17709593019844_500.jpg,/images/prd_img/20260213/6024242/detail_6024242_17709593025128_500.jpg,/images/prd_img/20260213/6024242/detail_6024242_17709593028544_500.jpg,/images/prd_img/20260213/6024242/detail_6024242_17709593032133_500.jpg}","{디스커버리티셔츠,반팔티셔츠,여성반팔티,여성티셔츠}",,,,,,2026-08-12 03:47:03.50325+00
6027348,001011,017016003,lululemon,룰루레몬,비캄 릴랙스 핏 슬리브리스 셔츠  HBLK,LM1382S-1966,0,남성,1,2026,https://image.msscdn.net/images/goods_img/20260216/6027348/6027348_17823560061051_500.jpg,93000,93000,5,96,0,1233,,,,,,,{2},"{Black^XS,Black^S,Black^M,Black^L,Black^XL,Black^XXL,Black^2XL}","{/images/prd_img/20260216/6027348/detail_6027348_17823560068490_500.jpg,/images/prd_img/20260216/6027348/detail_6027348_17823560069856_500.jpg,/images/prd_img/20260216/6027348/detail_6027348_17823560071198_500.jpg,/images/prd_img/20260216/6027348/detail_6027348_17823560072616_500.jpg}",,,,"{""questions"": []}",,,2026-08-12 03:47:03.50325+00
6058969,001004,017016007,hydrogen,하이드로겐,유니 콘초 그래픽 후드티,H31F1FH297_IV,0,남성,1,2026,https://image.msscdn.net/images/goods_img/20260226/6058969/6058969_17720787522333_500.jpg,249000,249000,0,0,0,0,,,,,,,{23},"{IV_S,IV_M,IV_L,IV_XL}",,,21,"[{""name"": ""IV_S"", ""items"": [{""name"": ""총장"", ""value"": 57.0, ""recommendSizeRange"": 5}, {""name"": ""어깨너비"", ""value"": 50.0, ""recommendSizeRange"": 5}, {""name"": ""가슴단면"", ""value"": 56.0, ""recommendSizeRange"": 5}, {""name"": ""소매길이"", ""value"": 57.0, ""recommendSizeRange"": 5}]}, {""name"": ""IV_M"", ""items"": [{""name"": ""총장"", ""value"": 65.0, ""recommendSizeRange"": 5}, {""name"": ""어깨너비"", ""value"": 55.0, ""recommendSizeRange"": 5}, {""name"": ""가슴단면"", ""value"": 57.5, ""recommendSizeRange"": 5}, {""name"": ""소매길이"", ""value"": 60.5, ""recommendSizeRange"": 5}]}, {""name"": ""IV_L"", ""items"": [{""name"": ""총장"", ""value"": 67.0, ""recommendSizeRange"": 5}, {""name"": ""어깨너비"", ""value"": 57.0, ""recommendSizeRange"": 5}, {""name"": ""가슴단면"", ""value"": 60.0, ""recommendSizeRange"": 5}, {""name"": ""소매길이"", ""value"": 61.5, ""recommendSizeRange"": 5}]}, {""name"": ""IV_XL"", ""items"": [{""name"": ""총장"", ""value"": 69.0, ""recommendSizeRange"": 5}, {""name"": ""어깨너비"", ""value"": 59.0, ""recommendSizeRange"": 5}, {""name"": ""가슴단면"", ""value"": 62.5, ""recommendSizeRange"": 5}, {""name"": ""소매길이"", ""value"": 62.5, ""recommendSizeRange"": 5}]}]",,,,2026-08-12 03:47:03.50325+00
6059020,001003,017016006,hydrogen,하이드로겐,유니 타이다잉 티셔츠,H31F2TR125_KH,0,남성,1,2026,https://image.msscdn.net/images/goods_img/20260226/6059020/6059020_17720790415091_500.jpg,179000,179000,0,0,0,0,,,,,,,{83},"{KH_M,KH_L,KH_XL}",,,5,"[{""name"": ""KH_M"", ""items"": [{""name"": ""총장"", ""value"": 68.0, ""recommendSizeRange"": 5}, {""name"": ""어깨너비"", ""value"": 51.0, ""recommendSizeRange"": 5}, {""name"": ""가슴단면"", ""value"": 58.0, ""recommendSizeRange"": 5}, {""name"": ""소매길이"", ""value"": 25.0, ""recommendSizeRange"": 5}]}, {""name"": ""KH_L"", ""items"": [{""name"": ""총장"", ""value"": 70.0, ""recommendSizeRange"": 5}, {""name"": ""어깨너비"", ""value"": 53.0, ""recommendSizeRange"": 5}, {""name"": ""가슴단면"", ""value"": 60.5, ""recommendSizeRange"": 5}, {""name"": ""소매길이"", ""value"": 25.5, ""recommendSizeRange"": 5}]}, {""name"": ""KH_XL"", ""items"": [{""name"": ""총장"", ""value"": 72.0, ""recommendSizeRange"": 5}, {""name"": ""어깨너비"", ""value"": 55.0, ""recommendSizeRange"": 5}, {""name"": ""가슴단면"", ""value"": 63.0, ""recommendSizeRange"": 5}, {""name"": ""소매길이"", ""value"": 26.0, ""recommendSizeRange"": 5}]}]",,,,2026-08-12 03:47:03.50325+00
6059055,001003,017016006,hydrogen,하이드로겐,남성 헤리티지 본즈 반팔 티셔츠,H11F2TR227_MG,0,남성,1,2026,https://image.msscdn.net/images/goods_img/20260226/6059055/6059055_17720792620902_500.jpg,149000,149000,0,0,0,0,,,,,,,{24},"{MG_M,MG_L,MG_XL}",,,5,"[{""name"": ""MG_M"", ""items"": [{""name"": ""총장"", ""value"": 69.5, ""recommendSizeRange"": 5}, {""name"": ""어깨너비"", ""value"": 49.0, ""recommendSizeRange"": 5}, {""name"": ""가슴단면"", ""value"": 56.5, ""recommendSizeRange"": 5}, {""name"": ""소매길이"", ""value"": 24.5, ""recommendSizeRange"": 5}]}, {""name"": ""MG_L"", ""items"": [{""name"": ""총장"", ""value"": 71.0, ""recommendSizeRange"": 5}, {""name"": ""어깨너비"", ""value"": 51.0, ""recommendSizeRange"": 5}, {""name"": ""가슴단면"", ""value"": 59.0, ""recommendSizeRange"": 5}, {""name"": ""소매길이"", ""value"": 25.0, ""recommendSizeRange"": 5}]}, {""name"": ""MG_XL"", ""items"": [{""name"": ""총장"", ""value"": 72.5, ""recommendSizeRange"": 5}, {""name"": ""어깨너비"", ""value"": 53.0, ""recommendSizeRange"": 5}, {""name"": ""가슴단면"", ""value"": 61.5, ""recommendSizeRange"": 5}, {""name"": ""소매길이"", ""value"": 25.5, ""recommendSizeRange"": 5}]}]",,,,2026-08-12 03:47:03.50325+00
6059064,001003,017016006,hydrogen,하이드로겐,남성 파이어 본즈 반팔 티셔츠,H11F2TR220_BK,0,남성,1,2026,https://image.msscdn.net/images/goods_img/20260226/6059064/6059064_17720793146211_500.jpg,149000,149000,0,0,0,0,,,,,,,{2},"{BK_M,BK_L,BK_XL}",,,5,"[{""name"": ""BK_M"", ""items"": [{""name"": ""총장"", ""value"": 68.5, ""recommendSizeRange"": 5}, {""name"": ""어깨너비"", ""value"": 51.0, ""recommendSizeRange"": 5}, {""name"": ""가슴단면"", ""value"": 58.0, ""recommendSizeRange"": 5}, {""name"": ""소매길이"", ""value"": 25.0, ""recommendSizeRange"": 5}]}, {""name"": ""BK_L"", ""items"": [{""name"": ""총장"", ""value"": 70.0, ""recommendSizeRange"": 5}, {""name"": ""어깨너비"", ""value"": 53.0, ""recommendSizeRange"": 5}, {""name"": ""가슴단면"", ""value"": 60.5, ""recommendSizeRange"": 5}, {""name"": ""소매길이"", ""value"": 25.5, ""recommendSizeRange"": 5}]}, {""name"": ""BK_XL"", ""items"": [{""name"": ""총장"", ""value"": 71.5, ""recommendSizeRange"": 5}, {""name"": ""어깨너비"", ""value"": 55.0, ""recommendSizeRange"": 5}, {""name"": ""가슴단면"", ""value"": 63.0, ""recommendSizeRange"": 5}, {""name"": ""소매길이"", ""value"": 26.0, ""recommendSizeRange"": 5}]}]",,,,2026-08-12 03:47:03.50325+00
6059069,001003,017016006,hydrogen,하이드로겐,남성 콘초 그래픽 반팔 티셔츠,H11F2TR216_IV,0,남성,1,2026,https://image.msscdn.net/images/goods_img/20260226/6059069/6059069_17720793368164_500.jpg,149000,149000,0,0,0,0,,,,,,,{1},"{IV_M,IV_L,IV_XL}",,,5,"[{""name"": ""IV_M"", ""items"": [{""name"": ""총장"", ""value"": 68.5, ""recommendSizeRange"": 5}, {""name"": ""어깨너비"", ""value"": 51.0, ""recommendSizeRange"": 5}, {""name"": ""가슴단면"", ""value"": 58.0, ""recommendSizeRange"": 5}, {""name"": ""소매길이"", ""value"": 25.0, ""recommendSizeRange"": 5}]}, {""name"": ""IV_L"", ""items"": [{""name"": ""총장"", ""value"": 70.0, ""recommendSizeRange"": 5}, {""name"": ""어깨너비"", ""value"": 53.0, ""recommendSizeRange"": 5}, {""name"": ""가슴단면"", ""value"": 60.5, ""recommendSizeRange"": 5}, {""name"": ""소매길이"", ""value"": 25.5, ""recommendSizeRange"": 5}]}, {""name"": ""IV_XL"", ""items"": [{""name"": ""총장"", ""value"": 71.5, ""recommendSizeRange"": 5}, {""name"": ""어깨너비"", ""value"": 55.0, ""recommendSizeRange"": 5}, {""name"": ""가슴단면"", ""value"": 63.0, ""recommendSizeRange"": 5}, {""name"": ""소매길이"", ""value"": 26.0, ""recommendSizeRange"": 5}]}]",,,,2026-08-12 03:47:03.50325+00
6059104,001003,017016006,hydrogen,하이드로겐,남성 에어 플러시 서커 카라 티셔츠,H11F2TO294_BG,0,남성,1,2026,https://image.msscdn.net/images/goods_img/20260226/6059104/6059104_17720795500000_500.jpg,199000,199000,0,0,0,0,,,,,,,{24},"{BG_M,BG_L,BG_XL}",,,5,"[{""name"": ""BG_M"", ""items"": [{""name"": ""총장"", ""value"": 68.5, ""recommendSizeRange"": 5}, {""name"": ""어깨너비"", ""value"": 52.0, ""recommendSizeRange"": 5}, {""name"": ""가슴단면"", ""value"": 56.0, ""recommendSizeRange"": 5}, {""name"": ""소매길이"", ""value"": 22.5, ""recommendSizeRange"": 5}]}, {""name"": ""BG_L"", ""items"": [{""name"": ""총장"", ""value"": 70.0, ""recommendSizeRange"": 5}, {""name"": ""어깨너비"", ""value"": 54.0, ""recommendSizeRange"": 5}, {""name"": ""가슴단면"", ""value"": 58.5, ""recommendSizeRange"": 5}, {""name"": ""소매길이"", ""value"": 23.0, ""recommendSizeRange"": 5}]}, {""name"": ""BG_XL"", ""items"": [{""name"": ""총장"", ""value"": 71.5, ""recommendSizeRange"": 5}, {""name"": ""어깨너비"", ""value"": 56.0, ""recommendSizeRange"": 5}, {""name"": ""가슴단면"", ""value"": 61.0, ""recommendSizeRange"": 5}, {""name"": ""소매길이"", ""value"": 23.5, ""recommendSizeRange"": 5}]}]",,,,2026-08-12 03:47:03.50325+00
6059147,001004,017016007,hydrogen,하이드로겐,남성 와플 롱슬리브,H11F1TL208_GY,0,남성,1,2026,https://image.msscdn.net/images/goods_img/20260226/6059147/6059147_17720797307903_500.jpg,179000,179000,0,0,0,0,,,,,,,{25},"{GY_M,GY_L,GY_XL}",,,21,"[{""name"": ""GY_M"", ""items"": [{""name"": ""총장"", ""value"": 70.5, ""recommendSizeRange"": 5}, {""name"": ""어깨너비"", ""value"": 50.0, ""recommendSizeRange"": 5}, {""name"": ""가슴단면"", ""value"": 59.0, ""recommendSizeRange"": 5}, {""name"": ""소매길이"", ""value"": 61.0, ""recommendSizeRange"": 5}]}, {""name"": ""GY_L"", ""items"": [{""name"": ""총장"", ""value"": 72.0, ""recommendSizeRange"": 5}, {""name"": ""어깨너비"", ""value"": 52.0, ""recommendSizeRange"": 5}, {""name"": ""가슴단면"", ""value"": 61.5, ""recommendSizeRange"": 5}, {""name"": ""소매길이"", ""value"": 62.0, ""recommendSizeRange"": 5}]}, {""name"": ""GY_XL"", ""items"": [{""name"": ""총장"", ""value"": 73.5, ""recommendSizeRange"": 5}, {""name"": ""어깨너비"", ""value"": 54.0, ""recommendSizeRange"": 5}, {""name"": ""가슴단면"", ""value"": 64.0, ""recommendSizeRange"": 5}, {""name"": ""소매길이"", ""value"": 63.0, ""recommendSizeRange"": 5}]}]",,,,2026-08-12 03:47:03.50325+00
6059158,001004,017016007,hydrogen,하이드로겐,유니 콘초 그래픽 후드티,H31F1FH297_MG,0,남성,1,2026,https://image.msscdn.net/images/goods_img/20260226/6059158/6059158_17720797792133_500.jpg,249000,249000,0,0,0,0,,,,,,,{24},"{MG_S,MG_M,MG_L,MG_XL}",,,21,"[{""name"": ""MG_S"", ""items"": [{""name"": ""총장"", ""value"": 57.0, ""recommendSizeRange"": 5}, {""name"": ""어깨너비"", ""value"": 50.0, ""recommendSizeRange"": 5}, {""name"": ""가슴단면"", ""value"": 56.0, ""recommendSizeRange"": 5}, {""name"": ""소매길이"", ""value"": 57.0, ""recommendSizeRange"": 5}]}, {""name"": ""MG_M"", ""items"": [{""name"": ""총장"", ""value"": 65.0, ""recommendSizeRange"": 5}, {""name"": ""어깨너비"", ""value"": 55.0, ""recommendSizeRange"": 5}, {""name"": ""가슴단면"", ""value"": 57.5, ""recommendSizeRange"": 5}, {""name"": ""소매길이"", ""value"": 60.5, ""recommendSizeRange"": 5}]}, {""name"": ""MG_L"", ""items"": [{""name"": ""총장"", ""value"": 67.0, ""recommendSizeRange"": 5}, {""name"": ""어깨너비"", ""value"": 57.0, ""recommendSizeRange"": 5}, {""name"": ""가슴단면"", ""value"": 60.0, ""recommendSizeRange"": 5}, {""name"": ""소매길이"", ""value"": 61.5, ""recommendSizeRange"": 5}]}, {""name"": ""MG_XL"", ""items"": [{""name"": ""총장"", ""value"": 69.0, ""recommendSizeRange"": 5}, {""name"": ""어깨너비"", ""value"": 59.0, ""recommendSizeRange"": 5}, {""name"": ""가슴단면"", ""value"": 62.5, ""recommendSizeRange"": 5}, {""name"": ""소매길이"", ""value"": 62.5, ""recommendSizeRange"": 5}]}]",,,,2026-08-12 03:47:03.50325+00
6079239,001001,017016005,discoveryexpedition,디스커버리 익스페디션,여성 프레시벤트 래글런 반팔티셔츠 (PINK),DWRS9I063-PKS,0,여성,1,2026,https://image.msscdn.net/images/goods_img/20260304/6079239/6079239_17841712468087_500.jpg,49000,49000,1,100,0,319,,,,,,,{45},"{85,90,95,100}","{/images/prd_img/20260304/6079239/detail_6079239_17730360537042_500.jpg,/images/prd_img/20260304/6079239/detail_6079239_17726058905295_500.jpg,/images/prd_img/20260304/6079239/detail_6079239_17726058908553_500.jpg,/images/prd_img/20260304/6079239/detail_6079239_17726058911890_500.jpg,/images/prd_img/20260304/6079239/detail_6079239_17726058916014_500.jpg,/images/prd_img/20260304/6079239/detail_6079239_17726058919719_500.jpg,/images/prd_img/20260304/6079239/detail_6079239_17726058923576_500.jpg}","{디스커버리티셔츠,반팔티셔츠,여성반팔티,여성티셔츠,쿨아이템}",,,"{""questions"": []}",,,2026-08-12 03:47:03.50325+00
6089236,001010,001010,giemar,지에마르,DRAPE SHIRRING TEE SKYBLUE 드레이프 셔링티 스카이블루,P0000BHZ,0,여성,1,2026,https://image.msscdn.net/images/goods_img/20260305/6089236/6089236_17762364920718_500.jpg,85000,85000,0,0,0,0,,,,,,,{37},{FREE},"{/images/prd_img/20260305/6089236/detail_6089236_17762364927240_500.jpg,/images/prd_img/20260305/6089236/detail_6089236_17762364928838_500.jpg,/images/prd_img/20260305/6089236/detail_6089236_17762364930616_500.jpg,/images/prd_img/20260305/6089236/detail_6089236_17762364932011_500.jpg,/images/prd_img/20260305/6089236/detail_6089236_17762364933566_500.jpg}",,21,"[{""name"": ""FREE"", ""items"": [{""name"": ""총장"", ""value"": 54.0, ""recommendSizeRange"": 5}, {""name"": ""어깨너비"", ""value"": 35.0, ""recommendSizeRange"": 5}, {""name"": ""가슴단면"", ""value"": 40.0, ""recommendSizeRange"": 5}, {""name"": ""소매길이"", ""value"": 56.0, ""recommendSizeRange"": 5}]}]",,,,2026-08-12 03:47:03.50325+00
6090951,001001,017016005,descente,데상트,우먼스 듀얼리스 니트 폴로 반팔 티셔츠 블랙 SR122DPS34,SR122DPS34_BLK0,0,공용,1,0000,https://image.msscdn.net/images/goods_img/20260306/6090951/6090951_17786335866081_500.jpg,169000,160550,0,0,0,0,,,,,,,{2},"{BLK0_BLACK^85,BLK0_BLACK^90}","{/images/prd_img/20260306/6090951/detail_6090951_17786335871970_500.jpg,/images/prd_img/20260306/6090951/detail_6090951_17786335873400_500.jpg}","{우먼스컬렉션,유키PICK}",,,,,,2026-08-12 03:47:03.50325+00
6092046,001004,017016007,muscolo,머스콜로,블레이드 빈티지 워시 후디 - 차콜,EB_SLTOP_KK,0,남성,1,2026,https://image.msscdn.net/images/goods_img/20260306/6092046/6092046_17820607540464_500.png,64000,64000,0,0,0,0,,,,,,,{25},"{1,2,3}","{/images/prd_img/20260306/6092046/detail_6092046_17820607546619_500.png,/images/prd_img/20260306/6092046/detail_6092046_17820607547940_500.png,/images/prd_img/20260306/6092046/detail_6092046_17820607549475_500.png,/images/prd_img/20260306/6092046/detail_6092046_17820607551099_500.png}",,21,"[{""name"": ""1"", ""items"": [{""name"": ""총장"", ""value"": 77.0, ""recommendSizeRange"": 5}, {""name"": ""어깨너비"", ""value"": 65.0, ""recommendSizeRange"": 5}, {""name"": ""가슴단면"", ""value"": 68.0, ""recommendSizeRange"": 5}, {""name"": ""소매길이"", ""value"": 62.0, ""recommendSizeRange"": 5}]}, {""name"": ""2"", ""items"": [{""name"": ""총장"", ""value"": 80.0, ""recommendSizeRange"": 5}, {""name"": ""어깨너비"", ""value"": 68.0, ""recommendSizeRange"": 5}, {""name"": ""가슴단면"", ""value"": 72.0, ""recommendSizeRange"": 5}, {""name"": ""소매길이"", ""value"": 66.0, ""recommendSizeRange"": 5}]}, {""name"": ""3"", ""items"": [{""name"": ""총장"", ""value"": 83.0, ""recommendSizeRange"": 5}, {""name"": ""어깨너비"", ""value"": 71.0, ""recommendSizeRange"": 5}, {""name"": ""가슴단면"", ""value"": 76.0, ""recommendSizeRange"": 5}, {""name"": ""소매길이"", ""value"": 68.0, ""recommendSizeRange"": 5}]}]",,,,2026-08-12 03:47:03.50325+00
6092200,001001,017016005,muscolo,머스콜로,[베이직] 에어쿨링 반팔 티셔츠 카키,EB_SLTOP_KK,0,남성,1,2026,https://image.msscdn.net/images/goods_img/20260306/6092200/6092200_17808130314818_500.png,28000,28000,0,0,0,0,,,,,,,{30},"{1,2,3}","{/images/prd_img/20260306/6092200/detail_6092200_17808130320755_500.png,/images/prd_img/20260306/6092200/detail_6092200_17808130322176_500.png,/images/prd_img/20260306/6092200/detail_6092200_17808130323786_500.png}",{쿨아이템},5,"[{""name"": ""1"", ""items"": [{""name"": ""총장"", ""value"": 75.0, ""recommendSizeRange"": 5}, {""name"": ""어깨너비"", ""value"": 61.5, ""recommendSizeRange"": 5}, {""name"": ""가슴단면"", ""value"": 61.5, ""recommendSizeRange"": 5}, {""name"": ""소매길이"", ""value"": 25.5, ""recommendSizeRange"": 5}]}, {""name"": ""2"", ""items"": [{""name"": ""총장"", ""value"": 80.0, ""recommendSizeRange"": 5}, {""name"": ""어깨너비"", ""value"": 67.5, ""recommendSizeRange"": 5}, {""name"": ""가슴단면"", ""value"": 68.5, ""recommendSizeRange"": 5}, {""name"": ""소매길이"", ""value"": 27.0, ""recommendSizeRange"": 5}]}, {""name"": ""3"", ""items"": [{""name"": ""총장"", ""value"": 0.0, ""recommendSizeRange"": 5}, {""name"": ""어깨너비"", ""value"": 0.0, ""recommendSizeRange"": 5}, {""name"": ""가슴단면"", ""value"": 0.0, ""recommendSizeRange"": 5}, {""name"": ""소매길이"", ""value"": 0.0, ""recommendSizeRange"": 5}]}]",,,,2026-08-12 03:47:03.50325+00
6092567,001001,017016005,muscolo,머스콜로,[베이직] 에어쿨링 반팔 티셔츠 화이트,EB_SLTOP_KK,0,남성,1,2026,https://image.msscdn.net/images/goods_img/20260306/6092567/6092567_17808130301264_500.png,28000,28000,0,0,0,0,,,,,,,{1},"{1,2,3}","{/images/prd_img/20260306/6092567/detail_6092567_17808130307218_500.png,/images/prd_img/20260306/6092567/detail_6092567_17808130308581_500.png,/images/prd_img/20260306/6092567/detail_6092567_17808130310081_500.png}",{쿨아이템},5,"[{""name"": ""1"", ""items"": [{""name"": ""총장"", ""value"": 76.0, ""recommendSizeRange"": 5}, {""name"": ""어깨너비"", ""value"": 63.0, ""recommendSizeRange"": 5}, {""name"": ""가슴단면"", ""value"": 67.0, ""recommendSizeRange"": 5}, {""name"": ""소매길이"", ""value"": 25.0, ""recommendSizeRange"": 5}]}, {""name"": ""2"", ""items"": [{""name"": ""총장"", ""value"": 80.0, ""recommendSizeRange"": 5}, {""name"": ""어깨너비"", ""value"": 67.0, ""recommendSizeRange"": 5}, {""name"": ""가슴단면"", ""value"": 70.0, ""recommendSizeRange"": 5}, {""name"": ""소매길이"", ""value"": 28.0, ""recommendSizeRange"": 5}]}, {""name"": ""3"", ""items"": [{""name"": ""총장"", ""value"": 0.0, ""recommendSizeRange"": 5}, {""name"": ""어깨너비"", ""value"": 0.0, ""recommendSizeRange"": 5}, {""name"": ""가슴단면"", ""value"": 0.0, ""recommendSizeRange"": 5}, {""name"": ""소매길이"", ""value"": 0.0, ""recommendSizeRange"": 5}]}]",,,,2026-08-12 03:47:03.50325+00
6092591,001001,017016005,muscolo,머스콜로,[MGW] 퀵드라이 에어쿨링 반팔 티셔츠 카키 블랙,EB_SLTOP_KK,0,남성,1,2026,https://image.msscdn.net/images/goods_img/20260306/6092591/6092591_17836611784244_500.png,36000,36000,1,100,0,0,,,,,,,{30},"{1,2,3}","{/images/prd_img/20260306/6092591/detail_6092591_17836611790640_500.png,/images/prd_img/20260306/6092591/detail_6092591_17836611792131_500.png,/images/prd_img/20260306/6092591/detail_6092591_17836611793948_500.png}",{쿨아이템},5,"[{""name"": ""1"", ""items"": [{""name"": ""총장"", ""value"": 76.0, ""recommendSizeRange"": 5}, {""name"": ""어깨너비"", ""value"": 63.0, ""recommendSizeRange"": 5}, {""name"": ""가슴단면"", ""value"": 66.0, ""recommendSizeRange"": 5}, {""name"": ""소매길이"", ""value"": 26.0, ""recommendSizeRange"": 5}]}, {""name"": ""2"", ""items"": [{""name"": ""총장"", ""value"": 80.0, ""recommendSizeRange"": 5}, {""name"": ""어깨너비"", ""value"": 65.0, ""recommendSizeRange"": 5}, {""name"": ""가슴단면"", ""value"": 68.0, ""recommendSizeRange"": 5}, {""name"": ""소매길이"", ""value"": 28.0, ""recommendSizeRange"": 5}]}, {""name"": ""3"", ""items"": [{""name"": ""총장"", ""value"": 84.0, ""recommendSizeRange"": 5}, {""name"": ""어깨너비"", ""value"": 68.0, ""recommendSizeRange"": 5}, {""name"": ""가슴단면"", ""value"": 72.0, ""recommendSizeRange"": 5}, {""name"": ""소매길이"", ""value"": 31.0, ""recommendSizeRange"": 5}]}]","{""questions"": []}",,,2026-08-12 03:47:03.50325+00
6092605,001001,017016005,muscolo,머스콜로,[MGW] 퀵드라이 에어쿨링 반팔 티셔츠 화이트 그린,EB_SLTOP_KK,0,남성,1,2026,https://image.msscdn.net/images/goods_img/20260306/6092605/6092605_17820607541672_500.png,36000,36000,1,100,0,0,,,,,,,{1},"{1,2}","{/images/prd_img/20260306/6092605/detail_6092605_17820607548301_500.png,/images/prd_img/20260306/6092605/detail_6092605_17820607549714_500.png,/images/prd_img/20260306/6092605/detail_6092605_17820607551380_500.png}",{쿨아이템},5,"[{""name"": ""1"", ""items"": [{""name"": ""총장"", ""value"": 76.0, ""recommendSizeRange"": 5}, {""name"": ""어깨너비"", ""value"": 63.0, ""recommendSizeRange"": 5}, {""name"": ""가슴단면"", ""value"": 66.0, ""recommendSizeRange"": 5}, {""name"": ""소매길이"", ""value"": 26.0, ""recommendSizeRange"": 5}]}, {""name"": ""2"", ""items"": [{""name"": ""총장"", ""value"": 80.0, ""recommendSizeRange"": 5}, {""name"": ""어깨너비"", ""value"": 65.0, ""recommendSizeRange"": 5}, {""name"": ""가슴단면"", ""value"": 68.0, ""recommendSizeRange"": 5}, {""name"": ""소매길이"", ""value"": 28.0, ""recommendSizeRange"": 5}]}]","{""questions"": []}",,,2026-08-12 03:47:03.50325+00
6092632,001001,017016005,muscolo,머스콜로,[MGW] 퀵드라이 에어쿨링 반팔 티셔츠 화이트 레드,EB_SLTOP_KK,0,남성,1,2026,https://image.msscdn.net/images/goods_img/20260306/6092632/6092632_17820607535315_500.png,36000,36000,0,0,0,0,,,,,,,{1},"{1,2}","{/images/prd_img/20260306/6092632/detail_6092632_17820607541303_500.png,/images/prd_img/20260306/6092632/detail_6092632_17820607542710_500.png,/images/prd_img/20260306/6092632/detail_6092632_17820607544172_500.png}",{쿨아이템},5,"[{""name"": ""1"", ""items"": [{""name"": ""총장"", ""value"": 76.0, ""recommendSizeRange"": 5}, {""name"": ""어깨너비"", ""value"": 63.0, ""recommendSizeRange"": 5}, {""name"": ""가슴단면"", ""value"": 66.0, ""recommendSizeRange"": 5}, {""name"": ""소매길이"", ""value"": 26.0, ""recommendSizeRange"": 5}]}, {""name"": ""2"", ""items"": [{""name"": ""총장"", ""value"": 80.0, ""recommendSizeRange"": 5}, {""name"": ""어깨너비"", ""value"": 65.0, ""recommendSizeRange"": 5}, {""name"": ""가슴단면"", ""value"": 68.0, ""recommendSizeRange"": 5}, {""name"": ""소매길이"", ""value"": 28.0, ""recommendSizeRange"": 5}]}]",,,,2026-08-12 03:47:03.50325+00
6098597,001001,017016005,mammut,마무트,얼리 버드 티셔츠 우먼,M21F5TR108_WH,0,여성,1,2026,https://image.msscdn.net/images/goods_img/20260309/6098597/6098597_17730291089614_500.jpg,109000,109000,0,0,0,0,,,,,,,{1},"{WH_XS,WH_S,WH_M}",,,5,"[{""name"": ""WH_XS"", ""items"": [{""name"": ""총장"", ""value"": 58.5, ""recommendSizeRange"": 5}, {""name"": ""어깨너비"", ""value"": 40.0, ""recommendSizeRange"": 5}, {""name"": ""가슴단면"", ""value"": 48.0, ""recommendSizeRange"": 5}, {""name"": ""소매길이"", ""value"": 19.5, ""recommendSizeRange"": 5}]}, {""name"": ""WH_S"", ""items"": [{""name"": ""총장"", ""value"": 60.5, ""recommendSizeRange"": 5}, {""name"": ""어깨너비"", ""value"": 42.0, ""recommendSizeRange"": 5}, {""name"": ""가슴단면"", ""value"": 50.5, ""recommendSizeRange"": 5}, {""name"": ""소매길이"", ""value"": 20.0, ""recommendSizeRange"": 5}]}, {""name"": ""WH_M"", ""items"": [{""name"": ""총장"", ""value"": 62.5, ""recommendSizeRange"": 5}, {""name"": ""어깨너비"", ""value"": 44.0, ""recommendSizeRange"": 5}, {""name"": ""가슴단면"", ""value"": 53.0, ""recommendSizeRange"": 5}, {""name"": ""소매길이"", ""value"": 20.5, ""recommendSizeRange"": 5}]}]",,,,2026-08-12 03:47:03.50325+00
6098733,001001,017016005,mammut,마무트,얼리 버드 티셔츠 맨,M11F5TR108_WH,0,남성,1,2026,https://image.msscdn.net/images/goods_img/20260309/6098733/6098733_17730303234071_500.jpg,109000,109000,0,0,0,0,,,,,,,{1},"{WH_S,WH_M,WH_L,WH_XL}",,,5,"[{""name"": ""WH_S"", ""items"": [{""name"": ""총장"", ""value"": 68.0, ""recommendSizeRange"": 5}, {""name"": ""어깨너비"", ""value"": 48.0, ""recommendSizeRange"": 5}, {""name"": ""가슴단면"", ""value"": 54.5, ""recommendSizeRange"": 5}, {""name"": ""소매길이"", ""value"": 23.5, ""recommendSizeRange"": 5}]}, {""name"": ""WH_M"", ""items"": [{""name"": ""총장"", ""value"": 70.0, ""recommendSizeRange"": 5}, {""name"": ""어깨너비"", ""value"": 50.0, ""recommendSizeRange"": 5}, {""name"": ""가슴단면"", ""value"": 57.0, ""recommendSizeRange"": 5}, {""name"": ""소매길이"", ""value"": 24.0, ""recommendSizeRange"": 5}]}, {""name"": ""WH_L"", ""items"": [{""name"": ""총장"", ""value"": 72.0, ""recommendSizeRange"": 5}, {""name"": ""어깨너비"", ""value"": 52.0, ""recommendSizeRange"": 5}, {""name"": ""가슴단면"", ""value"": 59.5, ""recommendSizeRange"": 5}, {""name"": ""소매길이"", ""value"": 24.5, ""recommendSizeRange"": 5}]}, {""name"": ""WH_XL"", ""items"": [{""name"": ""총장"", ""value"": 74.0, ""recommendSizeRange"": 5}, {""name"": ""어깨너비"", ""value"": 54.0, ""recommendSizeRange"": 5}, {""name"": ""가슴단면"", ""value"": 62.0, ""recommendSizeRange"": 5}, {""name"": ""소매길이"", ""value"": 25.0, ""recommendSizeRange"": 5}]}]",,,,2026-08-12 03:47:03.50325+00
6098734,001001,017016005,mammut,마무트,얼리 버드 티셔츠 맨,M11F5TR108_BL,0,남성,1,2026,https://image.msscdn.net/images/goods_img/20260309/6098734/6098734_17730303292901_500.jpg,109000,109000,0,0,0,0,,,,,,,{7},"{BL_S,BL_M,BL_L}",,,5,"[{""name"": ""BL_S"", ""items"": [{""name"": ""총장"", ""value"": 68.0, ""recommendSizeRange"": 5}, {""name"": ""어깨너비"", ""value"": 48.0, ""recommendSizeRange"": 5}, {""name"": ""가슴단면"", ""value"": 54.5, ""recommendSizeRange"": 5}, {""name"": ""소매길이"", ""value"": 23.5, ""recommendSizeRange"": 5}]}, {""name"": ""BL_M"", ""items"": [{""name"": ""총장"", ""value"": 70.0, ""recommendSizeRange"": 5}, {""name"": ""어깨너비"", ""value"": 50.0, ""recommendSizeRange"": 5}, {""name"": ""가슴단면"", ""value"": 57.0, ""recommendSizeRange"": 5}, {""name"": ""소매길이"", ""value"": 24.0, ""recommendSizeRange"": 5}]}, {""name"": ""BL_L"", ""items"": [{""name"": ""총장"", ""value"": 72.0, ""recommendSizeRange"": 5}, {""name"": ""어깨너비"", ""value"": 52.0, ""recommendSizeRange"": 5}, {""name"": ""가슴단면"", ""value"": 59.5, ""recommendSizeRange"": 5}, {""name"": ""소매길이"", ""value"": 24.5, ""recommendSizeRange"": 5}]}]",,,,2026-08-12 03:47:03.50325+00
6105913,001010,017016002,lululemon,룰루레몬,이지셋 릴랙스드 롱슬리브 셔츠 *워시  DWTW,LW3KCJS-072650,0,여성,1,2026,https://image.msscdn.net/images/goods_img/20260310/6105913/6105913_17823511481963_500.jpg,125000,62500,1,100,0,937,,,,,,,{24},"{""Dilute Wash Twig^0"",""Dilute Wash Twig^2"",""Dilute Wash Twig^4"",""Dilute Wash Twig^6"",""Dilute Wash Twig^8"",""Dilute Wash Twig^10"",""Dilute Wash Twig^12"",""Dilute Wash Twig^14""}","{/images/prd_img/20260310/6105913/detail_6105913_17823511488221_500.jpg,/images/prd_img/20260310/6105913/detail_6105913_17823511489706_500.jpg,/images/prd_img/20260310/6105913/detail_6105913_17823511491159_500.jpg,/images/prd_img/20260310/6105913/detail_6105913_17823511492726_500.jpg}",,,,"{""questions"": []}",,,2026-08-12 03:47:03.50325+00
6129838,001004,001004,champion,챔피온,리버스위브 루즈핏 후드 티셔츠 Navy,CHPM261EPHT001NV,0,남성,1,2026,https://image.msscdn.net/images/goods_img/20260313/6129838/6129838_17738181558536_500.jpg,119000,77300,0,0,0,709,,,,,,,{36},"{S,M,L,XL,2XL}","{/images/prd_img/20260313/6129838/detail_6129838_17738186981065_500.jpg,/images/prd_img/20260313/6129838/detail_6129838_17738186986658_500.jpg,/images/prd_img/20260313/6129838/detail_6129838_17738186992508_500.jpg,/images/prd_img/20260313/6129838/detail_6129838_17738186998657_500.jpg}","{26SS,긴팔,루즈핏,후드,후드티,후드티셔츠,후디}",21,"[{""name"": ""S"", ""items"": [{""name"": ""총장"", ""value"": 65.0, ""recommendSizeRange"": 5}, {""name"": ""어깨너비"", ""value"": 51.0, ""recommendSizeRange"": 5}, {""name"": ""가슴단면"", ""value"": 57.5, ""recommendSizeRange"": 5}, {""name"": ""소매길이"", ""value"": 62.0, ""recommendSizeRange"": 5}]}, {""name"": ""M"", ""items"": [{""name"": ""총장"", ""value"": 67.0, ""recommendSizeRange"": 5}, {""name"": ""어깨너비"", ""value"": 52.0, ""recommendSizeRange"": 5}, {""name"": ""가슴단면"", ""value"": 62.0, ""recommendSizeRange"": 5}, {""name"": ""소매길이"", ""value"": 63.5, ""recommendSizeRange"": 5}]}, {""name"": ""L"", ""items"": [{""name"": ""총장"", ""value"": 69.0, ""recommendSizeRange"": 5}, {""name"": ""어깨너비"", ""value"": 54.0, ""recommendSizeRange"": 5}, {""name"": ""가슴단면"", ""value"": 63.0, ""recommendSizeRange"": 5}, {""name"": ""소매길이"", ""value"": 65.0, ""recommendSizeRange"": 5}]}, {""name"": ""XL"", ""items"": [{""name"": ""총장"", ""value"": 70.5, ""recommendSizeRange"": 5}, {""name"": ""어깨너비"", ""value"": 58.5, ""recommendSizeRange"": 5}, {""name"": ""가슴단면"", ""value"": 66.0, ""recommendSizeRange"": 5}, {""name"": ""소매길이"", ""value"": 66.0, ""recommendSizeRange"": 5}]}, {""name"": ""2XL"", ""items"": [{""name"": ""총장"", ""value"": 71.0, ""recommendSizeRange"": 5}, {""name"": ""어깨너비"", ""value"": 59.0, ""recommendSizeRange"": 5}, {""name"": ""가슴단면"", ""value"": 70.5, ""recommendSizeRange"": 5}, {""name"": ""소매길이"", ""value"": 66.5, ""recommendSizeRange"": 5}]}]",,,,2026-08-12 03:47:03.50325+00
6142208,001011,017016003,lululemon,룰루레몬,저지 트레이닝 머슬 탱크탑 *롱  BLK,LW1GD6S-0001,0,여성,1,2026,https://image.msscdn.net/images/goods_img/20260317/6142208/6142208_17850485424200_500.jpg,67000,67000,19,98,90,2284,,,,,,,{2},"{Black^0,Black^2,Black^4,Black^6,Black^8,Black^10,Black^12,Black^14}","{/images/prd_img/20260317/6142208/detail_6142208_17850485430189_500.jpg,/images/prd_img/20260317/6142208/detail_6142208_17850485431867_500.jpg,/images/prd_img/20260317/6142208/detail_6142208_17850485433307_500.jpg,/images/prd_img/20260317/6142208/detail_6142208_17850485434790_500.jpg,/images/prd_img/20260317/6142208/detail_6142208_17850485436425_500.jpg}",,,,"{""questions"": []}","{""goodsNo"": 6142208, ""isShared"": true, ""reaction"": {}, ""keywordSummaries"": [], ""sentimentSummary"": {""negative"": ""가끔 목부분에 파운데이션 자국이 남는 경우가 있어요. 일부 후기에서는 비침이 심하다고 언급해요. 때때로 택이 너무 길어서 거슬린다고 해요. 드물지만 사이즈가 약간 크다는 의견이 있어요."", ""positive"": ""재질이 부드럽고 땀 흡수도 잘 돼요. 사이즈가 넉넉해서 체형 커버에 좋아요. 가볍고 착용감이 뛰어나서 운동할 때 편해요. 길이감이 적당하고 엉덩이도 잘 가려줘요. 디자인이 간결하고 예뻐서 자주 입게 돼요.""}}",,2026-08-12 03:47:03.50325+00
6167493,001001,017016005,lululemon,룰루레몬,UV 프로텍티브 스트라이프 메쉬 테니스 폴로 셔츠  WHT,LM3GNIS-0002,0,남성,1,2026,https://image.msscdn.net/images/goods_img/20260320/6167493/6167493_17859525152160_500.jpg,138000,138000,0,0,0,237,,,,,,,{1},"{White^XS,White^S,White^M,White^L,White^XL,White^XXL}","{/images/prd_img/20260320/6167493/detail_6167493_17859525158536_500.jpg,/images/prd_img/20260320/6167493/detail_6167493_17859525159975_500.jpg,/images/prd_img/20260320/6167493/detail_6167493_17859525161504_500.jpg,/images/prd_img/20260320/6167493/detail_6167493_17859525163072_500.jpg,/images/prd_img/20260320/6167493/detail_6167493_17859525164514_500.jpg}",,,,,,,2026-08-12 03:47:03.50325+00
6167520,001010,017016002,lululemon,룰루레몬,퀵 드라이 롱슬리브 폴로 셔츠 *스트레이트 헴  BLK,LW3KLDS-0001,0,여성,1,2026,https://image.msscdn.net/images/goods_img/20260320/6167520/6167520_17865087295626_500.jpg,125000,125000,0,0,0,379,,,,,,,{2},"{Black^0,Black^2,Black^4,Black^6,Black^8,Black^10,Black^12,Black^14}","{/images/prd_img/20260320/6167520/detail_6167520_17860725851345_500.jpg,/images/prd_img/20260320/6167520/detail_6167520_17860725852870_500.jpg,/images/prd_img/20260320/6167520/detail_6167520_17860725854380_500.jpg,/images/prd_img/20260320/6167520/detail_6167520_17860725855863_500.jpg,/images/prd_img/20260320/6167520/detail_6167520_17860725857424_500.jpg}",,,,,,,2026-08-12 03:47:03.50325+00
6180797,001001,017016005,lululemon,룰루레몬,코튼 링거 베이비 티 *테니스 듀스  WHT CLBL,LW3KD9S-069502,0,여성,1,2026,https://image.msscdn.net/images/goods_img/20260324/6180797/6180797_17743113046333_500.jpg,78000,78000,32,100,155,1734,,,,,,,{1},"{""White/Club Blue^XXXS"",""White/Club Blue^XXS"",""White/Club Blue^XS"",""White/Club Blue^S"",""White/Club Blue^M"",""White/Club Blue^L"",""White/Club Blue^XL""}","{/images/prd_img/20260324/6180797/detail_6180797_17743113052829_500.jpg,/images/prd_img/20260324/6180797/detail_6180797_17743113054697_500.jpg,/images/prd_img/20260324/6180797/detail_6180797_17743113056206_500.jpg,/images/prd_img/20260324/6180797/detail_6180797_17743113057857_500.jpg,/images/prd_img/20260324/6180797/detail_6180797_17743113059819_500.jpg}",,,,"{""questions"": []}","{""goodsNo"": 6180797, ""isShared"": false, ""reaction"": {}, ""keywordSummaries"": [], ""sentimentSummary"": {""negative"": ""가끔 사이즈 선택에 신중해야 할 것 같아요. 때때로 길이가 살짝 짧게 느껴질 수 있어요."", ""positive"": ""원단이 부드럽고 피부에 자극 없이 착용감이 좋아요. 크롭 기장 덕분에 허리 라인이 자연스럽게 드러나고 슬림한 핏이 예뻐요. 통기성이 좋아서 더운 날에도 쾌적하게 입을 수 있어요. 색감이 깔끔해서 다양한 하의와 잘 어울려요. 활용도가 높아서 운동복으로도, 평상복으로도 무리 없이 입기 좋아요.""}}",,2026-08-12 03:47:03.50325+00
6180808,001001,017016005,lululemon,룰루레몬,코튼 링거 베이비 티 *테니스 듀스  CLBL WHT,LW3KD9S-068898,0,여성,1,2026,https://image.msscdn.net/images/goods_img/20260324/6180808/6180808_17743115515601_500.jpg,78000,78000,21,100,123,1941,,,,,,,{1},"{""Club Blue/White^XXXS"",""Club Blue/White^XXS"",""Club Blue/White^XS"",""Club Blue/White^S"",""Club Blue/White^M"",""Club Blue/White^L"",""Club Blue/White^XL""}","{/images/prd_img/20260324/6180808/detail_6180808_17743115521596_500.jpg,/images/prd_img/20260324/6180808/detail_6180808_17743115523107_500.jpg,/images/prd_img/20260324/6180808/detail_6180808_17743115524445_500.jpg,/images/prd_img/20260324/6180808/detail_6180808_17743115527612_500.jpg,/images/prd_img/20260324/6180808/detail_6180808_17743115529415_500.jpg}",,,,"{""questions"": []}","{""goodsNo"": 6180808, ""isShared"": true, ""reaction"": {}, ""keywordSummaries"": [], ""sentimentSummary"": {""negative"": ""가끔 길이가 짧게 느껴질 수 있으니 사이즈 선택에 주의해야 해요. 일부 후기에서는 크롭 기장이 부담스럽다고 언급하기도 해요. 때때로 사이즈가 평소보다 더 타이트하게 느껴질 수 있어요."", ""positive"": ""원단이 부드럽고 피부에 자극 없이 착용감이 좋아요. 크롭 기장 덕분에 허리 라인이 자연스럽게 드러나서 슬림해 보여요. 통기성이 좋아서 더운 날에도 쾌적하게 입을 수 있어요. 사이즈가 적당히 여유 있어 활동할 때 불편함이 없어요.""}}",,2026-08-12 03:47:03.50325+00
6180875,001011,017016003,lululemon,룰루레몬,레이서백 하이넥 테니스 탱크탑 *B C컵  WHT,LW1GD9S-0002,0,여성,1,2026,https://image.msscdn.net/images/goods_img/20260324/6180875/6180875_17865086915364_500.jpg,93000,93000,0,0,0,319,,,,,,,{1},"{White^XXXS,White^XXS,White^XS,White^S,White^M,White^L,White^XL}","{/images/prd_img/20260324/6180875/detail_6180875_17854719654849_500.jpg,/images/prd_img/20260324/6180875/detail_6180875_17854719656195_500.jpg,/images/prd_img/20260324/6180875/detail_6180875_17854719657674_500.jpg,/images/prd_img/20260324/6180875/detail_6180875_17854719659081_500.jpg}",,,,,,,2026-08-12 03:47:03.50325+00
6198139,001003,001003,lakai,라카이,[상의] HERO 안중근 수인 반팔 카라티(친환경 소로나 원단),LAKAI-2026-07,0,남성,1,2026,https://image.msscdn.net/images/goods_img/20260326/6198139/6198139_17846173881161_500.png,59000,59000,0,0,0,0,,,,,,,"{1,2,25}","{블랙^S,블랙^M,블랙^L,블랙^XL,블랙^2XL,블랙^3XL,화이트^S,화이트^M,화이트^L,화이트^XL,화이트^2XL,화이트^3XL,다크그레이^S,다크그레이^M,다크그레이^L,다크그레이^XL,다크그레이^2XL,다크그레이^3XL}","{/images/prd_img/20260326/6198139/detail_6198139_17846173887518_500.png,/images/prd_img/20260326/6198139/detail_6198139_17846173889209_500.png,/images/prd_img/20260326/6198139/detail_6198139_17846173890908_500.png,/images/prd_img/20260326/6198139/detail_6198139_17846173892678_500.png,/images/prd_img/20260326/6198139/detail_6198139_17846173894153_500.png}",,5,"[{""name"": ""S"", ""items"": [{""name"": ""총장"", ""value"": 66.0, ""recommendSizeRange"": 5}, {""name"": ""어깨너비"", ""value"": 42.0, ""recommendSizeRange"": 5}, {""name"": ""가슴단면"", ""value"": 49.5, ""recommendSizeRange"": 5}, {""name"": ""소매길이"", ""value"": 20.0, ""recommendSizeRange"": 5}]}, {""name"": ""M"", ""items"": [{""name"": ""총장"", ""value"": 69.0, ""recommendSizeRange"": 5}, {""name"": ""어깨너비"", ""value"": 44.0, ""recommendSizeRange"": 5}, {""name"": ""가슴단면"", ""value"": 52.0, ""recommendSizeRange"": 5}, {""name"": ""소매길이"", ""value"": 21.0, ""recommendSizeRange"": 5}]}, {""name"": ""L"", ""items"": [{""name"": ""총장"", ""value"": 72.0, ""recommendSizeRange"": 5}, {""name"": ""어깨너비"", ""value"": 46.0, ""recommendSizeRange"": 5}, {""name"": ""가슴단면"", ""value"": 54.5, ""recommendSizeRange"": 5}, {""name"": ""소매길이"", ""value"": 22.0, ""recommendSizeRange"": 5}]}, {""name"": ""XL"", ""items"": [{""name"": ""총장"", ""value"": 75.0, ""recommendSizeRange"": 5}, {""name"": ""어깨너비"", ""value"": 48.0, ""recommendSizeRange"": 5}, {""name"": ""가슴단면"", ""value"": 57.0, ""recommendSizeRange"": 5}, {""name"": ""소매길이"", ""value"": 23.0, ""recommendSizeRange"": 5}]}, {""name"": ""2XL"", ""items"": [{""name"": ""총장"", ""value"": 78.0, ""recommendSizeRange"": 5}, {""name"": ""어깨너비"", ""value"": 50.0, ""recommendSizeRange"": 5}, {""name"": ""가슴단면"", ""value"": 59.5, ""recommendSizeRange"": 5}, {""name"": ""소매길이"", ""value"": 24.0, ""recommendSizeRange"": 5}]}, {""name"": ""3XL"", ""items"": [{""name"": ""총장"", ""value"": 80.0, ""recommendSizeRange"": 5}, {""name"": ""어깨너비"", ""value"": 52.0, ""recommendSizeRange"": 5}, {""name"": ""가슴단면"", ""value"": 62.0, ""recommendSizeRange"": 5}, {""name"": ""소매길이"", ""value"": 25.0, ""recommendSizeRange"": 5}]}]",,,,2026-08-12 03:47:03.50325+00
6199719,001001,001001,projectm,프로젝트엠,여성 소로나 레이어드 반팔티_EPG2TR2751,EPG2TR2751,0,여성,1,2026,https://image.msscdn.net/images/goods_img/20260326/6199719/6199719_17744925813770_500.jpg,39900,13410,11,100,83,640,,,,,,,{2},"{BK^85,BK^90,BK^95,CR^85,CR^90,CR^95,GGN^85,GGN^90,GGN^95,LBL^85,LBL^90,LBL^95,LGR^85,LGR^90,LGR^95,RPK^85,RPK^90,RPK^95,WT^85,WT^90,WT^95}","{/images/prd_img/20260326/6199719/detail_6199719_17744925819634_500.jpg,/images/prd_img/20260326/6199719/detail_6199719_17744925820980_500.jpg,/images/prd_img/20260326/6199719/detail_6199719_17744925822300_500.jpg,/images/prd_img/20260326/6199719/detail_6199719_17744925823534_500.jpg,/images/prd_img/20260326/6199719/detail_6199719_17744925824838_500.jpg,/images/prd_img/20260326/6199719/detail_6199719_17744925826132_500.jpg,/images/prd_img/20260326/6199719/detail_6199719_17744925827623_500.jpg}",,,,"{""questions"": []}",,,2026-08-12 03:47:03.50325+00
6321806,001001,017016005,lululemon,룰루레몬,올 유어스 코튼 크롭 티셔츠  HCUG,LW3JSKS-032493,0,여성,1,2026,https://image.msscdn.net/images/goods_img/20260416/6321806/6321806_17859007582261_500.jpg,67000,67000,8,100,0,228,,,,,,,{24},"{""Core Ultra Light Grey^XXXS"",""Core Ultra Light Grey^XXS"",""Core Ultra Light Grey^XS"",""Core Ultra Light Grey^S"",""Core Ultra Light Grey^M"",""Core Ultra Light Grey^L"",""Core Ultra Light Grey^XL""}","{/images/prd_img/20260416/6321806/detail_6321806_17859007588149_500.jpg,/images/prd_img/20260416/6321806/detail_6321806_17859007589484_500.jpg,/images/prd_img/20260416/6321806/detail_6321806_17859007590888_500.jpg,/images/prd_img/20260416/6321806/detail_6321806_17859007592355_500.jpg}",,,,"{""questions"": []}",,,2026-08-12 03:47:03.50325+00
6328732,001004,001004,krakki,크래키,[Unisex] Basic Zip-Up Hoodie_Oatmeal [KR265PUW421],5009755313,0,공용,1,2026,https://image.msscdn.net/images/goods_img/20260417/6328732/6328732_17769107538339_500.jpg,139000,111150,0,0,0,0,,,,,,,{77},"{Oatmeal^S,Oatmeal^M,Oatmeal^L,Oatmeal^XL}","{/images/prd_img/20260417/6328732/detail_6328732_17769107544460_500.jpg,/images/prd_img/20260417/6328732/detail_6328732_17769107545651_500.jpg}",,7,"[{""name"": ""S"", ""items"": [{""name"": ""총장"", ""value"": 57.5, ""recommendSizeRange"": 5}, {""name"": ""어깨너비"", ""value"": 50.0, ""recommendSizeRange"": 5}, {""name"": ""가슴단면"", ""value"": 57.0, ""recommendSizeRange"": 5}, {""name"": ""소매길이"", ""value"": 59.0, ""recommendSizeRange"": 5}]}, {""name"": ""M"", ""items"": [{""name"": ""총장"", ""value"": 63.5, ""recommendSizeRange"": 5}, {""name"": ""어깨너비"", ""value"": 61.0, ""recommendSizeRange"": 5}, {""name"": ""가슴단면"", ""value"": 63.0, ""recommendSizeRange"": 5}, {""name"": ""소매길이"", ""value"": 59.0, ""recommendSizeRange"": 5}]}, {""name"": ""L"", ""items"": [{""name"": ""총장"", ""value"": 65.0, ""recommendSizeRange"": 5}, {""name"": ""어깨너비"", ""value"": 63.0, ""recommendSizeRange"": 5}, {""name"": ""가슴단면"", ""value"": 63.5, ""recommendSizeRange"": 5}, {""name"": ""소매길이"", ""value"": 60.0, ""recommendSizeRange"": 5}]}, {""name"": ""XL"", ""items"": [{""name"": ""총장"", ""value"": 66.5, ""recommendSizeRange"": 5}, {""name"": ""어깨너비"", ""value"": 65.0, ""recommendSizeRange"": 5}, {""name"": ""가슴단면"", ""value"": 68.0, ""recommendSizeRange"": 5}, {""name"": ""소매길이"", ""value"": 61.5, ""recommendSizeRange"": 5}]}]",,,,2026-08-12 03:47:03.50325+00
6328754,001010,001010,krakki,크래키,[Unisex] Round Logo Tee_Blue [KR265PUT422],5009755339,0,공용,1,2026,https://image.msscdn.net/images/goods_img/20260417/6328754/6328754_17769107380147_500.jpg,89000,53370,0,0,0,0,,,,,,,{7},"{Blue^S,Blue^M,Blue^L,Blue^XL}","{/images/prd_img/20260417/6328754/detail_6328754_17769107386657_500.jpg,/images/prd_img/20260417/6328754/detail_6328754_17769107388337_500.jpg}",,5,"[{""name"": ""S"", ""items"": [{""name"": ""총장"", ""value"": 60.5, ""recommendSizeRange"": 5}, {""name"": ""어깨너비"", ""value"": 44.5, ""recommendSizeRange"": 5}, {""name"": ""가슴단면"", ""value"": 53.0, ""recommendSizeRange"": 5}, {""name"": ""소매길이"", ""value"": 18.0, ""recommendSizeRange"": 5}]}, {""name"": ""M"", ""items"": [{""name"": ""총장"", ""value"": 67.5, ""recommendSizeRange"": 5}, {""name"": ""어깨너비"", ""value"": 50.5, ""recommendSizeRange"": 5}, {""name"": ""가슴단면"", ""value"": 55.0, ""recommendSizeRange"": 5}, {""name"": ""소매길이"", ""value"": 22.5, ""recommendSizeRange"": 5}]}, {""name"": ""L"", ""items"": [{""name"": ""총장"", ""value"": 70.0, ""recommendSizeRange"": 5}, {""name"": ""어깨너비"", ""value"": 52.5, ""recommendSizeRange"": 5}, {""name"": ""가슴단면"", ""value"": 57.5, ""recommendSizeRange"": 5}, {""name"": ""소매길이"", ""value"": 23.0, ""recommendSizeRange"": 5}]}, {""name"": ""XL"", ""items"": [{""name"": ""총장"", ""value"": 72.5, ""recommendSizeRange"": 5}, {""name"": ""어깨너비"", ""value"": 54.5, ""recommendSizeRange"": 5}, {""name"": ""가슴단면"", ""value"": 60.0, ""recommendSizeRange"": 5}, {""name"": ""소매길이"", ""value"": 23.5, ""recommendSizeRange"": 5}]}]",,,,2026-08-12 03:47:03.50325+00
6328756,001010,001010,krakki,크래키,[Unisex] Round Logo Tee_Yellow [KR265PUT421],5009755340,0,공용,1,2026,https://image.msscdn.net/images/goods_img/20260417/6328756/6328756_17769107287280_500.jpg,89000,53370,0,0,0,0,,,,,,,{9},"{Yellow^S,Yellow^M,Yellow^L,Yellow^XL}","{/images/prd_img/20260417/6328756/detail_6328756_17769107293273_500.jpg,/images/prd_img/20260417/6328756/detail_6328756_17769107294666_500.jpg}",,5,"[{""name"": ""S"", ""items"": [{""name"": ""총장"", ""value"": 60.5, ""recommendSizeRange"": 5}, {""name"": ""어깨너비"", ""value"": 44.5, ""recommendSizeRange"": 5}, {""name"": ""가슴단면"", ""value"": 53.0, ""recommendSizeRange"": 5}, {""name"": ""소매길이"", ""value"": 18.0, ""recommendSizeRange"": 5}]}, {""name"": ""M"", ""items"": [{""name"": ""총장"", ""value"": 67.5, ""recommendSizeRange"": 5}, {""name"": ""어깨너비"", ""value"": 50.5, ""recommendSizeRange"": 5}, {""name"": ""가슴단면"", ""value"": 55.0, ""recommendSizeRange"": 5}, {""name"": ""소매길이"", ""value"": 22.5, ""recommendSizeRange"": 5}]}, {""name"": ""L"", ""items"": [{""name"": ""총장"", ""value"": 70.0, ""recommendSizeRange"": 5}, {""name"": ""어깨너비"", ""value"": 52.5, ""recommendSizeRange"": 5}, {""name"": ""가슴단면"", ""value"": 57.5, ""recommendSizeRange"": 5}, {""name"": ""소매길이"", ""value"": 23.0, ""recommendSizeRange"": 5}]}, {""name"": ""XL"", ""items"": [{""name"": ""총장"", ""value"": 72.5, ""recommendSizeRange"": 5}, {""name"": ""어깨너비"", ""value"": 54.5, ""recommendSizeRange"": 5}, {""name"": ""가슴단면"", ""value"": 60.0, ""recommendSizeRange"": 5}, {""name"": ""소매길이"", ""value"": 23.5, ""recommendSizeRange"": 5}]}]",,,,2026-08-12 03:47:03.50325+00
6328762,001010,001010,krakki,크래키,[Unisex] Basic Logo Tee_M/Gray [KR265PUT401],5009755344,0,공용,1,2026,https://image.msscdn.net/images/goods_img/20260417/6328762/6328762_17824409190328_500.jpg,59000,35370,1,100,0,0,,,,,,,{3},"{MGray^S,MGray^M,MGray^L,MGray^XL}","{/images/prd_img/20260417/6328762/detail_6328762_17769106963622_500.jpg,/images/prd_img/20260417/6328762/detail_6328762_17769106965268_500.jpg,/images/prd_img/20260417/6328762/detail_6328762_17824409429974_500.jpg}",,5,"[{""name"": ""S"", ""items"": [{""name"": ""총장"", ""value"": 60.5, ""recommendSizeRange"": 5}, {""name"": ""어깨너비"", ""value"": 44.5, ""recommendSizeRange"": 5}, {""name"": ""가슴단면"", ""value"": 53.0, ""recommendSizeRange"": 5}, {""name"": ""소매길이"", ""value"": 18.0, ""recommendSizeRange"": 5}]}, {""name"": ""M"", ""items"": [{""name"": ""총장"", ""value"": 67.5, ""recommendSizeRange"": 5}, {""name"": ""어깨너비"", ""value"": 50.5, ""recommendSizeRange"": 5}, {""name"": ""가슴단면"", ""value"": 55.0, ""recommendSizeRange"": 5}, {""name"": ""소매길이"", ""value"": 22.5, ""recommendSizeRange"": 5}]}, {""name"": ""L"", ""items"": [{""name"": ""총장"", ""value"": 70.0, ""recommendSizeRange"": 5}, {""name"": ""어깨너비"", ""value"": 52.5, ""recommendSizeRange"": 5}, {""name"": ""가슴단면"", ""value"": 57.5, ""recommendSizeRange"": 5}, {""name"": ""소매길이"", ""value"": 23.0, ""recommendSizeRange"": 5}]}, {""name"": ""XL"", ""items"": [{""name"": ""총장"", ""value"": 72.5, ""recommendSizeRange"": 5}, {""name"": ""어깨너비"", ""value"": 54.5, ""recommendSizeRange"": 5}, {""name"": ""가슴단면"", ""value"": 60.0, ""recommendSizeRange"": 5}, {""name"": ""소매길이"", ""value"": 23.5, ""recommendSizeRange"": 5}]}]","{""questions"": []}",,,2026-08-12 03:47:03.50325+00
6330088,001010,017016002,biltmore,빌트모아,여성 골프 트로피컬 나염 긴소매 티셔츠,B1SWSH1108,0,여성,1,0000,https://image.msscdn.net/images/goods_img/20260417/6330088/6330088_17800282467158_500.jpg,45000,45000,0,0,0,0,레귤러,부드러움,있음,없음,얇음,"봄,가을","{2,7}","{T블루^90,T블루^95,T블루^100,T블루^105,블랙^90,블랙^95,블랙^100,블랙^105}","{/images/prd_img/20260417/6330088/detail_6330088_17800282512769_500.jpg,/images/prd_img/20260417/6330088/detail_6330088_17800282519691_500.jpg,/images/prd_img/20260417/6330088/detail_6330088_17800282526273_500.jpg,/images/prd_img/20260417/6330088/detail_6330088_17800282532336_500.jpg}","{골프웨어,골프티셔츠,긴팔티,긴팔티셔츠,냉감티셔츠,여성골프웨어}",21,"[{""name"": ""90"", ""items"": [{""name"": ""총장"", ""value"": 57.5, ""recommendSizeRange"": 5}, {""name"": ""어깨너비"", ""value"": 36.5, ""recommendSizeRange"": 5}, {""name"": ""가슴단면"", ""value"": 45.5, ""recommendSizeRange"": 5}, {""name"": ""소매길이"", ""value"": 57.0, ""recommendSizeRange"": 5}]}, {""name"": ""95"", ""items"": [{""name"": ""총장"", ""value"": 59.0, ""recommendSizeRange"": 5}, {""name"": ""어깨너비"", ""value"": 38.0, ""recommendSizeRange"": 5}, {""name"": ""가슴단면"", ""value"": 48.0, ""recommendSizeRange"": 5}, {""name"": ""소매길이"", ""value"": 58.0, ""recommendSizeRange"": 5}]}, {""name"": ""100"", ""items"": [{""name"": ""총장"", ""value"": 60.5, ""recommendSizeRange"": 5}, {""name"": ""어깨너비"", ""value"": 39.5, ""recommendSizeRange"": 5}, {""name"": ""가슴단면"", ""value"": 50.5, ""recommendSizeRange"": 5}, {""name"": ""소매길이"", ""value"": 59.0, ""recommendSizeRange"": 5}]}, {""name"": ""105"", ""items"": [{""name"": ""총장"", ""value"": 62.0, ""recommendSizeRange"": 5}, {""name"": ""어깨너비"", ""value"": 41.0, ""recommendSizeRange"": 5}, {""name"": ""가슴단면"", ""value"": 53.0, ""recommendSizeRange"": 5}, {""name"": ""소매길이"", ""value"": 60.0, ""recommendSizeRange"": 5}]}]",,,,2026-08-12 03:47:03.50325+00
6337567,001001,017016005,lecoqgolf,르꼬끄 골프,여성 골지 하프넥 반팔 티셔츠 _BLCK GR222LTS42,GR222LTS42_BLCK,0,여성,1,0000,https://image.msscdn.net/images/goods_img/20260420/6337567/6337567_17846108168822_500.jpg,158000,150100,0,0,0,0,,,,,,,{2},"{BLCK_BLCK^XS,BLCK_BLCK^S,BLCK_BLCK^M,BLCK_BLCK^L}","{/images/prd_img/20260420/6337567/detail_6337567_17846108176363_500.jpg,/images/prd_img/20260420/6337567/detail_6337567_17846108177801_500.jpg}","{골프,골프반팔,골프반팔티셔츠,골프티셔츠,반팔,반팔티셔츠,티셔츠}",,,,,,2026-08-12 03:47:03.50325+00
6337569,001001,017016005,lecoqgolf,르꼬끄 골프,여성 골지 하프넥 반팔 티셔츠 _WHTE GR222LTS42,GR222LTS42_WHTE,0,여성,1,0000,https://image.msscdn.net/images/goods_img/20260420/6337569/6337569_17840748622138_500.jpg,158000,150100,0,0,0,0,,,,,,,{1},"{WHTE_white^XS,WHTE_white^S,WHTE_white^M,WHTE_white^L}","{/images/prd_img/20260420/6337569/detail_6337569_17840748628463_500.jpg,/images/prd_img/20260420/6337569/detail_6337569_17840748629748_500.jpg}","{골프,골프반팔,골프반팔티셔츠,골프티셔츠,반팔,반팔티셔츠,티셔츠}",,,,,,2026-08-12 03:47:03.50325+00
6358035,001001,001001,bymono,바이모노,[빅사이즈 XL-6XL] 모노 벌크업 1992 스탠다드 오버핏 반팔티,P000CEVG,0,남성,1,2026,https://image.msscdn.net/images/goods_img/20260422/6358035/6358035_17859298355732_500.jpg,29900,27970,3,100,52,218,,,,,,,"{1,2}","{화이트^XL-2XL,화이트^3XL-4XL,화이트^5XL-6XL,블랙^XL-2XL,블랙^3XL-4XL,블랙^5XL-6XL,화이트^7XL-8XL,블랙^7XL-8XL}","{/images/prd_img/20260422/6358035/detail_6358035_17859298361405_500.jpg,/images/prd_img/20260422/6358035/detail_6358035_17859298362764_500.jpg,/images/prd_img/20260422/6358035/detail_6358035_17859298364170_500.jpg,/images/prd_img/20260422/6358035/detail_6358035_17859298365392_500.jpg,/images/prd_img/20260422/6358035/detail_6358035_17859298366690_500.jpg}","{로고티셔츠,반소매티셔츠,반팔,반팔티,반팔티셔츠,여름티셔츠,오버핏반팔}",5,"[{""name"": ""XL-2XL"", ""items"": [{""name"": ""총장"", ""value"": 83.0, ""recommendSizeRange"": 5}, {""name"": ""어깨너비"", ""value"": 66.0, ""recommendSizeRange"": 5}, {""name"": ""가슴단면"", ""value"": 66.0, ""recommendSizeRange"": 5}, {""name"": ""소매길이"", ""value"": 28.0, ""recommendSizeRange"": 5}]}, {""name"": ""3XL-4XL"", ""items"": [{""name"": ""총장"", ""value"": 85.0, ""recommendSizeRange"": 5}, {""name"": ""어깨너비"", ""value"": 68.0, ""recommendSizeRange"": 5}, {""name"": ""가슴단면"", ""value"": 68.0, ""recommendSizeRange"": 5}, {""name"": ""소매길이"", ""value"": 29.0, ""recommendSizeRange"": 5}]}, {""name"": ""5XL-6XL"", ""items"": [{""name"": ""총장"", ""value"": 87.0, ""recommendSizeRange"": 5}, {""name"": ""어깨너비"", ""value"": 70.0, ""recommendSizeRange"": 5}, {""name"": ""가슴단면"", ""value"": 70.0, ""recommendSizeRange"": 5}, {""name"": ""소매길이"", ""value"": 30.0, ""recommendSizeRange"": 5}]}, {""name"": ""7XL-8XL"", ""items"": [{""name"": ""총장"", ""value"": 0.0, ""recommendSizeRange"": 5}, {""name"": ""어깨너비"", ""value"": 0.0, ""recommendSizeRange"": 5}, {""name"": ""가슴단면"", ""value"": 0.0, ""recommendSizeRange"": 5}, {""name"": ""소매길이"", ""value"": 0.0, ""recommendSizeRange"": 5}]}]","{""questions"": []}",,,2026-08-12 03:47:03.50325+00
6372880,001011,001011,mixxo,미쏘,레이어드 슬리브리스_MIWHNG731A,MIWHNG731A,0,여성,0,2026,https://image.msscdn.net/images/goods_img/20260424/6372880/6372880_17839205351077_500.jpg,25900,18130,16,96,193,2614,,,,,,,"{10,25,3}","{(15)Gray^090,(15)Gray^095,(15)Gray^100,(25)Pink^090,(25)Pink^095,(25)Pink^100,(60)Charcoal^090,(60)Charcoal^095,(60)Charcoal^100}","{/images/prd_img/20260424/6372880/detail_6372880_17839206351909_500.jpg,/images/prd_img/20260424/6372880/detail_6372880_17839206372602_500.jpg,/images/prd_img/20260424/6372880/detail_6372880_17839206362674_500.jpg,/images/prd_img/20260424/6372880/detail_6372880_17839206367451_500.jpg,/images/prd_img/20260424/6372880/detail_6372880_17839206356544_500.jpg,/images/prd_img/20260424/6372880/detail_6372880_17814890292045_500.jpg,/images/prd_img/20260424/6372880/detail_6372880_17814890297075_500.jpg,/images/prd_img/20260424/6372880/detail_6372880_17798482252494_500.jpg,/images/prd_img/20260424/6372880/detail_6372880_17833811447502_500.jpg,/images/prd_img/20260424/6372880/detail_6372880_17833811804245_500.jpg}",,,,"{""questions"": []}",,,2026-08-12 03:47:03.50325+00
6391242,001001,017016005,lululemon,룰루레몬,페이즐리 메쉬 하이넥 테니스 폴로 셔츠  WHT IVYG,LW3JWVS-074087,0,여성,1,2026,https://image.msscdn.net/images/goods_img/20260428/6391242/6391242_17806129611610_500.jpg,138000,84000,0,0,0,615,,,,,,,{1},"{""White/Ivy Grove^XXXS"",""White/Ivy Grove^XXS"",""White/Ivy Grove^XS"",""White/Ivy Grove^S"",""White/Ivy Grove^M"",""White/Ivy Grove^L"",""White/Ivy Grove^XL""}","{/images/prd_img/20260428/6391242/detail_6391242_17806129617233_500.jpg,/images/prd_img/20260428/6391242/detail_6391242_17806129618876_500.jpg,/images/prd_img/20260428/6391242/detail_6391242_17806129620297_500.jpg,/images/prd_img/20260428/6391242/detail_6391242_17806129621959_500.jpg,/images/prd_img/20260428/6391242/detail_6391242_17806129623418_500.jpg}",,,,,,,2026-08-12 03:47:03.50325+00
6391991,001001,001001,tansanmagnesium,탄산마그네슘,링거 티셔츠 (라임),T26STS11LM,0,여성,"",0000,https://image.msscdn.net/images/goods_img/20260428/6391991/6391991_17839237124494_500.jpg,69000,52440,10,66,241,6224,,,,,,,{44},"{1,2,3,4}","{/images/prd_img/20260428/6391991/detail_6391991_17839237199057_500.jpg,/images/prd_img/20260428/6391991/detail_6391991_17839237273835_500.jpg}","{랑거티,반소매,반소매티셔츠,반팔티셔츠,아플리케티셔츠,여름반팔,티셔츠}",5,"[{""name"": ""1"", ""items"": [{""name"": ""총장"", ""value"": 52.0, ""recommendSizeRange"": 5}, {""name"": ""어깨너비"", ""value"": 34.0, ""recommendSizeRange"": 5}, {""name"": ""가슴단면"", ""value"": 46.2, ""recommendSizeRange"": 5}, {""name"": ""소매길이"", ""value"": 14.0, ""recommendSizeRange"": 5}]}, {""name"": ""2"", ""items"": [{""name"": ""총장"", ""value"": 63.0, ""recommendSizeRange"": 5}, {""name"": ""어깨너비"", ""value"": 50.0, ""recommendSizeRange"": 5}, {""name"": ""가슴단면"", ""value"": 53.2, ""recommendSizeRange"": 5}, {""name"": ""소매길이"", ""value"": 20.0, ""recommendSizeRange"": 5}]}, {""name"": ""3"", ""items"": [{""name"": ""총장"", ""value"": 66.0, ""recommendSizeRange"": 5}, {""name"": ""어깨너비"", ""value"": 50.0, ""recommendSizeRange"": 5}, {""name"": ""가슴단면"", ""value"": 53.7, ""recommendSizeRange"": 5}, {""name"": ""소매길이"", ""value"": 20.5, ""recommendSizeRange"": 5}]}, {""name"": ""4"", ""items"": [{""name"": ""총장"", ""value"": 74.0, ""recommendSizeRange"": 5}, {""name"": ""어깨너비"", ""value"": 51.0, ""recommendSizeRange"": 5}, {""name"": ""가슴단면"", ""value"": 54.7, ""recommendSizeRange"": 5}, {""name"": ""소매길이"", ""value"": 23.5, ""recommendSizeRange"": 5}]}]","{""questions"": []}","{""goodsNo"": 6391991, ""isShared"": true, ""reaction"": {}, ""keywordSummaries"": [{""name"": ""사이즈"", ""type"": ""size"", ""summary"": ""사이즈는 대체로 적당하게 잘 맞는다는 의견이 많고, 특히 1사이즈가 넉넉하고 편안하다는 리뷰가 많아요.""}, {""name"": ""핏"", ""type"": ""fit"", ""summary"": ""핏이 넉넉하고 편안해서 데일리로 입기 좋다는 의견이 많아요.""}, {""name"": ""디자인"", ""type"": ""design"", ""summary"": ""디자인이 귀엽고 독특해서 포인트가 되며, 링거티와 패치워크 조합이 특히 인기가 많아요.""}, {""name"": ""배송"", ""type"": ""delivery"", ""summary"": ""배송이 빠르다며 만족하는 고객들이 많아요.""}], ""sentimentSummary"": {""negative"": ""가끔 배송이 느리다는 의견이 있어요. 때때로 팔 부분이 짧아서 불편하다는 후기가 있어요. 드물지만 마감이 아쉬운 경우도 있었어요. 간혹 사이즈 선택이 애매하다는 의견이 있어요."", ""positive"": ""디자인이 귀여워서 많은 사람들이 좋아해요. 핏이 적당하고 편안해서 데일리로 입기 좋아요. 소재가 부드럽고 탄탄해서 여름에도 잘 어울려요. 다양한 하의와 잘 어우러져서 스타일링하기 쉬워요. 세탁 후에도 형태가 잘 유지돼서 관리하기 편해요.""}}",,2026-08-12 03:47:03.50325+00
6392602,001011,001011,mixxo,미쏘,나시 후드 티셔츠_MIWHNG516A,MIWHNG516A,0,여성,0,2026,https://image.msscdn.net/images/goods_img/20260428/6392602/6392602_17815680460657_500.jpg,39900,27930,27,96,183,2026,,,,,,,"{25,8}","{(60)Charcoal^090,(60)Charcoal^095,(75)Purple^090,(75)Purple^095}","{/images/prd_img/20260428/6392602/detail_6392602_17786533471732_500.jpg,/images/prd_img/20260428/6392602/detail_6392602_17786533476133_500.jpg,/images/prd_img/20260428/6392602/detail_6392602_17793475949429_500.jpg,/images/prd_img/20260428/6392602/detail_6392602_17793475955197_500.jpg,/images/prd_img/20260428/6392602/detail_6392602_17793475960735_500.jpg,/images/prd_img/20260428/6392602/detail_6392602_17793479871126_500.jpg,/images/prd_img/20260428/6392602/detail_6392602_17793479877561_500.jpg}","{글램걸STYLE,설쁘PICK}",,,"{""questions"": [{""answers"": [{""count"": 1, ""answerText"": ""매우 작아요"", ""percentage"": 3, ""averageScore"": 5, ""answerShortText"": ""매우 작음""}, {""count"": 1, ""answerText"": ""조금 작아요"", ""percentage"": 3, ""averageScore"": 4, ""answerShortText"": ""조금 작음""}, {""count"": 24, ""answerText"": ""정사이즈예요"", ""percentage"": 88, ""averageScore"": 3, ""answerShortText"": ""정사이즈""}, {""count"": 1, ""answerText"": ""조금 커요"", ""percentage"": 3, ""averageScore"": 2, ""answerShortText"": ""조금 큼""}, {""count"": 0, ""answerText"": ""많이 커요"", ""percentage"": 0, ""averageScore"": 0, ""answerShortText"": ""많이 큼""}], ""attribute"": ""사이즈"", ""questionText"": ""상품의 사이즈는 어떤가요?""}, {""answers"": [{""count"": 0, ""answerText"": ""매우 밝아요"", ""percentage"": 0, ""averageScore"": 0, ""answerShortText"": ""매우 밝음""}, {""count"": 1, ""answerText"": ""약간 밝아요"", ""percentage"": 3, ""averageScore"": 4, ""answerShortText"": ""밝음""}, {""count"": 25, ""answerText"": ""화면과 비슷해요"", ""percentage"": 92, ""averageScore"": 3, ""answerShortText"": ""화면과 비슷""}, {""count"": 1, ""answerText"": ""약간 어두워요"", ""percentage"": 3, ""averageScore"": 2, ""answerShortText"": ""어두움""}, {""count"": 0, ""answerText"": ""매우 어두워요"", ""percentage"": 0, ""averageScore"": 0, ""answerShortText"": ""매우 어두움""}], ""attribute"": ""화면 대비 색감"", ""questionText"": ""색감은 화면에 비해 어떤가요?""}, {""answers"": [{""count"": 1, ""answerText"": ""매우 얇아요"", ""percentage"": 3, ""averageScore"": 5, ""answerShortText"": ""매우 얇음""}, {""count"": 2, ""answerText"": ""약간 얇아요"", ""percentage"": 7, ""averageScore"": 4, ""answerShortText"": ""얇음""}, {""count"": 21, ""answerText"": ""적당해요"", ""percentage"": 77, ""averageScore"": 3, ""answerShortText"": ""적당함""}, {""count"": 3, ""answerText"": ""약간 두꺼워요"", ""percentage"": 11, ""averageScore"": 2, ""answerShortText"": ""두꺼움""}, {""count"": 0, ""answerText"": ""매우 두꺼워요"", ""percentage"": 0, ""averageScore"": 0, ""answerShortText"": ""매우 두꺼움""}], ""attribute"": ""두께감"", ""questionText"": ""두께감은 어땠나요?""}, {""answers"": [{""count"": 0, ""answerText"": ""전혀 없어요"", ""percentage"": 0, ""averageScore"": 0, ""answerShortText"": ""전혀 없음""}, {""count"": 2, ""answerText"": ""거의 없어요"", ""percentage"": 7, ""averageScore"": 4, ""answerShortText"": ""거의 없음""}, {""count"": 9, ""answerText"": ""적당해요"", ""percentage"": 33, ""averageScore"": 3, ""answerShortText"": ""적당함""}, {""count"": 11, ""answerText"": ""강한 편이에요"", ""percentage"": 40, ""averageScore"": 2, ""answerShortText"": ""강함""}, {""count"": 5, ""answerText"": ""매우 강해요"", ""percentage"": 18, ""averageScore"": 1, ""answerShortText"": ""매우 강함""}], ""attribute"": ""신축성"", ""questionText"": ""신축성은 어떤가요?""}]}","{""goodsNo"": 6392602, ""isShared"": false, ""reaction"": {}, ""keywordSummaries"": [], ""sentimentSummary"": {""negative"": ""가끔 재질이 수영복 같아서 더울 것 같아요. 일부 후기에서는 사이즈가 작게 나왔다고 해요. 때때로 겨드랑이 쪽이 쪼인다는 의견이 있어요."", ""positive"": ""핏이 슬림하게 보여서 만족스러워요. 재질이 신축성이 좋고 쫀쫀해요. 셔링 조절로 다양한 스타일링이 가능해요. 색감이 예쁘고 유니크한 디자인이에요. 여름에 입기 좋은 시원한 소재로 편안해요.""}}",,2026-08-12 03:47:03.50325+00
6393045,001011,017016003,lululemon,룰루레몬,제로드 인 탱크  WHT,LM1436S-0002,0,남성,1,2026,https://image.msscdn.net/images/goods_img/20260428/6393045/6393045_17823696080514_500.jpg,67000,67000,11,94,51,1558,,,,,,,{1},"{White^XS,White^S,White^M,White^L,White^XL,White^XXL}","{/images/prd_img/20260428/6393045/detail_6393045_17823696086494_500.jpg,/images/prd_img/20260428/6393045/detail_6393045_17823696088033_500.jpg,/images/prd_img/20260428/6393045/detail_6393045_17823696089450_500.jpg,/images/prd_img/20260428/6393045/detail_6393045_17823696090911_500.jpg}",,,,"{""questions"": []}",,,2026-08-12 03:47:03.50325+00
6413762,001001,017016005,lululemon,룰루레몬,메탈 벤트 테크 숏슬리브 셔츠  FEGY FEGY,LM3FT0S-074134,0,남성,1,2026,https://image.msscdn.net/images/goods_img/20260501/6413762/6413762_17850453731740_500.jpg,93000,93000,10,98,57,2009,,,,,,,{3},"{""Feather Grey^XS"",""Feather Grey^S"",""Feather Grey^M"",""Feather Grey^L"",""Feather Grey^XL"",""Feather Grey^XXL""}","{/images/prd_img/20260501/6413762/detail_6413762_17850453737538_500.jpg,/images/prd_img/20260501/6413762/detail_6413762_17850453738938_500.jpg,/images/prd_img/20260501/6413762/detail_6413762_17850453740335_500.jpg,/images/prd_img/20260501/6413762/detail_6413762_17850453741800_500.jpg,/images/prd_img/20260501/6413762/detail_6413762_17850453743217_500.jpg}",,,,"{""questions"": []}",,,2026-08-12 03:47:03.50325+00
6416308,001001,017016005,lululemon,룰루레몬,멘즈 ShowZero™ 클래식 핏 폴로 셔츠  VPOR,LM3GMFS-032894,0,남성,1,2026,https://image.msscdn.net/images/goods_img/20260504/6416308/6416308_17850877647815_500.jpg,138000,97000,0,0,0,284,,,,,,,{1},"{Vapor^XS,Vapor^S,Vapor^M,Vapor^L,Vapor^XL,Vapor^XXL}","{/images/prd_img/20260504/6416308/detail_6416308_17850877653178_500.jpg,/images/prd_img/20260504/6416308/detail_6416308_17850877654476_500.jpg,/images/prd_img/20260504/6416308/detail_6416308_17850877655717_500.jpg,/images/prd_img/20260504/6416308/detail_6416308_17850877657034_500.jpg}",,,,,,,2026-08-12 03:47:03.50325+00
6416384,001001,017016005,lululemon,룰루레몬,제로드 인 숏슬리브 셔츠  WILO,LM3GFNS-072763,0,남성,1,2026,https://image.msscdn.net/images/goods_img/20260504/6416384/6416384_17858681931264_500.jpg,78000,55000,0,0,0,237,,,,,,,{31},"{""Willow Leaf^XS"",""Willow Leaf^S"",""Willow Leaf^M"",""Willow Leaf^L"",""Willow Leaf^XL"",""Willow Leaf^XXL""}","{/images/prd_img/20260504/6416384/detail_6416384_17858681937542_500.jpg,/images/prd_img/20260504/6416384/detail_6416384_17858681938999_500.jpg,/images/prd_img/20260504/6416384/detail_6416384_17858681940326_500.jpg,/images/prd_img/20260504/6416384/detail_6416384_17858681942158_500.jpg}",,,,,,,2026-08-12 03:47:03.50325+00
6416386,001001,017016005,lululemon,룰루레몬,라이선스 투 트레인 숏슬리브 셔츠  VPOR,LM3EJUS-032894,0,남성,1,2026,https://image.msscdn.net/images/goods_img/20260504/6416386/6416386_17823543701713_500.jpg,93000,74000,1,100,0,822,,,,,,,{23},"{Vapor^XS,Vapor^S,Vapor^M,Vapor^L,Vapor^XL,Vapor^XXL,Vapor^2XL,Vapor^3XL,Vapor^4XL,Vapor^5XL}","{/images/prd_img/20260504/6416386/detail_6416386_17823543707672_500.jpg,/images/prd_img/20260504/6416386/detail_6416386_17823543709063_500.jpg,/images/prd_img/20260504/6416386/detail_6416386_17823543710395_500.jpg,/images/prd_img/20260504/6416386/detail_6416386_17823543711695_500.jpg,/images/prd_img/20260504/6416386/detail_6416386_17823543713149_500.jpg}",,,,"{""questions"": []}",,,2026-08-12 03:47:03.50325+00
6421247,001011,017016003,lululemon,룰루레몬,"플로우 Y 탱크탑 *라이트 서포트, B C컵  WHT",LW1GMMS-0002,0,여성,1,2026,https://image.msscdn.net/images/goods_img/20260505/6421247/6421247_17863281663428_500.jpg,93000,93000,0,0,0,444,,,,,,,{1},"{White^XXXS,White^XXS,White^XS,White^S,White^M,White^L,White^XL}","{/images/prd_img/20260505/6421247/detail_6421247_17863281669530_500.jpg,/images/prd_img/20260505/6421247/detail_6421247_17863281670948_500.jpg,/images/prd_img/20260505/6421247/detail_6421247_17863281672300_500.jpg,/images/prd_img/20260505/6421247/detail_6421247_17863281673669_500.jpg}",,,,,,,2026-08-12 03:47:03.50325+00
6421294,001010,001010,krakki,크래키,[Unisex] Paint Logo LS Tee_White [KR265PUT471],5009839602,0,여성,1,2026,https://image.msscdn.net/images/goods_img/20260505/6421294/6421294_17779565066948_500.jpg,99000,79200,0,0,0,0,,,,,,,{1},"{White^S,White^M,White^L}","{/images/prd_img/20260505/6421294/detail_6421294_17779565072968_500.jpg,/images/prd_img/20260505/6421294/detail_6421294_17779565074431_500.jpg}",,21,"[{""name"": ""S"", ""items"": [{""name"": ""총장"", ""value"": 67.0, ""recommendSizeRange"": 5}, {""name"": ""어깨너비"", ""value"": 50.0, ""recommendSizeRange"": 5}, {""name"": ""가슴단면"", ""value"": 62.0, ""recommendSizeRange"": 5}, {""name"": ""소매길이"", ""value"": 58.5, ""recommendSizeRange"": 5}]}, {""name"": ""M"", ""items"": [{""name"": ""총장"", ""value"": 69.5, ""recommendSizeRange"": 5}, {""name"": ""어깨너비"", ""value"": 51.0, ""recommendSizeRange"": 5}, {""name"": ""가슴단면"", ""value"": 64.5, ""recommendSizeRange"": 5}, {""name"": ""소매길이"", ""value"": 61.0, ""recommendSizeRange"": 5}]}, {""name"": ""L"", ""items"": [{""name"": ""총장"", ""value"": 71.0, ""recommendSizeRange"": 5}, {""name"": ""어깨너비"", ""value"": 53.0, ""recommendSizeRange"": 5}, {""name"": ""가슴단면"", ""value"": 67.0, ""recommendSizeRange"": 5}, {""name"": ""소매길이"", ""value"": 63.0, ""recommendSizeRange"": 5}]}]",,,,2026-08-12 03:47:03.50325+00
6421295,001010,001010,krakki,크래키,[Unisex] Paint Logo LS Tee_Navy [KR265PUT472],5009839603,0,여성,1,2026,https://image.msscdn.net/images/goods_img/20260505/6421295/6421295_17781393427374_500.jpg,99000,79200,0,0,0,151,,,,,,,{36},"{Navy^S,Navy^M,Navy^L}","{/images/prd_img/20260505/6421295/detail_6421295_17781393749581_500.jpg,/images/prd_img/20260505/6421295/detail_6421295_17779565145305_500.jpg,/images/prd_img/20260505/6421295/detail_6421295_17779565146828_500.jpg}",,21,"[{""name"": ""S"", ""items"": [{""name"": ""총장"", ""value"": 67.0, ""recommendSizeRange"": 5}, {""name"": ""어깨너비"", ""value"": 50.0, ""recommendSizeRange"": 5}, {""name"": ""가슴단면"", ""value"": 62.0, ""recommendSizeRange"": 5}, {""name"": ""소매길이"", ""value"": 58.5, ""recommendSizeRange"": 5}]}, {""name"": ""M"", ""items"": [{""name"": ""총장"", ""value"": 69.5, ""recommendSizeRange"": 5}, {""name"": ""어깨너비"", ""value"": 51.0, ""recommendSizeRange"": 5}, {""name"": ""가슴단면"", ""value"": 64.5, ""recommendSizeRange"": 5}, {""name"": ""소매길이"", ""value"": 61.0, ""recommendSizeRange"": 5}]}, {""name"": ""L"", ""items"": [{""name"": ""총장"", ""value"": 71.0, ""recommendSizeRange"": 5}, {""name"": ""어깨너비"", ""value"": 53.0, ""recommendSizeRange"": 5}, {""name"": ""가슴단면"", ""value"": 67.0, ""recommendSizeRange"": 5}, {""name"": ""소매길이"", ""value"": 63.0, ""recommendSizeRange"": 5}]}]",,,,2026-08-12 03:47:03.50325+00
6421297,001010,001010,krakki,크래키,[Unisex] Full Print LS Tee_White [KR265PUT481],5009839605,0,여성,1,2026,https://image.msscdn.net/images/goods_img/20260505/6421297/6421297_17828659227051_500.jpg,99000,79200,0,0,0,0,,,,,,,{1},"{White^S,White^M,White^L}","{/images/prd_img/20260505/6421297/detail_6421297_17828659495329_500.jpg,/images/prd_img/20260505/6421297/detail_6421297_17779565293247_500.jpg,/images/prd_img/20260505/6421297/detail_6421297_17779565294782_500.jpg}",,21,"[{""name"": ""S"", ""items"": [{""name"": ""총장"", ""value"": 70.0, ""recommendSizeRange"": 5}, {""name"": ""어깨너비"", ""value"": 54.0, ""recommendSizeRange"": 5}, {""name"": ""가슴단면"", ""value"": 61.0, ""recommendSizeRange"": 5}, {""name"": ""소매길이"", ""value"": 63.0, ""recommendSizeRange"": 5}]}, {""name"": ""M"", ""items"": [{""name"": ""총장"", ""value"": 71.5, ""recommendSizeRange"": 5}, {""name"": ""어깨너비"", ""value"": 56.0, ""recommendSizeRange"": 5}, {""name"": ""가슴단면"", ""value"": 64.0, ""recommendSizeRange"": 5}, {""name"": ""소매길이"", ""value"": 65.0, ""recommendSizeRange"": 5}]}, {""name"": ""L"", ""items"": [{""name"": ""총장"", ""value"": 73.0, ""recommendSizeRange"": 5}, {""name"": ""어깨너비"", ""value"": 58.5, ""recommendSizeRange"": 5}, {""name"": ""가슴단면"", ""value"": 67.0, ""recommendSizeRange"": 5}, {""name"": ""소매길이"", ""value"": 66.0, ""recommendSizeRange"": 5}]}]",,,,2026-08-12 03:47:03.50325+00
6421309,001001,001001,krakki,크래키,[Unisex] Stance Logo Tee_Yellow [KR265PUT412],5009839617,0,여성,1,2026,https://image.msscdn.net/images/goods_img/20260505/6421309/6421309_17779568920615_500.jpg,99000,59400,0,0,0,137,,,,,,,{9},"{Yellow^S,Yellow^M,Yellow^L,Yellow^XL}","{/images/prd_img/20260505/6421309/detail_6421309_17779568926435_500.jpg,/images/prd_img/20260505/6421309/detail_6421309_17779568927720_500.jpg}",,5,"[{""name"": ""S"", ""items"": [{""name"": ""총장"", ""value"": 60.5, ""recommendSizeRange"": 5}, {""name"": ""어깨너비"", ""value"": 44.5, ""recommendSizeRange"": 5}, {""name"": ""가슴단면"", ""value"": 53.0, ""recommendSizeRange"": 5}, {""name"": ""소매길이"", ""value"": 18.0, ""recommendSizeRange"": 5}]}, {""name"": ""M"", ""items"": [{""name"": ""총장"", ""value"": 67.5, ""recommendSizeRange"": 5}, {""name"": ""어깨너비"", ""value"": 50.5, ""recommendSizeRange"": 5}, {""name"": ""가슴단면"", ""value"": 55.0, ""recommendSizeRange"": 5}, {""name"": ""소매길이"", ""value"": 22.5, ""recommendSizeRange"": 5}]}, {""name"": ""L"", ""items"": [{""name"": ""총장"", ""value"": 70.0, ""recommendSizeRange"": 5}, {""name"": ""어깨너비"", ""value"": 52.5, ""recommendSizeRange"": 5}, {""name"": ""가슴단면"", ""value"": 57.5, ""recommendSizeRange"": 5}, {""name"": ""소매길이"", ""value"": 23.0, ""recommendSizeRange"": 5}]}, {""name"": ""XL"", ""items"": [{""name"": ""총장"", ""value"": 72.5, ""recommendSizeRange"": 5}, {""name"": ""어깨너비"", ""value"": 54.5, ""recommendSizeRange"": 5}, {""name"": ""가슴단면"", ""value"": 60.0, ""recommendSizeRange"": 5}, {""name"": ""소매길이"", ""value"": 23.5, ""recommendSizeRange"": 5}]}]",,,,2026-08-12 03:47:03.50325+00
6426012,001001,001001,mixxo,미쏘,레이스 랩 반팔 티셔츠 MIWHWG549A MIWHWG89QA MIWHWGT0QA,MIWHWG549A_무신사,0,여성,0,2026,https://image.msscdn.net/images/goods_img/20260506/6426012/6426012_17839205373144_500.jpg,39900,27930,28,96,383,13157,,,,,,,"{23,25,3}","{(15)Gray^090,(15)Gray^095,(15)Gray^100,(60)Charcoal^090,(60)Charcoal^095,(60)Charcoal^100,Ivory/MIWHWG89QA^090,Ivory/MIWHWG89QA^095,Ivory/MIWHWG89QA^100}","{/images/prd_img/20260506/6426012/detail_6426012_17839206693724_500.jpg,/images/prd_img/20260506/6426012/detail_6426012_17839206699255_500.jpg,/images/prd_img/20260506/6426012/detail_6426012_17839206710926_500.jpg,/images/prd_img/20260506/6426012/detail_6426012_17839206722403_500.jpg,/images/prd_img/20260506/6426012/detail_6426012_17839206716052_500.jpg,/images/prd_img/20260506/6426012/detail_6426012_17839206727615_500.jpg,/images/prd_img/20260506/6426012/detail_6426012_17839206732771_500.jpg,/images/prd_img/20260506/6426012/detail_6426012_17830607257182_500.jpg,/images/prd_img/20260506/6426012/detail_6426012_17830607262605_500.jpg,/images/prd_img/20260506/6426012/detail_6426012_17830607267902_500.jpg,/images/prd_img/20260506/6426012/detail_6426012_17830607273184_500.jpg,/images/prd_img/20260506/6426012/detail_6426012_17830607278488_500.jpg,/images/prd_img/20260506/6426012/detail_6426012_17839206705276_500.jpg,/images/prd_img/20260506/6426012/detail_6426012_17810707934317_500.jpg,/images/prd_img/20260506/6426012/detail_6426012_17810707939092_500.jpg}","{베스트아이템,여름반팔,여성티셔츠,여자티셔츠,티셔츠}",,,"{""questions"": [{""answers"": [{""count"": 1, ""answerText"": ""매우 작아요"", ""percentage"": 3, ""averageScore"": 5, ""answerShortText"": ""매우 작음""}, {""count"": 4, ""answerText"": ""조금 작아요"", ""percentage"": 14, ""averageScore"": 4, ""answerShortText"": ""조금 작음""}, {""count"": 19, ""answerText"": ""정사이즈예요"", ""percentage"": 67, ""averageScore"": 3, ""answerShortText"": ""정사이즈""}, {""count"": 4, ""answerText"": ""조금 커요"", ""percentage"": 14, ""averageScore"": 2, ""answerShortText"": ""조금 큼""}, {""count"": 0, ""answerText"": ""많이 커요"", ""percentage"": 0, ""averageScore"": 0, ""answerShortText"": ""많이 큼""}], ""attribute"": ""사이즈"", ""questionText"": ""상품의 사이즈는 어떤가요?""}, {""answers"": [{""count"": 1, ""answerText"": ""매우 밝아요"", ""percentage"": 3, ""averageScore"": 5, ""answerShortText"": ""매우 밝음""}, {""count"": 0, ""answerText"": ""약간 밝아요"", ""percentage"": 0, ""averageScore"": 0, ""answerShortText"": ""밝음""}, {""count"": 26, ""answerText"": ""화면과 비슷해요"", ""percentage"": 92, ""averageScore"": 3, ""answerShortText"": ""화면과 비슷""}, {""count"": 1, ""answerText"": ""약간 어두워요"", ""percentage"": 3, ""averageScore"": 2, ""answerShortText"": ""어두움""}, {""count"": 0, ""answerText"": ""매우 어두워요"", ""percentage"": 0, ""averageScore"": 0, ""answerShortText"": ""매우 어두움""}], ""attribute"": ""화면 대비 색감"", ""questionText"": ""색감은 화면에 비해 어떤가요?""}, {""answers"": [{""count"": 1, ""answerText"": ""매우 얇아요"", ""percentage"": 3, ""averageScore"": 5, ""answerShortText"": ""매우 얇음""}, {""count"": 7, ""answerText"": ""약간 얇아요"", ""percentage"": 25, ""averageScore"": 4, ""answerShortText"": ""얇음""}, {""count"": 19, ""answerText"": ""적당해요"", ""percentage"": 67, ""averageScore"": 3, ""answerShortText"": ""적당함""}, {""count"": 1, ""answerText"": ""약간 두꺼워요"", ""percentage"": 3, ""averageScore"": 2, ""answerShortText"": ""두꺼움""}, {""count"": 0, ""answerText"": ""매우 두꺼워요"", ""percentage"": 0, ""averageScore"": 0, ""answerShortText"": ""매우 두꺼움""}], ""attribute"": ""두께감"", ""questionText"": ""두께감은 어땠나요?""}, {""answers"": [{""count"": 2, ""answerText"": ""전혀 없어요"", ""percentage"": 7, ""averageScore"": 5, ""answerShortText"": ""전혀 없음""}, {""count"": 0, ""answerText"": ""거의 없어요"", ""percentage"": 0, ""averageScore"": 0, ""answerShortText"": ""거의 없음""}, {""count"": 15, ""answerText"": ""적당해요"", ""percentage"": 53, ""averageScore"": 3, ""answerShortText"": ""적당함""}, {""count"": 9, ""answerText"": ""강한 편이에요"", ""percentage"": 32, ""averageScore"": 2, ""answerShortText"": ""강함""}, {""count"": 2, ""answerText"": ""매우 강해요"", ""percentage"": 7, ""averageScore"": 1, ""answerShortText"": ""매우 강함""}], ""attribute"": ""신축성"", ""questionText"": ""신축성은 어떤가요?""}]}","{""goodsNo"": 6426012, ""isShared"": false, ""reaction"": {}, ""keywordSummaries"": [], ""sentimentSummary"": {""negative"": ""가끔 가슴 부분이 들뜨고 우는 경향이 있어 불편할 수 있어요. 때때로 안에 이너를 신경 써야 할 필요가 있어요. 일부 후기에서는 색상이 사진보다 어두운 경우가 있다고 해요. 간혹 기본 반팔티처럼 생각했지만 생각보다 짧다는 의견이 있어요."", ""positive"": ""핏과 디자인이 딱 원하던 대로예요. 레이어드 디자인 덕분에 하나만 입어도 스타일리시해 보여요. 재질이 쫀쫀하고 착용감이 편해요. 색감이 예쁘고 허리 부분에 셔링이 있어 날씬해 보이는 효과가 있어요. 가격에 비해 질이 매우 좋아서 만족스러워요.""}}",,2026-08-12 03:47:03.50325+00
6436352,001001,017016005,biltmore,빌트모아,여성 골프 스카시 단가라 니트 풀오버,B1RWKP4042,0,여성,1,0000,https://image.msscdn.net/images/goods_img/20260507/6436352/6436352_17800201669384_500.jpg,49000,49000,0,0,0,0,레귤러,부드러움,있음,없음,보통,여름,"{32,36,45}","{핑크^90,핑크^95,핑크^100,핑크^105,네이비^90,네이비^95,네이비^100,네이비^105,그린^90,그린^95,그린^100,그린^105}","{/images/prd_img/20260507/6436352/detail_6436352_17800201722598_500.jpg,/images/prd_img/20260507/6436352/detail_6436352_17800201729356_500.jpg,/images/prd_img/20260507/6436352/detail_6436352_17800201736339_500.jpg,/images/prd_img/20260507/6436352/detail_6436352_17800201742715_500.jpg,/images/prd_img/20260507/6436352/detail_6436352_17800201749352_500.jpg,/images/prd_img/20260507/6436352/detail_6436352_17800201756304_500.jpg}","{골프니트,골프웨어,골프티셔츠,니트카라,라운딩룩,여름니트,여성골프웨어}",5,"[{""name"": ""90"", ""items"": [{""name"": ""총장"", ""value"": 56.0, ""recommendSizeRange"": 5}, {""name"": ""어깨너비"", ""value"": 35.5, ""recommendSizeRange"": 5}, {""name"": ""가슴단면"", ""value"": 45.5, ""recommendSizeRange"": 5}, {""name"": ""소매길이"", ""value"": 23.0, ""recommendSizeRange"": 5}]}, {""name"": ""95"", ""items"": [{""name"": ""총장"", ""value"": 57.5, ""recommendSizeRange"": 5}, {""name"": ""어깨너비"", ""value"": 37.0, ""recommendSizeRange"": 5}, {""name"": ""가슴단면"", ""value"": 48.0, ""recommendSizeRange"": 5}, {""name"": ""소매길이"", ""value"": 24.0, ""recommendSizeRange"": 5}]}, {""name"": ""100"", ""items"": [{""name"": ""총장"", ""value"": 59.0, ""recommendSizeRange"": 5}, {""name"": ""어깨너비"", ""value"": 38.5, ""recommendSizeRange"": 5}, {""name"": ""가슴단면"", ""value"": 50.5, ""recommendSizeRange"": 5}, {""name"": ""소매길이"", ""value"": 25.0, ""recommendSizeRange"": 5}]}, {""name"": ""105"", ""items"": [{""name"": ""총장"", ""value"": 60.5, ""recommendSizeRange"": 5}, {""name"": ""어깨너비"", ""value"": 40.0, ""recommendSizeRange"": 5}, {""name"": ""가슴단면"", ""value"": 53.0, ""recommendSizeRange"": 5}, {""name"": ""소매길이"", ""value"": 26.0, ""recommendSizeRange"": 5}]}]",,,,2026-08-12 03:47:03.50325+00
6460286,001001,001001,bymono,바이모노,[빅사이즈 M-6XL] 꼭꼭숨티 쁘띠쁘띠 백프린팅 반팔티,P000CFHA,0,남성,1,2026,https://image.msscdn.net/images/goods_img/20260512/6460286/6460286_17859860736574_500.jpg,34900,32220,4,96,220,5778,,,,,,,"{1,2}","{화이트^M-L,화이트^XL-2XL,화이트^3XL-4XL,화이트^5XL-6XL,블랙^M-L,블랙^XL-2XL,블랙^3XL-4XL,블랙^5XL-6XL}","{/images/prd_img/20260512/6460286/detail_6460286_17859860742403_500.jpg,/images/prd_img/20260512/6460286/detail_6460286_17859860743848_500.jpg,/images/prd_img/20260512/6460286/detail_6460286_17859860745157_500.jpg,/images/prd_img/20260512/6460286/detail_6460286_17859860746455_500.jpg}","{로고티셔츠,반팔,반팔티,반팔티셔츠,여름반팔,여름티셔츠}",5,"[{""name"": ""M-L"", ""items"": [{""name"": ""총장"", ""value"": 74.0, ""recommendSizeRange"": 5}, {""name"": ""어깨너비"", ""value"": 52.0, ""recommendSizeRange"": 5}, {""name"": ""가슴단면"", ""value"": 56.0, ""recommendSizeRange"": 5}, {""name"": ""소매길이"", ""value"": 20.0, ""recommendSizeRange"": 5}]}, {""name"": ""XL-2XL"", ""items"": [{""name"": ""총장"", ""value"": 76.0, ""recommendSizeRange"": 5}, {""name"": ""어깨너비"", ""value"": 56.0, ""recommendSizeRange"": 5}, {""name"": ""가슴단면"", ""value"": 61.0, ""recommendSizeRange"": 5}, {""name"": ""소매길이"", ""value"": 21.0, ""recommendSizeRange"": 5}]}, {""name"": ""3XL-4XL"", ""items"": [{""name"": ""총장"", ""value"": 78.0, ""recommendSizeRange"": 5}, {""name"": ""어깨너비"", ""value"": 60.0, ""recommendSizeRange"": 5}, {""name"": ""가슴단면"", ""value"": 66.0, ""recommendSizeRange"": 5}, {""name"": ""소매길이"", ""value"": 22.0, ""recommendSizeRange"": 5}]}, {""name"": ""5XL-6XL"", ""items"": [{""name"": ""총장"", ""value"": 80.0, ""recommendSizeRange"": 5}, {""name"": ""어깨너비"", ""value"": 64.0, ""recommendSizeRange"": 5}, {""name"": ""가슴단면"", ""value"": 71.0, ""recommendSizeRange"": 5}, {""name"": ""소매길이"", ""value"": 23.0, ""recommendSizeRange"": 5}]}]","{""questions"": []}",,,2026-08-12 03:47:03.50325+00
6461815,001001,017016005,lululemon,룰루레몬,메탈 벤트 테크 숏슬리브 셔츠  GOVE CLBL,LM3FG2S-075759,0,남성,1,2026,https://image.msscdn.net/images/goods_img/20260512/6461815/6461815_17785709550975_500.jpg,93000,74000,5,100,0,1488,,,,,,,{6},"{""Green Cove/Club Blue^XS"",""Green Cove/Club Blue^S"",""Green Cove/Club Blue^M"",""Green Cove/Club Blue^L"",""Green Cove/Club Blue^XL"",""Green Cove/Club Blue^XXL""}","{/images/prd_img/20260512/6461815/detail_6461815_17785709557100_500.jpg,/images/prd_img/20260512/6461815/detail_6461815_17785709558615_500.jpg,/images/prd_img/20260512/6461815/detail_6461815_17785709560060_500.jpg,/images/prd_img/20260512/6461815/detail_6461815_17785709561515_500.jpg,/images/prd_img/20260512/6461815/detail_6461815_17785709563146_500.jpg}",,,,"{""questions"": []}",,,2026-08-12 03:47:03.50325+00
6462970,001001,017016005,biltmore,빌트모아,남성 골프 플라워 패턴 셔츠,B1RMSH1123,0,남성,1,0000,https://image.msscdn.net/images/goods_img/20260512/6462970/6462970_17792521345274_500.jpg,49000,49000,0,0,0,0,레귤러,보통,있음,없음,얇음,여름,"{3,36}","{네이비^95,네이비^100,네이비^105,네이비^110,그레이^95,그레이^100,그레이^105,그레이^110}","{/images/prd_img/20260512/6462970/detail_6462970_17792521401818_500.jpg,/images/prd_img/20260512/6462970/detail_6462970_17792521408735_500.jpg,/images/prd_img/20260512/6462970/detail_6462970_17792521415299_500.jpg,/images/prd_img/20260512/6462970/detail_6462970_17792521422559_500.jpg,/images/prd_img/20260512/6462970/detail_6462970_17792521429345_500.jpg}","{골프웨어,남성골프웨어,반팔셔츠,여름셔츠,여름추천반팔,하와이안셔츠,휴양지}",20,"[{""name"": ""95"", ""items"": [{""name"": ""총장"", ""value"": 68.0, ""recommendSizeRange"": 5}, {""name"": ""어깨너비"", ""value"": 44.0, ""recommendSizeRange"": 5}, {""name"": ""가슴단면"", ""value"": 52.5, ""recommendSizeRange"": 5}, {""name"": ""소매길이"", ""value"": 23.0, ""recommendSizeRange"": 5}]}, {""name"": ""100"", ""items"": [{""name"": ""총장"", ""value"": 69.5, ""recommendSizeRange"": 5}, {""name"": ""어깨너비"", ""value"": 45.5, ""recommendSizeRange"": 5}, {""name"": ""가슴단면"", ""value"": 55.0, ""recommendSizeRange"": 5}, {""name"": ""소매길이"", ""value"": 24.0, ""recommendSizeRange"": 5}]}, {""name"": ""105"", ""items"": [{""name"": ""총장"", ""value"": 71.0, ""recommendSizeRange"": 5}, {""name"": ""어깨너비"", ""value"": 47.0, ""recommendSizeRange"": 5}, {""name"": ""가슴단면"", ""value"": 57.5, ""recommendSizeRange"": 5}, {""name"": ""소매길이"", ""value"": 25.0, ""recommendSizeRange"": 5}]}, {""name"": ""110"", ""items"": [{""name"": ""총장"", ""value"": 72.5, ""recommendSizeRange"": 5}, {""name"": ""어깨너비"", ""value"": 48.5, ""recommendSizeRange"": 5}, {""name"": ""가슴단면"", ""value"": 60.0, ""recommendSizeRange"": 5}, {""name"": ""소매길이"", ""value"": 26.0, ""recommendSizeRange"": 5}]}]",,,,2026-08-12 03:47:03.50325+00
6483847,001001,001001,secondwave,세컨드웨이브,뉴웨이브 티 [차콜],S26SS-TS04CH,0,공용,"",0000,https://image.msscdn.net/images/goods_img/20260514/6483847/6483847_17787626885947_500.jpg,48000,48000,0,0,0,0,"레귤러,루즈",부드러움,약간 있음,"거의 없음,없음",보통,"봄,여름,가을",{25},"{""size 1"",""size 2"",""size 3"",""size W""}","{/images/prd_img/20260514/6483847/detail_6483847_17787626891782_500.jpg,/images/prd_img/20260514/6483847/detail_6483847_17787626893060_500.jpg,/images/prd_img/20260514/6483847/detail_6483847_17787626894435_500.jpg,/images/prd_img/20260514/6483847/detail_6483847_17787626896076_500.jpg,/images/prd_img/20260514/6483847/detail_6483847_17787626897785_500.jpg,/images/prd_img/20260514/6483847/detail_6483847_17787628270887_500.jpg}","{그래픽티셔츠,로고티셔츠,반소매,반소매티셔츠,반팔티셔츠,여름반팔,클라이밍}",5,"[{""name"": ""size 1"", ""items"": [{""name"": ""총장"", ""value"": 72.0, ""recommendSizeRange"": 5}, {""name"": ""어깨너비"", ""value"": 49.0, ""recommendSizeRange"": 5}, {""name"": ""가슴단면"", ""value"": 54.5, ""recommendSizeRange"": 5}, {""name"": ""소매길이"", ""value"": 22.0, ""recommendSizeRange"": 5}]}, {""name"": ""size 2"", ""items"": [{""name"": ""총장"", ""value"": 75.0, ""recommendSizeRange"": 5}, {""name"": ""어깨너비"", ""value"": 51.0, ""recommendSizeRange"": 5}, {""name"": ""가슴단면"", ""value"": 56.5, ""recommendSizeRange"": 5}, {""name"": ""소매길이"", ""value"": 22.5, ""recommendSizeRange"": 5}]}, {""name"": ""size 3"", ""items"": [{""name"": ""총장"", ""value"": 76.0, ""recommendSizeRange"": 5}, {""name"": ""어깨너비"", ""value"": 52.5, ""recommendSizeRange"": 5}, {""name"": ""가슴단면"", ""value"": 59.0, ""recommendSizeRange"": 5}, {""name"": ""소매길이"", ""value"": 24.0, ""recommendSizeRange"": 5}]}, {""name"": ""size W"", ""items"": [{""name"": ""총장"", ""value"": 51.0, ""recommendSizeRange"": 5}, {""name"": ""어깨너비"", ""value"": 38.0, ""recommendSizeRange"": 5}, {""name"": ""가슴단면"", ""value"": 46.0, ""recommendSizeRange"": 5}, {""name"": ""소매길이"", ""value"": 17.0, ""recommendSizeRange"": 5}]}]",,,,2026-08-12 03:47:03.50325+00
6483895,001001,001001,secondwave,세컨드웨이브,뉴웨이브 티 [핑크],S26SS-TS04PK,0,공용,"",0000,https://image.msscdn.net/images/goods_img/20260514/6483895/6483895_17787629922467_500.jpg,48000,48000,0,0,0,0,"레귤러,루즈",부드러움,약간 있음,거의 없음,보통,"봄,여름,가을",{45},"{""size 1"",""size 2"",""size 3"",""size W""}","{/images/prd_img/20260514/6483895/detail_6483895_17787629928682_500.jpg,/images/prd_img/20260514/6483895/detail_6483895_17787629930286_500.jpg,/images/prd_img/20260514/6483895/detail_6483895_17787629931650_500.jpg,/images/prd_img/20260514/6483895/detail_6483895_17787629933201_500.jpg,/images/prd_img/20260514/6483895/detail_6483895_17787629934747_500.jpg,/images/prd_img/20260514/6483895/detail_6483895_17788409901044_500.jpg}","{그래픽티셔츠,로고티셔츠,반소매,반소매티셔츠,여름반팔,여름티셔츠,클라이밍티셔츠}",5,"[{""name"": ""size 1"", ""items"": [{""name"": ""총장"", ""value"": 72.0, ""recommendSizeRange"": 5}, {""name"": ""어깨너비"", ""value"": 49.0, ""recommendSizeRange"": 5}, {""name"": ""가슴단면"", ""value"": 54.5, ""recommendSizeRange"": 5}, {""name"": ""소매길이"", ""value"": 22.0, ""recommendSizeRange"": 5}]}, {""name"": ""size 2"", ""items"": [{""name"": ""총장"", ""value"": 75.0, ""recommendSizeRange"": 5}, {""name"": ""어깨너비"", ""value"": 51.0, ""recommendSizeRange"": 5}, {""name"": ""가슴단면"", ""value"": 56.5, ""recommendSizeRange"": 5}, {""name"": ""소매길이"", ""value"": 22.5, ""recommendSizeRange"": 5}]}, {""name"": ""size 3"", ""items"": [{""name"": ""총장"", ""value"": 76.0, ""recommendSizeRange"": 5}, {""name"": ""어깨너비"", ""value"": 52.5, ""recommendSizeRange"": 5}, {""name"": ""가슴단면"", ""value"": 59.0, ""recommendSizeRange"": 5}, {""name"": ""소매길이"", ""value"": 24.0, ""recommendSizeRange"": 5}]}, {""name"": ""size W"", ""items"": [{""name"": ""총장"", ""value"": 51.0, ""recommendSizeRange"": 5}, {""name"": ""어깨너비"", ""value"": 38.0, ""recommendSizeRange"": 5}, {""name"": ""가슴단면"", ""value"": 46.0, ""recommendSizeRange"": 5}, {""name"": ""소매길이"", ""value"": 17.0, ""recommendSizeRange"": 5}]}]",,,,2026-08-12 03:47:03.50325+00
6483942,001001,001001,secondwave,세컨드웨이브,뉴웨이브 티 [화이트],S26SS-TS04WH,0,공용,"",0000,https://image.msscdn.net/images/goods_img/20260514/6483942/6483942_17787632971735_500.jpg,48000,48000,0,0,0,0,"레귤러,루즈",부드러움,약간 있음,거의 없음,보통,"봄,여름,가을",{1},"{""size 1"",""size 2"",""size 3"",""size W""}","{/images/prd_img/20260514/6483942/detail_6483942_17787632977509_500.jpg,/images/prd_img/20260514/6483942/detail_6483942_17787632978847_500.jpg,/images/prd_img/20260514/6483942/detail_6483942_17787632980228_500.jpg,/images/prd_img/20260514/6483942/detail_6483942_17787632981652_500.jpg,/images/prd_img/20260514/6483942/detail_6483942_17787632983080_500.jpg,/images/prd_img/20260514/6483942/detail_6483942_17788407925441_500.jpg}","{그래픽티셔츠,로고티셔츠,반소매,반소매티셔츠,반팔티,여름티셔츠,클라이밍티셔츠}",5,"[{""name"": ""size 1"", ""items"": [{""name"": ""총장"", ""value"": 72.0, ""recommendSizeRange"": 5}, {""name"": ""어깨너비"", ""value"": 49.0, ""recommendSizeRange"": 5}, {""name"": ""가슴단면"", ""value"": 54.5, ""recommendSizeRange"": 5}, {""name"": ""소매길이"", ""value"": 22.0, ""recommendSizeRange"": 5}]}, {""name"": ""size 2"", ""items"": [{""name"": ""총장"", ""value"": 75.0, ""recommendSizeRange"": 5}, {""name"": ""어깨너비"", ""value"": 51.0, ""recommendSizeRange"": 5}, {""name"": ""가슴단면"", ""value"": 56.5, ""recommendSizeRange"": 5}, {""name"": ""소매길이"", ""value"": 22.5, ""recommendSizeRange"": 5}]}, {""name"": ""size 3"", ""items"": [{""name"": ""총장"", ""value"": 76.0, ""recommendSizeRange"": 5}, {""name"": ""어깨너비"", ""value"": 52.5, ""recommendSizeRange"": 5}, {""name"": ""가슴단면"", ""value"": 59.0, ""recommendSizeRange"": 5}, {""name"": ""소매길이"", ""value"": 24.0, ""recommendSizeRange"": 5}]}, {""name"": ""size W"", ""items"": [{""name"": ""총장"", ""value"": 51.0, ""recommendSizeRange"": 5}, {""name"": ""어깨너비"", ""value"": 38.0, ""recommendSizeRange"": 5}, {""name"": ""가슴단면"", ""value"": 46.0, ""recommendSizeRange"": 5}, {""name"": ""소매길이"", ""value"": 17.0, ""recommendSizeRange"": 5}]}]",,,,2026-08-12 03:47:03.50325+00
6521898,001010,017016002,fridayseven,프라이데이세븐,벤트라 롱슬리브 Ventra lsv charcoal,25FLSV1,0,여성,1,2026,https://image.msscdn.net/images/goods_img/20260520/6521898/6521898_17792876968828_500.jpg,59000,59000,1,100,0,100,,,,,,,{25},"{S,M,L,XL}","{/images/prd_img/20260520/6521898/detail_6521898_17792876974787_500.jpg,/images/prd_img/20260520/6521898/detail_6521898_17792876976171_500.jpg,/images/prd_img/20260520/6521898/detail_6521898_17792876977573_500.jpg,/images/prd_img/20260520/6521898/detail_6521898_17792876978921_500.jpg,/images/prd_img/20260520/6521898/detail_6521898_17792876980582_500.jpg}","{긴팔메쉬티,러닝,러닝긴팔,러닝상의,런닝,메쉬긴팔티,자외선차단긴팔}",21,"[{""name"": ""S"", ""items"": [{""name"": ""총장"", ""value"": 66.0, ""recommendSizeRange"": 5}, {""name"": ""어깨너비"", ""value"": 46.0, ""recommendSizeRange"": 5}, {""name"": ""가슴단면"", ""value"": 53.0, ""recommendSizeRange"": 5}, {""name"": ""소매길이"", ""value"": 59.0, ""recommendSizeRange"": 5}]}, {""name"": ""M"", ""items"": [{""name"": ""총장"", ""value"": 68.0, ""recommendSizeRange"": 5}, {""name"": ""어깨너비"", ""value"": 48.0, ""recommendSizeRange"": 5}, {""name"": ""가슴단면"", ""value"": 55.5, ""recommendSizeRange"": 5}, {""name"": ""소매길이"", ""value"": 61.5, ""recommendSizeRange"": 5}]}, {""name"": ""L"", ""items"": [{""name"": ""총장"", ""value"": 70.0, ""recommendSizeRange"": 5}, {""name"": ""어깨너비"", ""value"": 50.0, ""recommendSizeRange"": 5}, {""name"": ""가슴단면"", ""value"": 58.0, ""recommendSizeRange"": 5}, {""name"": ""소매길이"", ""value"": 64.0, ""recommendSizeRange"": 5}]}, {""name"": ""XL"", ""items"": [{""name"": ""총장"", ""value"": 72.0, ""recommendSizeRange"": 5}, {""name"": ""어깨너비"", ""value"": 52.0, ""recommendSizeRange"": 5}, {""name"": ""가슴단면"", ""value"": 60.5, ""recommendSizeRange"": 5}, {""name"": ""소매길이"", ""value"": 66.5, ""recommendSizeRange"": 5}]}]","{""questions"": []}",,,2026-08-12 03:47:03.50325+00
6521900,001010,017016002,fridayseven,프라이데이세븐,벤트라 롱슬리브 Ventra lsv ivory,25FLSV1,0,여성,1,2026,https://image.msscdn.net/images/goods_img/20260520/6521900/6521900_17792876886639_500.jpg,59000,59000,3,80,0,136,,,,,,,{23},"{S,M,L,XL}","{/images/prd_img/20260520/6521900/detail_6521900_17792876892934_500.jpg,/images/prd_img/20260520/6521900/detail_6521900_17792876894353_500.jpg,/images/prd_img/20260520/6521900/detail_6521900_17792876895727_500.jpg,/images/prd_img/20260520/6521900/detail_6521900_17792876897428_500.jpg,/images/prd_img/20260520/6521900/detail_6521900_17792876898773_500.jpg}","{긴팔메쉬티,러닝,러닝긴팔,러닝상의,런닝,메쉬긴팔티,자외선차단긴팔}",21,"[{""name"": ""S"", ""items"": [{""name"": ""총장"", ""value"": 66.0, ""recommendSizeRange"": 5}, {""name"": ""어깨너비"", ""value"": 46.0, ""recommendSizeRange"": 5}, {""name"": ""가슴단면"", ""value"": 53.0, ""recommendSizeRange"": 5}, {""name"": ""소매길이"", ""value"": 59.0, ""recommendSizeRange"": 5}]}, {""name"": ""M"", ""items"": [{""name"": ""총장"", ""value"": 68.0, ""recommendSizeRange"": 5}, {""name"": ""어깨너비"", ""value"": 48.0, ""recommendSizeRange"": 5}, {""name"": ""가슴단면"", ""value"": 55.5, ""recommendSizeRange"": 5}, {""name"": ""소매길이"", ""value"": 61.5, ""recommendSizeRange"": 5}]}, {""name"": ""L"", ""items"": [{""name"": ""총장"", ""value"": 70.0, ""recommendSizeRange"": 5}, {""name"": ""어깨너비"", ""value"": 50.0, ""recommendSizeRange"": 5}, {""name"": ""가슴단면"", ""value"": 58.0, ""recommendSizeRange"": 5}, {""name"": ""소매길이"", ""value"": 64.0, ""recommendSizeRange"": 5}]}, {""name"": ""XL"", ""items"": [{""name"": ""총장"", ""value"": 72.0, ""recommendSizeRange"": 5}, {""name"": ""어깨너비"", ""value"": 52.0, ""recommendSizeRange"": 5}, {""name"": ""가슴단면"", ""value"": 60.5, ""recommendSizeRange"": 5}, {""name"": ""소매길이"", ""value"": 66.5, ""recommendSizeRange"": 5}]}]","{""questions"": []}",,,2026-08-12 03:47:03.50325+00
6548210,001011,001011,massimodutti2,마시모두띠,코튼 스퀘어넥 탑,06256578600,0,여성,"","",https://image.msscdn.net/images/goods_img/20260526/6548210/6548210_17800546239687_500.jpg,69000,69000,0,0,0,0,,,,,,,{11},"{""레드^XS (KR 44-55)"",""레드^S (KR 55)"",""레드^M (KR 55-66)"",""레드^L (KR 66)"",""레드^XL (KR 77)""}","{/images/prd_img/20260526/6548210/detail_6548210_17800546245998_500.jpg,/images/prd_img/20260526/6548210/detail_6548210_17800546247471_500.jpg,/images/prd_img/20260526/6548210/detail_6548210_17800546248961_500.jpg,/images/prd_img/20260526/6548210/detail_6548210_17800546250410_500.jpg,/images/prd_img/20260526/6548210/detail_6548210_17800546251888_500.jpg,/images/prd_img/20260526/6548210/detail_6548210_17800546253478_500.jpg,/images/prd_img/20260526/6548210/detail_6548210_17800546254999_500.jpg,/images/prd_img/20260526/6548210/detail_6548210_17800546256644_500.jpg}",,,,,,,2026-08-12 03:47:03.50325+00
6567446,001011,001011,massimodutti2,마시모두띠,코튼 스트래피 탑,06226620800,0,여성,"","",https://image.msscdn.net/images/goods_img/20260528/6567446/6567446_17799658616336_500.jpg,69000,69000,0,0,0,0,,,,,,,{2},"{""블랙^XS (KR 44-55)"",""블랙^S (KR 55)"",""블랙^M (KR 55-66)"",""블랙^L (KR 66)"",""블랙^XL (KR 77)""}","{/images/prd_img/20260528/6567446/detail_6567446_17799658622334_500.jpg,/images/prd_img/20260528/6567446/detail_6567446_17799658623710_500.jpg,/images/prd_img/20260528/6567446/detail_6567446_17799658625103_500.jpg,/images/prd_img/20260528/6567446/detail_6567446_17799658626383_500.jpg,/images/prd_img/20260528/6567446/detail_6567446_17799658627776_500.jpg,/images/prd_img/20260528/6567446/detail_6567446_17799658629121_500.jpg,/images/prd_img/20260528/6567446/detail_6567446_17799658630482_500.jpg,/images/prd_img/20260528/6567446/detail_6567446_17799658631978_500.jpg}",,,,,,,2026-08-12 03:47:03.50325+00
6595532,001003,017016006,lululemon,룰루레몬,로고 스포츠 폴로 숏슬리브  SQD2,LM3GMBS-078779,0,남성,1,2026,https://image.msscdn.net/images/goods_img/20260602/6595532/6595532_17858681377151_500.jpg,125000,88000,0,0,0,263,,,,,,,{1},"{White^XS,White^S,White^M,White^L,White^XL,White^XXL}","{/images/prd_img/20260602/6595532/detail_6595532_17858681383369_500.jpg,/images/prd_img/20260602/6595532/detail_6595532_17858681385122_500.jpg,/images/prd_img/20260602/6595532/detail_6595532_17858681386797_500.jpg,/images/prd_img/20260602/6595532/detail_6595532_17858681388231_500.jpg}",,,,,,,2026-08-12 03:47:03.50325+00
6604274,001001,001001,polar,폴라,Tee - Baby Angel - Black,P000BLPU,0,남성,1,2026,https://image.msscdn.net/images/goods_img/20260604/6604274/6604274_17805459228800_500.png,89000,89000,0,0,0,0,,,,,,,{2},"{M,L,XL}",,,5,"[{""name"": ""M"", ""items"": [{""name"": ""총장"", ""value"": 72.0, ""recommendSizeRange"": 5}, {""name"": ""어깨너비"", ""value"": 56.0, ""recommendSizeRange"": 5}, {""name"": ""가슴단면"", ""value"": 55.0, ""recommendSizeRange"": 5}, {""name"": ""소매길이"", ""value"": 21.0, ""recommendSizeRange"": 5}]}, {""name"": ""L"", ""items"": [{""name"": ""총장"", ""value"": 73.0, ""recommendSizeRange"": 5}, {""name"": ""어깨너비"", ""value"": 58.0, ""recommendSizeRange"": 5}, {""name"": ""가슴단면"", ""value"": 56.0, ""recommendSizeRange"": 5}, {""name"": ""소매길이"", ""value"": 22.0, ""recommendSizeRange"": 5}]}, {""name"": ""XL"", ""items"": [{""name"": ""총장"", ""value"": 76.0, ""recommendSizeRange"": 5}, {""name"": ""어깨너비"", ""value"": 59.0, ""recommendSizeRange"": 5}, {""name"": ""가슴단면"", ""value"": 57.0, ""recommendSizeRange"": 5}, {""name"": ""소매길이"", ""value"": 23.0, ""recommendSizeRange"": 5}]}]",,,,2026-08-12 03:47:03.50325+00
6629705,001001,001001,massimodutti2,마시모두띠,래글런 반팔 티셔츠,06814920250,0,여성,"","",https://image.msscdn.net/images/goods_img/20260608/6629705/6629705_17809274483002_500.jpg,69000,69000,0,0,0,286,,,,,,,{1},"{""화이트^XS (KR 44-55)"",""화이트^S (KR 55)"",""화이트^M (KR 55-66)"",""화이트^L (KR 66)"",""화이트^XL (KR 77)""}","{/images/prd_img/20260608/6629705/detail_6629705_17809274489983_500.jpg,/images/prd_img/20260608/6629705/detail_6629705_17809274491736_500.jpg,/images/prd_img/20260608/6629705/detail_6629705_17809274493144_500.jpg,/images/prd_img/20260608/6629705/detail_6629705_17809274494599_500.jpg,/images/prd_img/20260608/6629705/detail_6629705_17809274496024_500.jpg,/images/prd_img/20260608/6629705/detail_6629705_17809274497421_500.jpg,/images/prd_img/20260608/6629705/detail_6629705_17809274498896_500.jpg,/images/prd_img/20260608/6629705/detail_6629705_17809274500402_500.jpg}",,,,,,,2026-08-12 03:47:03.50325+00
6650968,001001,001001,tansanmagnesium,탄산마그네슘,원숄더 아일렛 티셔츠 (그레이),T26STS18GY,0,여성,"",0000,https://image.msscdn.net/images/goods_img/20260611/6650968/6650968_17814907392083_500.jpg,69000,52440,0,0,0,3612,슬림,부드러움,보통,거의 없음,얇음,봄,{3},{O/S},"{/images/prd_img/20260611/6650968/detail_6650968_17814907518141_500.jpg,/images/prd_img/20260611/6650968/detail_6650968_17814907434974_500.jpg,/images/prd_img/20260611/6650968/detail_6650968_17814907441794_500.jpg,/images/prd_img/20260611/6650968/detail_6650968_17814907448522_500.jpg,/images/prd_img/20260611/6650968/detail_6650968_17814907455466_500.jpg}","{그래픽티셔츠,반소매,반소매티셔츠,반팔티셔츠,여름반팔,티셔츠}",5,"[{""name"": ""O/S"", ""items"": [{""name"": ""총장"", ""value"": 57.0, ""recommendSizeRange"": 5}, {""name"": ""어깨너비"", ""value"": 45.0, ""recommendSizeRange"": 5}, {""name"": ""가슴단면"", ""value"": 42.0, ""recommendSizeRange"": 5}, {""name"": ""소매길이"", ""value"": 15.5, ""recommendSizeRange"": 5}]}]",,,,2026-08-12 03:47:03.50325+00
6650973,001003,001003,tansanmagnesium,탄산마그네슘,탄산 스타 로고 폴로 티셔츠 (민트),T26STS19WH,0,여성,"",0000,https://image.msscdn.net/images/goods_img/20260611/6650973/6650973_17814912950152_500.jpg,85000,64600,0,0,0,3766,슬림,약간|뻣뻣함,약간 있음,없음,얇음,"봄,여름",{32},{NONE},"{/images/prd_img/20260611/6650973/detail_6650973_17815028897868_500.jpg,/images/prd_img/20260611/6650973/detail_6650973_17814912990130_500.jpg,/images/prd_img/20260611/6650973/detail_6650973_17814912996475_500.jpg,/images/prd_img/20260611/6650973/detail_6650973_17814913003036_500.jpg,/images/prd_img/20260611/6650973/detail_6650973_17814913009616_500.jpg}","{그래픽티셔츠,반소매,반소매티셔츠,반팔티셔츠,여름반팔,티셔츠}",5,"[{""name"": ""NONE"", ""items"": [{""name"": ""총장"", ""value"": 52.0, ""recommendSizeRange"": 5}, {""name"": ""어깨너비"", ""value"": 36.5, ""recommendSizeRange"": 5}, {""name"": ""가슴단면"", ""value"": 42.0, ""recommendSizeRange"": 5}, {""name"": ""소매길이"", ""value"": 14.0, ""recommendSizeRange"": 5}]}]",,,,2026-08-12 03:47:03.50325+00
6657755,001001,001001,massimodutti2,마시모두띠,100% 코튼 반팔 티셔츠,06228935700,0,여성,"","",https://image.msscdn.net/images/goods_img/20260612/6657755/6657755_17817103611059_500.jpg,69000,69000,0,0,0,412,,,,,,,{4},"{""갈색^XS (KR 44-55)"",""갈색^S (KR 55)"",""갈색^M (KR 55-66)"",""갈색^L (KR 66)"",""갈색^XL (KR 77)""}","{/images/prd_img/20260612/6657755/detail_6657755_17817103617490_500.jpg,/images/prd_img/20260612/6657755/detail_6657755_17817103619142_500.jpg,/images/prd_img/20260612/6657755/detail_6657755_17817103620711_500.jpg,/images/prd_img/20260612/6657755/detail_6657755_17817103622478_500.jpg,/images/prd_img/20260612/6657755/detail_6657755_17817103623802_500.jpg,/images/prd_img/20260612/6657755/detail_6657755_17817103625115_500.jpg,/images/prd_img/20260612/6657755/detail_6657755_17817103626447_500.jpg,/images/prd_img/20260612/6657755/detail_6657755_17817103627987_500.jpg}",,,,,,,2026-08-12 03:47:03.50325+00
6675198,001001,001001,bape,베이프,ABC 카모 콜리지 티셔츠(M) BLACK/GREEN,001TEM301004BK0,0,공용,"","",https://image.msscdn.net/images/goods_img/20260616/6675198/6675198_17839936236262_500.jpg,129000,129000,17,100,58,4202,,,,,,,,"{S,M,L,XL,2XL,3XL}",,"{그래픽티,로고티,반소매티,반소매티셔츠,반팔,반팔티셔츠,베이프반팔}",5,"[{""name"": ""S"", ""items"": [{""name"": ""총장"", ""value"": 63.0, ""recommendSizeRange"": 5}, {""name"": ""어깨너비"", ""value"": 41.0, ""recommendSizeRange"": 5}, {""name"": ""가슴단면"", ""value"": 46.0, ""recommendSizeRange"": 5}, {""name"": ""소매길이"", ""value"": 20.0, ""recommendSizeRange"": 5}]}, {""name"": ""M"", ""items"": [{""name"": ""총장"", ""value"": 66.0, ""recommendSizeRange"": 5}, {""name"": ""어깨너비"", ""value"": 43.0, ""recommendSizeRange"": 5}, {""name"": ""가슴단면"", ""value"": 50.0, ""recommendSizeRange"": 5}, {""name"": ""소매길이"", ""value"": 21.0, ""recommendSizeRange"": 5}]}, {""name"": ""L"", ""items"": [{""name"": ""총장"", ""value"": 70.0, ""recommendSizeRange"": 5}, {""name"": ""어깨너비"", ""value"": 46.0, ""recommendSizeRange"": 5}, {""name"": ""가슴단면"", ""value"": 54.0, ""recommendSizeRange"": 5}, {""name"": ""소매길이"", ""value"": 22.0, ""recommendSizeRange"": 5}]}, {""name"": ""XL"", ""items"": [{""name"": ""총장"", ""value"": 73.0, ""recommendSizeRange"": 5}, {""name"": ""어깨너비"", ""value"": 49.0, ""recommendSizeRange"": 5}, {""name"": ""가슴단면"", ""value"": 57.0, ""recommendSizeRange"": 5}, {""name"": ""소매길이"", ""value"": 23.0, ""recommendSizeRange"": 5}]}, {""name"": ""2XL"", ""items"": [{""name"": ""총장"", ""value"": 76.0, ""recommendSizeRange"": 5}, {""name"": ""어깨너비"", ""value"": 53.0, ""recommendSizeRange"": 5}, {""name"": ""가슴단면"", ""value"": 61.0, ""recommendSizeRange"": 5}, {""name"": ""소매길이"", ""value"": 25.0, ""recommendSizeRange"": 5}]}, {""name"": ""3XL"", ""items"": [{""name"": ""총장"", ""value"": 79.0, ""recommendSizeRange"": 5}, {""name"": ""어깨너비"", ""value"": 57.0, ""recommendSizeRange"": 5}, {""name"": ""가슴단면"", ""value"": 66.0, ""recommendSizeRange"": 5}, {""name"": ""소매길이"", ""value"": 26.0, ""recommendSizeRange"": 5}]}]","{""questions"": []}",,,2026-08-12 03:47:03.50325+00
6675232,001001,001001,bape,베이프,베이프 피치 티셔츠(W) WHITE,001TEM302063WHT,0,여성,"","",https://image.msscdn.net/images/goods_img/20260616/6675232/6675232_17840010451490_500.jpg,129000,129000,3,100,0,4395,,,,,,,,"{XXS,XS,S,M}",,"{그래픽티,로고티,반소매티,반소매티셔츠,반팔,반팔티셔츠,베이프반팔}",5,"[{""name"": ""XXS"", ""items"": [{""name"": ""총장"", ""value"": 61.0, ""recommendSizeRange"": 5}, {""name"": ""어깨너비"", ""value"": 37.0, ""recommendSizeRange"": 5}, {""name"": ""가슴단면"", ""value"": 40.5, ""recommendSizeRange"": 5}, {""name"": ""소매길이"", ""value"": 19.5, ""recommendSizeRange"": 5}]}, {""name"": ""XS"", ""items"": [{""name"": ""총장"", ""value"": 62.5, ""recommendSizeRange"": 5}, {""name"": ""어깨너비"", ""value"": 38.5, ""recommendSizeRange"": 5}, {""name"": ""가슴단면"", ""value"": 43.5, ""recommendSizeRange"": 5}, {""name"": ""소매길이"", ""value"": 20.0, ""recommendSizeRange"": 5}]}, {""name"": ""S"", ""items"": [{""name"": ""총장"", ""value"": 64.0, ""recommendSizeRange"": 5}, {""name"": ""어깨너비"", ""value"": 40.0, ""recommendSizeRange"": 5}, {""name"": ""가슴단면"", ""value"": 46.5, ""recommendSizeRange"": 5}, {""name"": ""소매길이"", ""value"": 21.0, ""recommendSizeRange"": 5}]}, {""name"": ""M"", ""items"": [{""name"": ""총장"", ""value"": 66.0, ""recommendSizeRange"": 5}, {""name"": ""어깨너비"", ""value"": 42.5, ""recommendSizeRange"": 5}, {""name"": ""가슴단면"", ""value"": 49.0, ""recommendSizeRange"": 5}, {""name"": ""소매길이"", ""value"": 22.0, ""recommendSizeRange"": 5}]}]","{""questions"": []}",,,2026-08-12 03:47:03.50325+00
6676222,001001,017016005,lululemon,룰루레몬,러브 크루넥 티셔츠  MHAZ,LW3EYDS-074057,0,여성,1,2026,https://image.msscdn.net/images/goods_img/20260616/6676222/6676222_17815779809821_500.jpg,67000,67000,1,100,0,782,,,,,,,{31},"{""Meadow Haze^0"",""Meadow Haze^2"",""Meadow Haze^4"",""Meadow Haze^6"",""Meadow Haze^8"",""Meadow Haze^10"",""Meadow Haze^12"",""Meadow Haze^14"",""Meadow Haze^16"",""Meadow Haze^18""}","{/images/prd_img/20260616/6676222/detail_6676222_17815779815717_500.jpg,/images/prd_img/20260616/6676222/detail_6676222_17815779817077_500.jpg,/images/prd_img/20260616/6676222/detail_6676222_17815779818486_500.jpg,/images/prd_img/20260616/6676222/detail_6676222_17815779819964_500.jpg,/images/prd_img/20260616/6676222/detail_6676222_17815779821458_500.jpg}",,,,"{""questions"": []}",,,2026-08-12 03:47:03.50325+00
6692595,001001,017016005,lululemon,룰루레몬,실키어필 타이백 숏슬리브 셔츠  LLAY,LW3KKFS-075702,0,여성,1,2026,https://image.msscdn.net/images/goods_img/20260618/6692595/6692595_17857312726683_500.jpg,93000,93000,0,0,0,238,,,,,,,{39},"{""Lilac Play^XXXS"",""Lilac Play^XXS"",""Lilac Play^XS"",""Lilac Play^S"",""Lilac Play^M"",""Lilac Play^L"",""Lilac Play^XL""}","{/images/prd_img/20260618/6692595/detail_6692595_17857312732538_500.jpg,/images/prd_img/20260618/6692595/detail_6692595_17857312733961_500.jpg,/images/prd_img/20260618/6692595/detail_6692595_17857312735524_500.jpg,/images/prd_img/20260618/6692595/detail_6692595_17857312737162_500.jpg,/images/prd_img/20260618/6692595/detail_6692595_17857312738649_500.jpg}",,,,,,,2026-08-12 03:47:03.50325+00
6694169,001010,001010,chicks,칙스,소프트 거즈 레이어드 오버핏 긴팔 티셔츠,5018540912,0,여성,"",0000,https://image.msscdn.net/images/goods_img/20260618/6694169/6694169_17848810024781_500.jpg,24000,5530,3,86,98,2326,,,,,,,"{1,11,2,24,25,3,30,36,4,77,83}","{""연그레이^ONE SIZE"",""네이비^ONE SIZE"",""카키^ONE SIZE"",""브라운^ONE SIZE"",""레드^ONE SIZE"",""오트밀^ONE SIZE"",""진브라운^ONE SIZE"",""멜란지^ONE SIZE"",""차콜^ONE SIZE"",""블랙^ONE SIZE"",""화이트^ONE SIZE""}","{/images/prd_img/20260618/6694169/detail_6694169_17847707016859_500.jpg,/images/prd_img/20260618/6694169/detail_6694169_17847707021622_500.jpg,/images/prd_img/20260618/6694169/detail_6694169_17847707026785_500.jpg,/images/prd_img/20260618/6694169/detail_6694169_17847707031482_500.jpg,/images/prd_img/20260618/6694169/detail_6694169_17847707404657_500.jpg,/images/prd_img/20260618/6694169/detail_6694169_17847707409747_500.jpg,/images/prd_img/20260618/6694169/detail_6694169_17847707415060_500.jpg,/images/prd_img/20260618/6694169/detail_6694169_17847707420784_500.jpg,/images/prd_img/20260618/6694169/detail_6694169_17847707425926_500.jpg,/images/prd_img/20260618/6694169/detail_6694169_17847707431232_500.jpg,/images/prd_img/20260618/6694169/detail_6694169_17847707436678_500.jpg,/images/prd_img/20260618/6694169/detail_6694169_17847707443136_500.jpg,/images/prd_img/20260618/6694169/detail_6694169_17847707448192_500.jpg,/images/prd_img/20260618/6694169/detail_6694169_17847707454085_500.jpg,/images/prd_img/20260618/6694169/detail_6694169_17847707460862_500.jpg,/images/prd_img/20260618/6694169/detail_6694169_17847707465811_500.jpg,/images/prd_img/20260618/6694169/detail_6694169_17847707471189_500.jpg}","{긴팔,긴팔티셔츠,레이어드,롱슬리브,롱슬리브티,티셔츠}",21,"[{""name"": ""ONE SIZE"", ""items"": [{""name"": ""총장"", ""value"": 71.0, ""recommendSizeRange"": 5}, {""name"": ""어깨너비"", ""value"": 58.5, ""recommendSizeRange"": 5}, {""name"": ""가슴단면"", ""value"": 59.0, ""recommendSizeRange"": 5}, {""name"": ""소매길이"", ""value"": 15.5, ""recommendSizeRange"": 5}]}]","{""questions"": []}",,,2026-08-12 03:47:03.50325+00
6708527,001001,017016005,lululemon,룰루레몬,우먼스 패스트 앤 프리 숏슬리브 셔츠  BLK,LW3JUBS-0001,0,여성,1,2026,https://image.msscdn.net/images/goods_img/20260622/6708527/6708527_17821057097400_500.jpg,109000,109000,0,0,0,571,,,,,,,{2},"{Black^XXXS,Black^XXS,Black^XS,Black^S,Black^M,Black^L,Black^XL}","{/images/prd_img/20260622/6708527/detail_6708527_17821057103259_500.jpg,/images/prd_img/20260622/6708527/detail_6708527_17821057104650_500.jpg,/images/prd_img/20260622/6708527/detail_6708527_17821057106006_500.jpg,/images/prd_img/20260622/6708527/detail_6708527_17821057107438_500.jpg,/images/prd_img/20260622/6708527/detail_6708527_17821057109021_500.jpg}",{패스트앤프리},,,,,,2026-08-12 03:47:03.50325+00
6739089,001011,017016003,lululemon,룰루레몬,레퍼 슬리브리스 탱크탑  VPOR,LM1404S-032894,0,남성,1,2026,https://image.msscdn.net/images/goods_img/20260626/6739089/6739089_17824619518789_500.jpg,67000,67000,1,100,0,1017,,,,,,,{1},"{Vapor^XS,Vapor^S,Vapor^M,Vapor^L,Vapor^XL,Vapor^XXL}","{/images/prd_img/20260626/6739089/detail_6739089_17824619525411_500.jpg,/images/prd_img/20260626/6739089/detail_6739089_17824619526771_500.jpg,/images/prd_img/20260626/6739089/detail_6739089_17824619528252_500.jpg,/images/prd_img/20260626/6739089/detail_6739089_17824619529758_500.jpg,/images/prd_img/20260626/6739089/detail_6739089_17824619531086_500.jpg}",,,,"{""questions"": []}",,,2026-08-12 03:47:03.50325+00
6739182,001011,017016003,lululemon,룰루레몬,스컬프트 탱크탑  CRYE,LW1FM4S-075671,0,여성,1,2026,https://image.msscdn.net/images/goods_img/20260626/6739182/6739182_17860690650973_500.jpg,78000,55000,0,0,0,201,,,,,,,{11},"{""Cherry Ember^0"",""Cherry Ember^2"",""Cherry Ember^4"",""Cherry Ember^6"",""Cherry Ember^8"",""Cherry Ember^10"",""Cherry Ember^12"",""Cherry Ember^14""}","{/images/prd_img/20260626/6739182/detail_6739182_17860690657135_500.jpg,/images/prd_img/20260626/6739182/detail_6739182_17860690658655_500.jpg,/images/prd_img/20260626/6739182/detail_6739182_17860690660094_500.jpg,/images/prd_img/20260626/6739182/detail_6739182_17860690661622_500.jpg}",,,,,,,2026-08-12 03:47:03.50325+00
6769959,001011,017016003,fairliar,페어라이어 골프,리브 홀터넥 니트 (아이보리),5021682569,0,여성,2,0000,https://image.msscdn.net/images/goods_img/20260702/6769959/6769959_17830510362680_500.jpg,218000,218000,0,0,0,0,,,,,,,{23},"{아이보리^XS,아이보리^S,아이보리^M}","{/images/prd_img/20260702/6769959/detail_6769959_17830510368184_500.jpg,/images/prd_img/20260702/6769959/detail_6769959_17830510369473_500.jpg,/images/prd_img/20260702/6769959/detail_6769959_17830510370938_500.jpg}",,,,,,,2026-08-12 03:47:03.50325+00
6770710,001011,017016003,fairliar,페어라이어 골프,리브 홀터넥 니트 (블랙),5021684634,0,여성,2,0000,https://image.msscdn.net/images/goods_img/20260702/6770710/6770710_17830508606934_500.jpg,218000,218000,0,0,0,0,,,,,,,{2},"{블랙^XS,블랙^S,블랙^M}",,,,,,,,2026-08-12 03:47:03.50325+00
6771755,001011,001011,massimodutti2,마시모두띠,레이스 디테일 스트랩 탑,06812918800,0,여성,"","",https://image.msscdn.net/images/goods_img/20260702/6771755/6771755_17829854351446_500.jpg,69000,69000,0,0,0,185,,,,,,,{2},"{""블랙^XS (KR 44-55)"",""블랙^S (KR 55)"",""블랙^M (KR 55-66)"",""블랙^L (KR 66)"",""블랙^XL (KR 77)""}","{/images/prd_img/20260702/6771755/detail_6771755_17829854358180_500.jpg,/images/prd_img/20260702/6771755/detail_6771755_17829854359551_500.jpg,/images/prd_img/20260702/6771755/detail_6771755_17829854361067_500.jpg,/images/prd_img/20260702/6771755/detail_6771755_17829854362549_500.jpg,/images/prd_img/20260702/6771755/detail_6771755_17829854363962_500.jpg,/images/prd_img/20260702/6771755/detail_6771755_17829854365669_500.jpg,/images/prd_img/20260702/6771755/detail_6771755_17829854367309_500.jpg,/images/prd_img/20260702/6771755/detail_6771755_17829854368713_500.jpg,/images/prd_img/20260702/6771755/detail_6771755_17829854370088_500.jpg}",,,,,,,2026-08-12 03:47:03.50325+00
6781341,001001,001001,massimodutti2,마시모두띠,코튼 블렌드 스트라이프 오픈워크 폴로셔츠,06232630400,0,여성,"","",https://image.msscdn.net/images/goods_img/20260703/6781341/6781341_17830725742755_500.jpg,109000,109000,0,0,0,343,,,,,,,{7},"{""블루^XS (KR 44-55)"",""블루^S (KR 55)"",""블루^M (KR 55-66)"",""블루^L (KR 66)"",""블루^XL (KR 77)""}","{/images/prd_img/20260703/6781341/detail_6781341_17830725751439_500.jpg,/images/prd_img/20260703/6781341/detail_6781341_17830725752916_500.jpg,/images/prd_img/20260703/6781341/detail_6781341_17830725754628_500.jpg,/images/prd_img/20260703/6781341/detail_6781341_17830725756070_500.jpg}",,,,,,,2026-08-12 03:47:03.50325+00
6781377,001001,001001,massimodutti2,마시모두띠,오픈워크 코튼 블렌드 폴로셔츠,06231630700,0,여성,"","",https://image.msscdn.net/images/goods_img/20260703/6781377/6781377_17830729401208_500.jpg,99000,99000,0,0,0,362,,,,,,,{4},"{""갈색^XS (KR 44-55)"",""갈색^S (KR 55)"",""갈색^M (KR 55-66)"",""갈색^L (KR 66)"",""갈색^XL (KR 77)""}","{/images/prd_img/20260703/6781377/detail_6781377_17830729408244_500.jpg,/images/prd_img/20260703/6781377/detail_6781377_17830729409781_500.jpg,/images/prd_img/20260703/6781377/detail_6781377_17830729411220_500.jpg,/images/prd_img/20260703/6781377/detail_6781377_17830729412945_500.jpg}",,,,,,,2026-08-12 03:47:03.50325+00
6791004,001010,017016002,madden,매든,헨리넥 와플 롱 슬리브 멜란지 그레이,MDLTGA001MG,0,공용,"","",https://image.msscdn.net/images/goods_img/20260706/6791004/6791004_17854611689863_500.jpg,69900,48900,0,0,0,1262,,,,,,,{24},"{S,M,L,XL}","{/images/prd_img/20260706/6791004/detail_6791004_17854611747014_500.jpg,/images/prd_img/20260706/6791004/detail_6791004_17854611754759_500.jpg,/images/prd_img/20260706/6791004/detail_6791004_17854611763531_500.jpg,/images/prd_img/20260706/6791004/detail_6791004_17854611771745_500.jpg,/images/prd_img/20260706/6791004/detail_6791004_17854611780610_500.jpg,/images/prd_img/20260706/6791004/detail_6791004_17854611789400_500.jpg,/images/prd_img/20260706/6791004/detail_6791004_17854611797397_500.jpg,/images/prd_img/20260706/6791004/detail_6791004_17854611806562_500.jpg}",,22,"[{""name"": ""S"", ""items"": [{""name"": ""총장"", ""value"": 66.0, ""recommendSizeRange"": 5}, {""name"": ""가슴단면"", ""value"": 57.0, ""recommendSizeRange"": 5}, {""name"": ""소매길이"", ""value"": 87.0, ""recommendSizeRange"": 5}]}, {""name"": ""M"", ""items"": [{""name"": ""총장"", ""value"": 68.0, ""recommendSizeRange"": 5}, {""name"": ""가슴단면"", ""value"": 60.0, ""recommendSizeRange"": 5}, {""name"": ""소매길이"", ""value"": 90.0, ""recommendSizeRange"": 5}]}, {""name"": ""L"", ""items"": [{""name"": ""총장"", ""value"": 70.0, ""recommendSizeRange"": 5}, {""name"": ""가슴단면"", ""value"": 63.0, ""recommendSizeRange"": 5}, {""name"": ""소매길이"", ""value"": 93.0, ""recommendSizeRange"": 5}]}, {""name"": ""XL"", ""items"": [{""name"": ""총장"", ""value"": 72.0, ""recommendSizeRange"": 5}, {""name"": ""가슴단면"", ""value"": 66.0, ""recommendSizeRange"": 5}, {""name"": ""소매길이"", ""value"": 96.0, ""recommendSizeRange"": 5}]}]",,,,2026-08-12 03:47:03.50325+00
6795888,001011,001011,fruitoftheloom,프룻오브더룸,[3차 재입고] 소프트립 스파게티 브라탑(14COLOR),F6322LSL13_F,0,여성,0,2026,https://image.msscdn.net/images/goods_img/20260707/6795888/6795888_17833910781511_500.jpg,29000,29000,2,100,0,518,,,,,,,{1},"{블랙^S_90,블랙^M_95,블랙^L_100,화이트^S_90,화이트^M_95,화이트^L_100,그레이^S_90,그레이^M_95,그레이^L_100,바이올렛^S_90,바이올렛^M_95,바이올렛^L_100,네이비^S_90,네이비^M_95,네이비^L_100,핑크^S_90,핑크^M_95,핑크^L_100,터콰이즈^S_90,터콰이즈^M_95,터콰이즈^L_100,스카이블루^S_90,스카이블루^M_95,스카이블루^L_100,블루라이트^S_90,블루라이트^M_95,블루라이트^L_100,도트^S_90,도트^M_95,도트^L_100,핑크스트라이프^S_90,핑크스트라이프^M_95,핑크스트라이프^L_100,레드패턴^S_90,레드패턴^M_95,레드패턴^L_100,블루패턴^S_90,블루패턴^M_95,블루패턴^L_100,레인보우^S_90,레인보우^M_95,레인보우^L_100}","{/images/prd_img/20260707/6795888/detail_6795888_17833910787957_500.jpg,/images/prd_img/20260707/6795888/detail_6795888_17833910789659_500.jpg,/images/prd_img/20260707/6795888/detail_6795888_17833910791222_500.jpg,/images/prd_img/20260707/6795888/detail_6795888_17833910792789_500.jpg,/images/prd_img/20260707/6795888/detail_6795888_17833910794412_500.jpg,/images/prd_img/20260707/6795888/detail_6795888_17833910796223_500.jpg,/images/prd_img/20260707/6795888/detail_6795888_17833910797761_500.jpg}",,24,"[{""name"": ""S_90"", ""items"": [{""name"": ""총장"", ""value"": 27.5, ""recommendSizeRange"": 5}, {""name"": ""가슴단면"", ""value"": 30.5, ""recommendSizeRange"": 5}, {""name"": ""어깨너비"", ""value"": 29.25, ""recommendSizeRange"": 5}]}, {""name"": ""M_95"", ""items"": [{""name"": ""총장"", ""value"": 29.5, ""recommendSizeRange"": 5}, {""name"": ""가슴단면"", ""value"": 33.0, ""recommendSizeRange"": 5}, {""name"": ""어깨너비"", ""value"": 31.75, ""recommendSizeRange"": 5}]}, {""name"": ""L_100"", ""items"": [{""name"": ""총장"", ""value"": 31.5, ""recommendSizeRange"": 5}, {""name"": ""가슴단면"", ""value"": 35.5, ""recommendSizeRange"": 5}, {""name"": ""어깨너비"", ""value"": 0.0, ""recommendSizeRange"": 5}]}]","{""questions"": []}",,,2026-08-12 03:47:03.50325+00
6798961,001003,001003,massimodutti2,마시모두띠,100% 코튼 브이넥 니트 폴로 셔츠,01367201670,0,남성,"","",https://image.msscdn.net/images/goods_img/20260707/6798961/6798961_17834071599674_500.jpg,109000,109000,1,100,0,381,,,,,,,{12},"{""오렌지^S (KR 90)"",""오렌지^M (KR 95-100)"",""오렌지^L (KR 100-105)"",""오렌지^XL (KR 105-110)""}","{/images/prd_img/20260707/6798961/detail_6798961_17834071607614_500.jpg,/images/prd_img/20260707/6798961/detail_6798961_17834071609144_500.jpg,/images/prd_img/20260707/6798961/detail_6798961_17834071610529_500.jpg,/images/prd_img/20260707/6798961/detail_6798961_17834071611893_500.jpg}",,,,"{""questions"": []}",,,2026-08-12 03:47:03.50325+00
6799809,001001,001001,massimodutti2,마시모두띠,100% 코튼 반팔 폴로 셔츠,00839175737,0,남성,"","",https://image.msscdn.net/images/goods_img/20260707/6799809/6799809_17834105530735_500.jpg,99000,99000,0,0,0,137,,,,,,,{4},"{""갈색^S (KR 90)"",""갈색^M (KR 95-100)"",""갈색^L (KR 100-105)"",""갈색^XL (KR 105-110)""}","{/images/prd_img/20260707/6799809/detail_6799809_17834105536287_500.jpg,/images/prd_img/20260707/6799809/detail_6799809_17834105537618_500.jpg,/images/prd_img/20260707/6799809/detail_6799809_17834105538872_500.jpg,/images/prd_img/20260707/6799809/detail_6799809_17834105540108_500.jpg}",,,,,,,2026-08-12 03:47:03.50325+00
6800912,001001,001001,kirsh,키르시,러플 포인트 오프숄더 블라우스 [화이트],J6222CRS08WHA,0,여성,1,2026,https://image.msscdn.net/images/goods_img/20260707/6800912/6800912_17839940461475_500.jpg,69000,55200,0,0,0,2858,,,,,,,{1},"{SIZE=M,SIZE=S}","{/images/prd_img/20260707/6800912/detail_6800912_17839940468292_500.jpg,/images/prd_img/20260707/6800912/detail_6800912_17839940469743_500.jpg,/images/prd_img/20260707/6800912/detail_6800912_17839940471089_500.jpg,/images/prd_img/20260707/6800912/detail_6800912_17839940472487_500.jpg}",,5,"[{""name"": ""SIZE=S"", ""items"": [{""name"": ""총장"", ""value"": 33.0, ""recommendSizeRange"": 5}, {""name"": ""어깨너비"", ""value"": 0.0, ""recommendSizeRange"": 5}, {""name"": ""가슴단면"", ""value"": 38.0, ""recommendSizeRange"": 5}, {""name"": ""소매길이"", ""value"": 16.5, ""recommendSizeRange"": 5}]}, {""name"": ""SIZE=M"", ""items"": [{""name"": ""총장"", ""value"": 34.5, ""recommendSizeRange"": 5}, {""name"": ""어깨너비"", ""value"": 0.0, ""recommendSizeRange"": 5}, {""name"": ""가슴단면"", ""value"": 40.5, ""recommendSizeRange"": 5}, {""name"": ""소매길이"", ""value"": 17.7, ""recommendSizeRange"": 5}]}]",,,,2026-08-12 03:47:03.50325+00
6800913,001001,001001,kirsh,키르시,러플 포인트 오프숄더 블라우스 [블루],J6222CRS08BLA,0,여성,1,2026,https://image.msscdn.net/images/goods_img/20260707/6800913/6800913_17839940409504_500.jpg,69000,55200,0,0,0,498,,,,,,,{37},"{SIZE=M,SIZE=S}","{/images/prd_img/20260707/6800913/detail_6800913_17839940417235_500.jpg,/images/prd_img/20260707/6800913/detail_6800913_17839940418702_500.jpg,/images/prd_img/20260707/6800913/detail_6800913_17839940420248_500.jpg,/images/prd_img/20260707/6800913/detail_6800913_17839940421723_500.jpg}",,5,"[{""name"": ""SIZE=S"", ""items"": [{""name"": ""총장"", ""value"": 33.0, ""recommendSizeRange"": 5}, {""name"": ""어깨너비"", ""value"": 0.0, ""recommendSizeRange"": 5}, {""name"": ""가슴단면"", ""value"": 38.0, ""recommendSizeRange"": 5}, {""name"": ""소매길이"", ""value"": 16.5, ""recommendSizeRange"": 5}]}, {""name"": ""SIZE=M"", ""items"": [{""name"": ""총장"", ""value"": 34.5, ""recommendSizeRange"": 5}, {""name"": ""어깨너비"", ""value"": 0.0, ""recommendSizeRange"": 5}, {""name"": ""가슴단면"", ""value"": 40.5, ""recommendSizeRange"": 5}, {""name"": ""소매길이"", ""value"": 17.7, ""recommendSizeRange"": 5}]}]",,,,2026-08-12 03:47:03.50325+00
6800914,001001,001001,kirsh,키르시,러플 포인트 오프숄더 블라우스 [블랙],J6222CRS08BKA,0,여성,1,2026,https://image.msscdn.net/images/goods_img/20260707/6800914/6800914_17839940363271_500.jpg,69000,55200,0,0,0,854,,,,,,,{2},"{SIZE=M,SIZE=S}","{/images/prd_img/20260707/6800914/detail_6800914_17839940369718_500.jpg,/images/prd_img/20260707/6800914/detail_6800914_17839940371173_500.jpg,/images/prd_img/20260707/6800914/detail_6800914_17839940372534_500.jpg,/images/prd_img/20260707/6800914/detail_6800914_17839940374048_500.jpg}",,5,"[{""name"": ""SIZE=S"", ""items"": [{""name"": ""총장"", ""value"": 33.0, ""recommendSizeRange"": 5}, {""name"": ""어깨너비"", ""value"": 0.0, ""recommendSizeRange"": 5}, {""name"": ""가슴단면"", ""value"": 38.0, ""recommendSizeRange"": 5}, {""name"": ""소매길이"", ""value"": 16.5, ""recommendSizeRange"": 5}]}, {""name"": ""SIZE=M"", ""items"": [{""name"": ""총장"", ""value"": 34.5, ""recommendSizeRange"": 5}, {""name"": ""어깨너비"", ""value"": 0.0, ""recommendSizeRange"": 5}, {""name"": ""가슴단면"", ""value"": 40.5, ""recommendSizeRange"": 5}, {""name"": ""소매길이"", ""value"": 17.7, ""recommendSizeRange"": 5}]}]",,,,2026-08-12 03:47:03.50325+00
6837139,001011,001011,mixxo,미쏘,디자인 홀터 나시_MIWHNG92SS,MIWHNG92SS,0,여성,2,2026,https://image.msscdn.net/images/goods_img/20260714/6837139/6837139_17851304338159_500.jpg,29900,29900,0,0,0,516,,,,,,,"{23,3}","{(15)Gray^FREE(999),(39)Ivory^FREE(999)}","{/images/prd_img/20260714/6837139/detail_6837139_17851305739271_500.jpg,/images/prd_img/20260714/6837139/detail_6837139_17851305743735_500.jpg}",,,,,,,2026-08-12 03:47:03.50325+00
6837143,001001,001001,mixxo,미쏘,[2PACK] 골지 U넥 반팔 티셔츠_MIWHWG900A,MIWHWG900A,0,여성,2,2026,https://image.msscdn.net/images/goods_img/20260714/6837143/6837143_17839889744669_500.jpg,29900,26910,1,100,0,1290,,,,,,,{1},"{(19)Black^S(090),(19)Black^M(095),(19)Black^L(100),""(AA)Light Melange Gray^S(090)"",""(AA)Light Melange Gray^M(095)"",""(AA)Light Melange Gray^L(100)"",""(AC)Melange Gray^S(090)"",""(AC)Melange Gray^M(095)"",""(AC)Melange Gray^L(100)""}",,,,,"{""questions"": []}",,,2026-08-12 03:47:03.50325+00
6839301,001001,017016005,lululemon,룰루레몬,메탈 벤트 테크 숏슬리브 셔츠  SEAF SEAF,LM3FG2S-075868,0,남성,1,2026,https://image.msscdn.net/images/goods_img/20260714/6839301/6839301_17840052503691_500.jpg,93000,93000,0,0,0,1352,,,,,,,{37},"{Seafoam^XS,Seafoam^S,Seafoam^M,Seafoam^L,Seafoam^XL,Seafoam^XXL}","{/images/prd_img/20260714/6839301/detail_6839301_17840052509971_500.jpg,/images/prd_img/20260714/6839301/detail_6839301_17840052511439_500.jpg,/images/prd_img/20260714/6839301/detail_6839301_17840052512884_500.jpg,/images/prd_img/20260714/6839301/detail_6839301_17840052514421_500.jpg,/images/prd_img/20260714/6839301/detail_6839301_17840052516124_500.jpg}",,,,,,,2026-08-12 03:47:03.50325+00
6840265,001001,001001,tansanmagnesium,탄산마그네슘,마운틴 티셔츠 (블랙/블루),T26STS06BKBL,0,여성,"",0000,https://image.msscdn.net/images/goods_img/20260714/6840265/6840265_17840097038896_500.jpg,65000,49400,8,98,162,12319,,,,,,,{2},"{1,2,3,4}","{/images/prd_img/20260714/6840265/detail_6840265_17840097068777_500.jpg,/images/prd_img/20260714/6840265/detail_6840265_17840111826276_500.jpg,/images/prd_img/20260714/6840265/detail_6840265_17840111839947_500.jpg,/images/prd_img/20260714/6840265/detail_6840265_17840111833058_500.jpg,/images/prd_img/20260714/6840265/detail_6840265_17840111820464_500.jpg}",,5,"[{""name"": ""1"", ""items"": [{""name"": ""총장"", ""value"": 52.0, ""recommendSizeRange"": 5}, {""name"": ""어깨너비"", ""value"": 34.0, ""recommendSizeRange"": 5}, {""name"": ""가슴단면"", ""value"": 46.2, ""recommendSizeRange"": 5}, {""name"": ""소매길이"", ""value"": 14.0, ""recommendSizeRange"": 5}]}, {""name"": ""2"", ""items"": [{""name"": ""총장"", ""value"": 63.0, ""recommendSizeRange"": 5}, {""name"": ""어깨너비"", ""value"": 50.0, ""recommendSizeRange"": 5}, {""name"": ""가슴단면"", ""value"": 53.2, ""recommendSizeRange"": 5}, {""name"": ""소매길이"", ""value"": 20.0, ""recommendSizeRange"": 5}]}, {""name"": ""3"", ""items"": [{""name"": ""총장"", ""value"": 66.0, ""recommendSizeRange"": 5}, {""name"": ""어깨너비"", ""value"": 50.0, ""recommendSizeRange"": 5}, {""name"": ""가슴단면"", ""value"": 53.7, ""recommendSizeRange"": 5}, {""name"": ""소매길이"", ""value"": 20.5, ""recommendSizeRange"": 5}]}, {""name"": ""4"", ""items"": [{""name"": ""총장"", ""value"": 74.0, ""recommendSizeRange"": 5}, {""name"": ""어깨너비"", ""value"": 51.0, ""recommendSizeRange"": 5}, {""name"": ""가슴단면"", ""value"": 54.7, ""recommendSizeRange"": 5}, {""name"": ""소매길이"", ""value"": 23.5, ""recommendSizeRange"": 5}]}]","{""questions"": []}","{""goodsNo"": 6840265, ""isShared"": true, ""reaction"": {}, ""keywordSummaries"": [{""name"": ""사이즈"", ""type"": ""size"", ""summary"": ""사이즈는 일반적으로 작게 나오는 편이라, 여유있게 입고 싶다면 한 사이즈 크게 선택하는 것이 좋다고 해요.""}, {""name"": ""핏"", ""type"": ""fit"", ""summary"": ""핏이 예쁘고 체형을 잘 잡아주는 제품이 많지만, 사이즈에 따라 핏이 다르게 느껴질 수 있어요.""}, {""name"": ""디자인"", ""type"": ""design"", ""summary"": ""디자인이 깔끔하고 색감이 예쁘다는 의견이 많아요.""}, {""name"": ""배송"", ""type"": ""delivery"", ""summary"": ""배송이 정말 느리다는 후기가 많아요.""}], ""sentimentSummary"": {""negative"": ""일부 후기에서는 배송이 너무 느리다고 해요. 때때로 사이즈가 예상보다 크거나 작게 나와서 아쉬워요. 간혹 프린팅 마감이 깔끔하지 않은 경우가 있어요."", ""positive"": ""배송이 빨라서 만족해요. 핏이 예쁘고 편안해서 자주 입을 것 같아요. 원단이 탄탄하고 세탁 후 변형이 없어요. 디자인이 깔끔하고 다양한 코디에 잘 어울려요. 팔통이 넉넉해서 팔뚝살 부각이 없어요.""}}",,2026-08-12 03:47:03.50325+00
6840619,001001,001001,tansanmagnesium,탄산마그네슘,마운틴 티셔츠 (그레이/블루),T26STS06GYBL,0,여성,"",0000,https://image.msscdn.net/images/goods_img/20260714/6840619/6840619_17840114344702_500.jpg,65000,49400,4,96,62,11609,,,,,,,{3},"{1,2,3,4}","{/images/prd_img/20260714/6840619/detail_6840619_17840114423994_500.jpg,/images/prd_img/20260714/6840619/detail_6840619_17840114519207_500.jpg,/images/prd_img/20260714/6840619/detail_6840619_17840114530099_500.jpg,/images/prd_img/20260714/6840619/detail_6840619_17840114524672_500.jpg,/images/prd_img/20260714/6840619/detail_6840619_17840114512111_500.jpg}",,5,"[{""name"": ""1"", ""items"": [{""name"": ""총장"", ""value"": 52.0, ""recommendSizeRange"": 5}, {""name"": ""어깨너비"", ""value"": 34.0, ""recommendSizeRange"": 5}, {""name"": ""가슴단면"", ""value"": 46.2, ""recommendSizeRange"": 5}, {""name"": ""소매길이"", ""value"": 14.0, ""recommendSizeRange"": 5}]}, {""name"": ""2"", ""items"": [{""name"": ""총장"", ""value"": 63.0, ""recommendSizeRange"": 5}, {""name"": ""어깨너비"", ""value"": 50.0, ""recommendSizeRange"": 5}, {""name"": ""가슴단면"", ""value"": 53.2, ""recommendSizeRange"": 5}, {""name"": ""소매길이"", ""value"": 20.0, ""recommendSizeRange"": 5}]}, {""name"": ""3"", ""items"": [{""name"": ""총장"", ""value"": 66.0, ""recommendSizeRange"": 5}, {""name"": ""어깨너비"", ""value"": 50.0, ""recommendSizeRange"": 5}, {""name"": ""가슴단면"", ""value"": 53.7, ""recommendSizeRange"": 5}, {""name"": ""소매길이"", ""value"": 20.5, ""recommendSizeRange"": 5}]}, {""name"": ""4"", ""items"": [{""name"": ""총장"", ""value"": 74.0, ""recommendSizeRange"": 5}, {""name"": ""어깨너비"", ""value"": 51.0, ""recommendSizeRange"": 5}, {""name"": ""가슴단면"", ""value"": 54.7, ""recommendSizeRange"": 5}, {""name"": ""소매길이"", ""value"": 23.5, ""recommendSizeRange"": 5}]}]","{""questions"": []}","{""goodsNo"": 6840619, ""isShared"": true, ""reaction"": {}, ""keywordSummaries"": [{""name"": ""사이즈"", ""type"": ""size"", ""summary"": ""사이즈는 일반적으로 작게 나오는 편이라, 여유있게 입고 싶다면 한 사이즈 크게 선택하는 것이 좋다고 해요.""}, {""name"": ""핏"", ""type"": ""fit"", ""summary"": ""핏이 예쁘고 체형을 잘 잡아주는 제품이 많지만, 사이즈에 따라 핏이 다르게 느껴질 수 있어요.""}, {""name"": ""디자인"", ""type"": ""design"", ""summary"": ""디자인이 깔끔하고 색감이 예쁘다는 의견이 많아요.""}, {""name"": ""배송"", ""type"": ""delivery"", ""summary"": ""배송이 정말 느리다는 후기가 많아요.""}], ""sentimentSummary"": {""negative"": ""일부 후기에서는 배송이 너무 느리다고 해요. 때때로 사이즈가 예상보다 크거나 작게 나와서 아쉬워요. 간혹 프린팅 마감이 깔끔하지 않은 경우가 있어요."", ""positive"": ""배송이 빨라서 만족해요. 핏이 예쁘고 편안해서 자주 입을 것 같아요. 원단이 탄탄하고 세탁 후 변형이 없어요. 디자인이 깔끔하고 다양한 코디에 잘 어울려요. 팔통이 넉넉해서 팔뚝살 부각이 없어요.""}}",,2026-08-12 03:47:03.50325+00
6851110,001001,017016005,lecoqgolf,르꼬끄 골프,여성 메쉬 커버업 반팔 티셔츠 _BLCK GR222LRS61,GR222LRS61_BLCK,0,여성,1,0000,https://image.msscdn.net/images/goods_img/20260715/6851110/6851110_17840958265867_500.jpg,178000,169100,0,0,0,0,,,,,,,{2},"{BLCK_BLCK^XS,BLCK_BLCK^S,BLCK_BLCK^M,BLCK_BLCK^L}","{/images/prd_img/20260715/6851110/detail_6851110_17840958271986_500.jpg,/images/prd_img/20260715/6851110/detail_6851110_17840958273405_500.jpg}","{골프,골프라운드티,골프라운드티셔츠,골프반팔,골프티,라운드티,반팔}",,,,,,2026-08-12 03:47:03.50325+00
6853580,001001,017016005,sierradesigns,시에라디자인,플린트 폴라텍 파워드라이 숏슬리브 LIGHT YELLOW GREEN,N6321SRS72YLW,0,남성,2,2026,https://image.msscdn.net/images/goods_img/20260715/6853580/6853580_17845947138517_500.jpg,99000,84650,0,0,0,263,,,,,,,{44},"{S(090),M(095),L_100,XL_105,XXL(110)}",{/images/prd_img/20260715/6853580/detail_6853580_17845947144462_500.jpg},"{기능성,기능성반팔티,반팔티,반팔티추천,숏슬리브,파워드라이}",5,"[{""name"": ""S(090)"", ""items"": [{""name"": ""총장"", ""value"": 66.0, ""recommendSizeRange"": 5}, {""name"": ""어깨너비"", ""value"": 0.0, ""recommendSizeRange"": 5}, {""name"": ""가슴단면"", ""value"": 51.5, ""recommendSizeRange"": 5}, {""name"": ""소매길이"", ""value"": 44.5, ""recommendSizeRange"": 5}]}, {""name"": ""M(095)"", ""items"": [{""name"": ""총장"", ""value"": 68.0, ""recommendSizeRange"": 5}, {""name"": ""어깨너비"", ""value"": 0.0, ""recommendSizeRange"": 5}, {""name"": ""가슴단면"", ""value"": 54.0, ""recommendSizeRange"": 5}, {""name"": ""소매길이"", ""value"": 46.0, ""recommendSizeRange"": 5}]}, {""name"": ""L_100"", ""items"": [{""name"": ""총장"", ""value"": 70.0, ""recommendSizeRange"": 5}, {""name"": ""어깨너비"", ""value"": 0.0, ""recommendSizeRange"": 5}, {""name"": ""가슴단면"", ""value"": 56.5, ""recommendSizeRange"": 5}, {""name"": ""소매길이"", ""value"": 47.5, ""recommendSizeRange"": 5}]}, {""name"": ""XL_105"", ""items"": [{""name"": ""총장"", ""value"": 72.0, ""recommendSizeRange"": 5}, {""name"": ""어깨너비"", ""value"": 0.0, ""recommendSizeRange"": 5}, {""name"": ""가슴단면"", ""value"": 59.0, ""recommendSizeRange"": 5}, {""name"": ""소매길이"", ""value"": 49.0, ""recommendSizeRange"": 5}]}, {""name"": ""XXL(110)"", ""items"": [{""name"": ""총장"", ""value"": 74.0, ""recommendSizeRange"": 5}, {""name"": ""어깨너비"", ""value"": 0.0, ""recommendSizeRange"": 5}, {""name"": ""가슴단면"", ""value"": 61.5, ""recommendSizeRange"": 5}, {""name"": ""소매길이"", ""value"": 50.5, ""recommendSizeRange"": 5}]}]",,,,2026-08-12 03:47:03.50325+00
6859130,001001,001001,adidas,아디다스,3-스트라이프 티셔츠 - 클라우드화이트:블루 / KZ1212,KZ1212,0,남성,2,2026,https://image.msscdn.net/images/goods_img/20260716/6859130/6859130_17846284836711_500.jpg,49000,49000,1,100,0,1984,,,,,,,{23},"{XS,S,M,L,XL,2XL,3XL}","{/images/prd_img/20260716/6859130/detail_6859130_17846284893026_500.jpg,/images/prd_img/20260716/6859130/detail_6859130_17846284902270_500.jpg,/images/prd_img/20260716/6859130/detail_6859130_17846284909873_500.jpg,/images/prd_img/20260716/6859130/detail_6859130_17846284917141_500.jpg,/images/prd_img/20260716/6859130/detail_6859130_17846284925743_500.jpg}","{무배당발,반소매티셔츠,반팔,반팔추천,반팔티셔츠,아디다스반팔,티셔츠추천}",11,"[{""name"": ""XS"", ""items"": [{""name"": ""총장"", ""value"": 70.0, ""recommendSizeRange"": 5}, {""name"": ""가슴단면"", ""value"": 48.0, ""recommendSizeRange"": 5}, {""name"": ""소매길이"", ""value"": 38.0, ""recommendSizeRange"": 5}]}, {""name"": ""S"", ""items"": [{""name"": ""총장"", ""value"": 71.5, ""recommendSizeRange"": 5}, {""name"": ""가슴단면"", ""value"": 50.0, ""recommendSizeRange"": 5}, {""name"": ""소매길이"", ""value"": 39.0, ""recommendSizeRange"": 5}]}, {""name"": ""M"", ""items"": [{""name"": ""총장"", ""value"": 73.0, ""recommendSizeRange"": 5}, {""name"": ""가슴단면"", ""value"": 53.0, ""recommendSizeRange"": 5}, {""name"": ""소매길이"", ""value"": 40.0, ""recommendSizeRange"": 5}]}, {""name"": ""L"", ""items"": [{""name"": ""총장"", ""value"": 74.5, ""recommendSizeRange"": 5}, {""name"": ""가슴단면"", ""value"": 56.0, ""recommendSizeRange"": 5}, {""name"": ""소매길이"", ""value"": 41.5, ""recommendSizeRange"": 5}]}, {""name"": ""XL"", ""items"": [{""name"": ""총장"", ""value"": 76.0, ""recommendSizeRange"": 5}, {""name"": ""가슴단면"", ""value"": 58.0, ""recommendSizeRange"": 5}, {""name"": ""소매길이"", ""value"": 41.5, ""recommendSizeRange"": 5}]}, {""name"": ""2XL"", ""items"": [{""name"": ""총장"", ""value"": 77.0, ""recommendSizeRange"": 5}, {""name"": ""가슴단면"", ""value"": 60.0, ""recommendSizeRange"": 5}, {""name"": ""소매길이"", ""value"": 42.0, ""recommendSizeRange"": 5}]}, {""name"": ""3XL"", ""items"": [{""name"": ""총장"", ""value"": 78.0, ""recommendSizeRange"": 5}, {""name"": ""가슴단면"", ""value"": 62.0, ""recommendSizeRange"": 5}, {""name"": ""소매길이"", ""value"": 42.5, ""recommendSizeRange"": 5}]}]","{""questions"": []}","{""goodsNo"": 6859130, ""isShared"": true, ""reaction"": {}, ""keywordSummaries"": [{""name"": ""소재"", ""type"": ""material"", ""summary"": ""재질이 탄탄하고 부드러워서 비침이 없고, 신축성이 좋아서 편안하게 입을 수 있어요.""}], ""sentimentSummary"": {""negative"": ""가끔 사이즈가 작게 나오는 경우가 있어요. 일부 후기에서는 기장이 길어서 수선이 필요하다고 해요. 드물지만 비침이 있는 점이 아쉬운 경우가 있어요. 때때로 목 부분이 좁아서 벗을 때 불편하다고 해요."", ""positive"": ""디자인이 예쁘고 가격이 저렴해요. 사이즈가 정사이즈로 잘 맞고 착용감이 편해요. 원단이 부드럽고 가벼워서 여름에 입기 좋아요. 배송이 빠르고 제품 상태가 매우 좋아요. 핏이 자연스럽고 다양한 하의와 잘 어울려요.""}}",,2026-08-12 03:47:03.50325+00
6879731,001001,001001,massimodutti2,마시모두띠,100% 코튼 솔기 반팔 티셔츠,06282355251,0,여성,"","",https://image.msscdn.net/images/goods_img/20260720/6879731/6879731_17845344517498_500.jpg,69000,69000,0,0,0,102,,,,,,,{23},"{""오프 화이트^XS (KR 44-55)"",""오프 화이트^S (KR 55)"",""오프 화이트^M (KR 55-66)"",""오프 화이트^L (KR 66)"",""오프 화이트^XL (KR 77)""}","{/images/prd_img/20260720/6879731/detail_6879731_17845344523785_500.jpg,/images/prd_img/20260720/6879731/detail_6879731_17845344525397_500.jpg,/images/prd_img/20260720/6879731/detail_6879731_17845344526805_500.jpg,/images/prd_img/20260720/6879731/detail_6879731_17845344528150_500.jpg,/images/prd_img/20260720/6879731/detail_6879731_17845344529580_500.jpg,/images/prd_img/20260720/6879731/detail_6879731_17845344531053_500.jpg,/images/prd_img/20260720/6879731/detail_6879731_17845344532557_500.jpg}",,,,,,,2026-08-12 03:47:03.50325+00
6882379,001011,001011,massimodutti2,마시모두띠,레이스 디테일 브이넥 탑,06813918712,0,여성,"","",https://image.msscdn.net/images/goods_img/20260720/6882379/6882379_17845565041678_500.jpg,79000,79000,0,0,0,101,,,,,,,{23},"{""원색^XS (KR 44-55)"",""원색^S (KR 55)"",""원색^M (KR 55-66)"",""원색^L (KR 66)"",""원색^XL (KR 77)""}","{/images/prd_img/20260720/6882379/detail_6882379_17845565047284_500.jpg,/images/prd_img/20260720/6882379/detail_6882379_17845565048728_500.jpg,/images/prd_img/20260720/6882379/detail_6882379_17845565050175_500.jpg,/images/prd_img/20260720/6882379/detail_6882379_17845565051595_500.jpg,/images/prd_img/20260720/6882379/detail_6882379_17845565052964_500.jpg,/images/prd_img/20260720/6882379/detail_6882379_17845565054427_500.jpg,/images/prd_img/20260720/6882379/detail_6882379_17845565055764_500.jpg,/images/prd_img/20260720/6882379/detail_6882379_17845565057548_500.jpg}",,,,,,,2026-08-12 03:47:03.50325+00
6883792,001001,001001,mixxo,미쏘,모크넥 반팔 티셔츠_MIWHWG920A,MIWHWG920A,0,여성,2,2026,https://image.msscdn.net/images/goods_img/20260721/6883792/6883792_17864980190780_500.jpg,25900,25900,0,0,0,0,,,,,,,"{2,4}","{(19)Black^S(090),(19)Black^M(095),(19)Black^L(100),(85)Brown^S(090),(85)Brown^M(095),(85)Brown^L(100)}",,,,,,,,2026-08-12 03:47:03.50325+00
6884032,001011,017016003,lululemon,룰루레몬,스위프틀리 테크 라운드넥 레이서백 탱크탑 2.0 *웨이스트 렝스,LW1FP2S-076691,0,여성,1,2026,https://image.msscdn.net/images/goods_img/20260721/6884032/6884032_17851042846490_500.jpg,78000,78000,0,0,0,236,,,,,,,{11},"{""Star Burst Tone^0"",""Star Burst Tone^2"",""Star Burst Tone^4"",""Star Burst Tone^6"",""Star Burst Tone^8"",""Star Burst Tone^10"",""Star Burst Tone^12"",""Star Burst Tone^14""}","{/images/prd_img/20260721/6884032/detail_6884032_17851042852302_500.jpg,/images/prd_img/20260721/6884032/detail_6884032_17851042853755_500.jpg,/images/prd_img/20260721/6884032/detail_6884032_17851042855144_500.jpg,/images/prd_img/20260721/6884032/detail_6884032_17851042856596_500.jpg}",,,,,,,2026-08-12 03:47:03.50325+00
6907658,001010,001010,jansport,잔스포츠,베이직 로고 롱슬리브 Black/Grey,JSFTL7A14BK,0,여성,"","",https://image.msscdn.net/images/goods_img/20260723/6907658/6907658_17860684638100_500.jpg,59000,56000,0,0,0,122,,,,,,,{2},"{S,M,L,XL}","{/images/prd_img/20260723/6907658/detail_6907658_17863342802007_500.jpg,/images/prd_img/20260723/6907658/detail_6907658_17863342808026_500.jpg,/images/prd_img/20260723/6907658/detail_6907658_17863342814024_500.jpg,/images/prd_img/20260723/6907658/detail_6907658_17863342820588_500.jpg}","{기본티,긴팔,긴팔티셔츠,라운드넥,레이어드티셔츠,오버핏}",21,"[{""name"": ""S"", ""items"": [{""name"": ""총장"", ""value"": 65.5, ""recommendSizeRange"": 5}, {""name"": ""어깨너비"", ""value"": 48.0, ""recommendSizeRange"": 5}, {""name"": ""가슴단면"", ""value"": 54.0, ""recommendSizeRange"": 5}, {""name"": ""소매길이"", ""value"": 61.0, ""recommendSizeRange"": 5}]}, {""name"": ""M"", ""items"": [{""name"": ""총장"", ""value"": 67.5, ""recommendSizeRange"": 5}, {""name"": ""어깨너비"", ""value"": 50.0, ""recommendSizeRange"": 5}, {""name"": ""가슴단면"", ""value"": 56.5, ""recommendSizeRange"": 5}, {""name"": ""소매길이"", ""value"": 62.5, ""recommendSizeRange"": 5}]}, {""name"": ""L"", ""items"": [{""name"": ""총장"", ""value"": 69.5, ""recommendSizeRange"": 5}, {""name"": ""어깨너비"", ""value"": 52.0, ""recommendSizeRange"": 5}, {""name"": ""가슴단면"", ""value"": 59.0, ""recommendSizeRange"": 5}, {""name"": ""소매길이"", ""value"": 64.0, ""recommendSizeRange"": 5}]}, {""name"": ""XL"", ""items"": [{""name"": ""총장"", ""value"": 71.5, ""recommendSizeRange"": 5}, {""name"": ""어깨너비"", ""value"": 54.0, ""recommendSizeRange"": 5}, {""name"": ""가슴단면"", ""value"": 61.5, ""recommendSizeRange"": 5}, {""name"": ""소매길이"", ""value"": 65.5, ""recommendSizeRange"": 5}]}]",,,,2026-08-12 03:47:03.50325+00
6914749,001010,001010,mixxo,미쏘,레이어드 가디건형 티셔츠_MIWCMG911A,MIWCMG911A,0,여성,2,2026,https://image.msscdn.net/images/goods_img/20260724/6914749/6914749_17848506787983_500.jpg,29900,29900,0,0,0,183,,,,,,,"{24,25,4}","{""(16)Light Gray^S(090)"",""(16)Light Gray^M(095)"",""(16)Light Gray^L(100)"",(60)Charcoal^S(090),(60)Charcoal^M(095),(60)Charcoal^L(100),(85)Brown^S(090),(85)Brown^M(095),(85)Brown^L(100)}",,,,,,,,2026-08-12 03:47:03.50325+00
6914788,001010,001010,mixxo,미쏘,스트라이프 후드 티셔츠_MIWLWG924A,MIWLWG924A,0,여성,2,2026,https://image.msscdn.net/images/goods_img/20260724/6914788/6914788_17848509267146_500.jpg,39900,39900,0,0,0,718,,,,,,,"{25,3,4}","{(15)Gray^S(090),(15)Gray^M(095),(15)Gray^L(100),(60)Charcoal^S(090),(60)Charcoal^M(095),(60)Charcoal^L(100),(85)Brown^S(090),(85)Brown^M(095),(85)Brown^L(100)}",,,,,,,,2026-08-12 03:47:03.50325+00
6914789,001010,001010,mixxo,미쏘,홀터 레이어드 긴팔 티셔츠_MIWLWG911A,MIWLWG911A,0,여성,2,2026,https://image.msscdn.net/images/goods_img/20260724/6914789/6914789_17848509341096_500.jpg,29900,25570,3,94,50,5470,,,,,,,"{34,36,4}","{(59)Navy^S(090),(59)Navy^M(095),(59)Navy^L(100),""(79)Olive Green^S(090)"",""(79)Olive Green^M(095)"",""(79)Olive Green^L(100)"",(85)Brown^S(090),(85)Brown^M(095),(85)Brown^L(100)}",,{나람PICK},,,"{""questions"": []}",,,2026-08-12 03:47:03.50325+00
6914790,001010,001010,mixxo,미쏘,배색 스티치 긴팔 티셔츠_MIWLWG916A,MIWLWG916A,0,여성,2,2026,https://image.msscdn.net/images/goods_img/20260724/6914790/6914790_17864980675486_500.jpg,29900,29900,1,100,0,147,,,,,,,"{2,3,37}","{(19)Black^S(090),(19)Black^M(095),(19)Black^L(100),""(51)Light Blue^S(090)"",""(51)Light Blue^M(095)"",""(51)Light Blue^L(100)"",""(AA)Light Melange Gray^S(090)"",""(AA)Light Melange Gray^M(095)"",""(AA)Light Melange Gray^L(100)""}",,,,,"{""questions"": []}",,,2026-08-12 03:47:03.50325+00
6914792,001010,001010,mixxo,미쏘,라벨 긴팔 티셔츠 RE LWG459A_MIWLWG92QA,MIWLWG92QA,0,여성,2,2026,https://image.msscdn.net/images/goods_img/20260724/6914792/6914792_17848509471276_500.jpg,29900,26910,0,0,0,218,,,,,,,"{23,25}","{(39)Ivory^S(090),(39)Ivory^M(095),(39)Ivory^L(100),(60)Charcoal^S(090),(60)Charcoal^M(095),(60)Charcoal^L(100)}",,,,,,,,2026-08-12 03:47:03.50325+00
6916604,001010,001010,mixxo,미쏘,나그랑 그래픽 티셔츠_MIWLWG944A,MIWLWG944A,0,여성,2,2026,https://image.msscdn.net/images/goods_img/20260724/6916604/6916604_17848650164962_500.jpg,29900,26910,6,100,0,3063,,,,,,,"{2,24}","{""(16)Light Gray^S(090)"",""(16)Light Gray^M(095)"",""(16)Light Gray^L(100)"",(19)Black^S(090),(19)Black^M(095),(19)Black^L(100)}",,,,,"{""questions"": []}",,,2026-08-12 03:47:03.50325+00
6919998,001010,001010,massimodutti2,마시모두띠,레이스 디테일 긴소매 티셔츠,06847203700,0,여성,"","",https://image.msscdn.net/images/goods_img/20260724/6919998/6919998_17848883041429_500.jpg,79000,79000,0,0,0,0,,,,,,,{4},"{""갈색^XS (KR 44-55)"",""갈색^S (KR 55)"",""갈색^M (KR 55-66)"",""갈색^L (KR 66)"",""갈색^XL (KR 77)""}","{/images/prd_img/20260724/6919998/detail_6919998_17848883047907_500.jpg,/images/prd_img/20260724/6919998/detail_6919998_17848883049352_500.jpg,/images/prd_img/20260724/6919998/detail_6919998_17848883050761_500.jpg,/images/prd_img/20260724/6919998/detail_6919998_17848883052325_500.jpg,/images/prd_img/20260724/6919998/detail_6919998_17848883053767_500.jpg,/images/prd_img/20260724/6919998/detail_6919998_17848883055345_500.jpg,/images/prd_img/20260724/6919998/detail_6919998_17848883056833_500.jpg,/images/prd_img/20260724/6919998/detail_6919998_17848883058911_500.jpg}",,,,,,,2026-08-12 03:47:03.50325+00
6929472,001011,001011,gateless,게이트리스,GARTER BODYSUIT,26SS,0,여성,1,2026,https://image.msscdn.net/images/goods_img/20260727/6929472/6929472_17851354583043_500.jpg,129000,116100,0,0,0,0,,,,,,,"{23,3}","{IVORY^FREE,GREY^FREE}","{/images/prd_img/20260727/6929472/detail_6929472_17851354589148_500.jpg,/images/prd_img/20260727/6929472/detail_6929472_17851354590581_500.jpg,/images/prd_img/20260727/6929472/detail_6929472_17851354592033_500.jpg,/images/prd_img/20260727/6929472/detail_6929472_17851354593448_500.jpg,/images/prd_img/20260727/6929472/detail_6929472_17851354594842_500.jpg}",,24,"[{""name"": ""FREE"", ""items"": [{""name"": ""총장"", ""value"": 26.0, ""recommendSizeRange"": 5}, {""name"": ""가슴단면"", ""value"": 31.0, ""recommendSizeRange"": 5}, {""name"": ""어깨너비"", ""value"": 0.0, ""recommendSizeRange"": 5}]}]",,,,2026-08-12 03:47:03.50325+00
6934391,001011,001011,massimodutti2,마시모두띠,코튼 블렌드 더블 레이어 리브드 톱,06849511802,0,여성,"","",https://image.msscdn.net/images/goods_img/20260728/6934391/6934391_17860264618861_500.jpg,69000,69000,0,0,0,0,,,,,,,{3},"{""그레이^XS (KR 44-55)"",""그레이^S (KR 55)"",""그레이^M (KR 55-66)"",""그레이^L (KR 66)"",""그레이^XL (KR 77)""}","{/images/prd_img/20260728/6934391/detail_6934391_17860264624618_500.jpg,/images/prd_img/20260728/6934391/detail_6934391_17860264625985_500.jpg,/images/prd_img/20260728/6934391/detail_6934391_17860264627375_500.jpg,/images/prd_img/20260728/6934391/detail_6934391_17860264628713_500.jpg,/images/prd_img/20260728/6934391/detail_6934391_17860264630019_500.jpg,/images/prd_img/20260728/6934391/detail_6934391_17860264631404_500.jpg,/images/prd_img/20260728/6934391/detail_6934391_17860264632652_500.jpg,/images/prd_img/20260728/6934391/detail_6934391_17860264634417_500.jpg}",,,,,,,2026-08-12 03:47:03.50325+00
6937930,001001,017016005,lululemon,룰루레몬,오버사이즈드 골프 폴로 셔츠  BLK,LM3GI0S-0001,0,남성,1,2026,https://image.msscdn.net/images/goods_img/20260728/6937930/6937930_17852113454321_500.jpg,138000,138000,0,0,0,294,,,,,,,{2},"{Black^XS,Black^S,Black^M,Black^L,Black^XL,Black^XXL}","{/images/prd_img/20260728/6937930/detail_6937930_17852113461483_500.jpg,/images/prd_img/20260728/6937930/detail_6937930_17852113462999_500.jpg,/images/prd_img/20260728/6937930/detail_6937930_17852113464534_500.jpg,/images/prd_img/20260728/6937930/detail_6937930_17852113466403_500.jpg}",,,,,,,2026-08-12 03:47:03.50325+00
6957348,001010,001010,mmcmd,엠엠씨엠디,MM Typo N.01 Long Sleeve (2colors),MM 26SS TS 118,0,여성,0,0000,https://image.msscdn.net/images/goods_img/20260730/6957348/6957348_17853867047907_500.jpg,79000,79000,0,0,0,0,,,,,,,,"{스카이블루,챠콜}",{/images/prd_img/20260730/6957348/detail_6957348_17853867053891_500.jpg},"{긴소매티셔츠,긴팔,긴팔티,긴팔티셔츠,데일리룩,롱슬리브티,롱슬리브티셔츠}",21,"[{""name"": ""스카이블루"", ""items"": [{""name"": ""총장"", ""value"": 70.0, ""recommendSizeRange"": 5}, {""name"": ""어깨너비"", ""value"": 73.0, ""recommendSizeRange"": 5}, {""name"": ""가슴단면"", ""value"": 70.0, ""recommendSizeRange"": 5}, {""name"": ""소매길이"", ""value"": 51.0, ""recommendSizeRange"": 5}]}, {""name"": ""챠콜"", ""items"": [{""name"": ""총장"", ""value"": 70.0, ""recommendSizeRange"": 5}, {""name"": ""어깨너비"", ""value"": 73.0, ""recommendSizeRange"": 5}, {""name"": ""가슴단면"", ""value"": 70.0, ""recommendSizeRange"": 5}, {""name"": ""소매길이"", ""value"": 51.0, ""recommendSizeRange"": 5}]}]",,,,2026-08-12 03:47:03.50325+00
6965281,001010,017016002,lecoqgolf,르꼬끄 골프,여성 레터링 포인트 글로시 져지 긴팔 티셔츠 _BLCK GR322LRL82,GR322LRL82_BLCK,0,여성,2,0000,https://image.msscdn.net/images/goods_img/20260731/6965281/6965281_17854605329959_500.jpg,178000,169100,0,0,0,0,,,,,,,{2},"{BLCK_BLCK^XS,BLCK_BLCK^S,BLCK_BLCK^M,BLCK_BLCK^L}","{/images/prd_img/20260731/6965281/detail_6965281_17854605337004_500.jpg,/images/prd_img/20260731/6965281/detail_6965281_17854605338372_500.jpg}","{골프,골프긴팔티셔츠,골프맨투맨,골프웨어,긴팔티셔츠,맨투맨,티셔츠}",,,,,,2026-08-12 03:47:03.50325+00
7000726,001010,001010,mixxo,미쏘,사이드 셔링 매쉬 긴팔 티셔츠_MIWLWG909A,MIWLWG909A,0,여성,2,2026,https://image.msscdn.net/images/goods_img/20260805/7000726/7000726_17859126736337_500.jpg,35900,35900,0,0,0,0,,,,,,,"{10,23,25,3,32}","{(15)Gray^S(090),(15)Gray^M(095),(25)Pink^S(090),(25)Pink^M(095),(39)Ivory^S(090),(39)Ivory^M(095),(60)Charcoal^S(090),(60)Charcoal^M(095),(84)Mint^S(090),(84)Mint^M(095)}",,,,,,,,2026-08-12 03:47:03.50325+00
7012956,001010,001010,lecoq,르꼬끄,유니 루즈핏 스트라이프 긴팔티 - 그레이 QR323JRL81,QR323JRL81_MGR0,0,여성,2,0000,https://image.msscdn.net/images/goods_img/20260806/7012956/7012956_17860040190213_500.jpg,89000,80100,0,0,0,0,,,,,,,{3},"{MGR0_(MGR)H.-GREY^090,MGR0_(MGR)H.-GREY^095,MGR0_(MGR)H.-GREY^100,MGR0_(MGR)H.-GREY^105}",{/images/prd_img/20260806/7012956/detail_7012956_17860040196147_500.jpg},"{긴팔,긴팔티,긴팔티셔츠,롱슬리브,롱슬리브티,온라인단독,티셔츠}",,,,,,2026-08-12 03:47:03.50325+00
7012959,001010,001010,lecoq,르꼬끄,유니 루즈핏 스트라이프 긴팔티 - 브라운 QR323JRL81,QR323JRL81_BRW0,0,여성,2,0000,https://image.msscdn.net/images/goods_img/20260806/7012959/7012959_17860040250682_500.jpg,89000,80100,0,0,0,0,,,,,,,{4},"{BRW0_BROWN^090,BRW0_BROWN^095,BRW0_BROWN^100,BRW0_BROWN^105}",{/images/prd_img/20260806/7012959/detail_7012959_17860040256693_500.jpg},"{긴소매티셔츠,긴팔티셔츠,롱슬리브티,롱슬리브티셔츠,온라인단독,티셔츠}",,,,,,2026-08-12 03:47:03.50325+00
7041862,001010,001010,polham,폴햄,여성 자카드 헨리넥 긴팔티_PHG3TS2220MGR,PHG3TS2220MGR,0,여성,2,2026,https://image.msscdn.net/images/goods_img/20260811/7041862/7041862_17863761789695_500.jpg,39900,39900,0,0,0,0,,,,,,,{3},"{85,90,95,100}","{/images/prd_img/20260811/7041862/detail_7041862_17863761795875_500.jpg,/images/prd_img/20260811/7041862/detail_7041862_17863761797339_500.jpg,/images/prd_img/20260811/7041862/detail_7041862_17863761798723_500.jpg,/images/prd_img/20260811/7041862/detail_7041862_17863761800303_500.jpg,/images/prd_img/20260811/7041862/detail_7041862_17863761801915_500.jpg,/images/prd_img/20260811/7041862/detail_7041862_17863761803393_500.jpg,/images/prd_img/20260811/7041862/detail_7041862_17863761804906_500.jpg,/images/prd_img/20260811/7041862/detail_7041862_17863761806533_500.jpg}",,,,,,,2026-08-12 03:47:03.50325+00
7044136,001010,017016002,dynafit,다이나핏,여성 MOCK-HEAT (모크히트) 러닝 긴팔티_LAVENDER GREY YWU26218VG,YWU26218VG,0,여성,2,2026,https://image.msscdn.net/images/goods_img/20260811/7044136/7044136_17864125963301_500.jpg,139000,139000,0,0,0,0,,,,,,,{39},"{04(S),05(M),06(L)}","{/images/prd_img/20260811/7044136/detail_7044136_17864125969779_500.jpg,/images/prd_img/20260811/7044136/detail_7044136_17864125971312_500.jpg,/images/prd_img/20260811/7044136/detail_7044136_17864125973141_500.jpg,/images/prd_img/20260811/7044136/detail_7044136_17864125974985_500.jpg}",,,,,,,2026-08-12 03:47:03.50325+00
7044137,001010,017016002,dynafit,다이나핏,여성 MOCK-HEAT (모크히트) 러닝 긴팔티_Black YWU26218Z1,YWU26218Z1,0,여성,2,2026,https://image.msscdn.net/images/goods_img/20260811/7044137/7044137_17864126118946_500.jpg,139000,139000,0,0,0,0,,,,,,,{2},"{04(S),05(M),06(L)}","{/images/prd_img/20260811/7044137/detail_7044137_17864126124892_500.jpg,/images/prd_img/20260811/7044137/detail_7044137_17864126126496_500.jpg,/images/prd_img/20260811/7044137/detail_7044137_17864126128426_500.jpg,/images/prd_img/20260811/7044137/detail_7044137_17864126130065_500.jpg}",,,,,,,2026-08-12 03:47:03.50325+00
7044227,001010,017016002,fairliar,페어라이어 골프,이중 배색 카라 긴팔 티셔츠 (아이보리),5022039639,0,여성,2,0000,https://image.msscdn.net/images/goods_img/20260811/7044227/7044227_17864130974747_500.jpg,298000,298000,0,0,0,0,,,,,,,{23},"{아이보리^XS,아이보리^S,아이보리^M,아이보리^L}","{/images/prd_img/20260811/7044227/detail_7044227_17864130980751_500.jpg,/images/prd_img/20260811/7044227/detail_7044227_17864130982044_500.jpg,/images/prd_img/20260811/7044227/detail_7044227_17864130983418_500.jpg}",,,,,,,2026-08-12 03:47:03.50325+00
7044231,001010,017016002,fairliar,페어라이어 골프,사이드 타이 모크넥 티셔츠 (아이보리),5022039640,0,여성,2,0000,https://image.msscdn.net/images/goods_img/20260811/7044231/7044231_17864131044309_500.jpg,298000,298000,0,0,0,0,,,,,,,{23},"{아이보리^XS,아이보리^S,아이보리^M,아이보리^L}","{/images/prd_img/20260811/7044231/detail_7044231_17864131050057_500.jpg,/images/prd_img/20260811/7044231/detail_7044231_17864131051569_500.jpg,/images/prd_img/20260811/7044231/detail_7044231_17864131052913_500.jpg}",,,,,,,2026-08-12 03:47:03.50325+00
