goods_no,p_female,brand_name,title
6025300,0.9978,데상트골프,남여공용 그래픽 라운드 반팔티  DR22MFNS4Z
5989830,0.9973,디스커버리 익스페디션,여성 로고포인트 러닝 티셔츠 (CREAM)
5457158,0.9972,엠페브,틴샷 25 싱글 스트랩 탑 블랙
6417395,0.9971,굿라이프웍스,[unisex] 베이직 링거 반팔 티셔츠 그레이
4966564,0.9970,이카룩,여성 봄 가을 솔리드 스판 스포츠 이너웨어 TEE200
6043764,0.9970,디스커버리 익스페디션,여성 프레시벤트 경량 우븐 트레이닝 반팔 후드 아노락 (D/IVORY)
2676325,0.9969,플레이몬스터,남녀공용 오버핏 반팔티셔츠
1139841,0.9968,320쇼룸,페미닌 브이넥 핀턱 랩 티셔츠 크림
4426865,0.9968,다운블로우,여자스포츠 골프웨어 반집업긴팔티셔츠 9005W
5457159,0.9968,엠페브,틴샷 25 싱글 스트랩 탑 화이트
5989829,0.9968,디스커버리 익스페디션,여성 기능성 러닝 티셔츠 (WHITE)
6409537,0.9967,르꼬끄,유니 냉감 슬럽 반팔티 - 블루 QR213ERS65
6270128,0.9966,체이스컬트,공용 레터링 반팔 티셔츠-FBZU5802C0B
6097867,0.9965,르꼬끄,유니 르프레쉬 슬럽 반팔티 - 올리브 QR213ERS41
6486395,0.9965,유라이프지,베르엘 와플 헨리넥 반팔 티셔츠 3 Color [ULSR_1001]
6680297,0.9965,베이직하우스,여성 모달 스판 보트넥 슬림핏 반팔티셔츠 화이트
6680300,0.9965,베이직하우스,여성 모달 스판 U넥 슬림핏 반팔티셔츠 다크그레이
6799457,0.9965,언더아머,UA 모션 피티드6013774-100
6253201,0.9964,르꼬끄,유니 냉감 트리코트 백그래픽 반팔티 - 화이트 QR223ERS55
6270160,0.9964,체이스컬트,공용 레트로 그래픽 반팔 티셔츠-FBZU5804C05
4190577,0.9963,낫유즈얼,토마토샵 반팔티 [NAVY]
5293330,0.9963,케이스위스,[UNISEX] 클래식66 코트 스케치 반팔 티_1KSTSFU905IV
5953713,0.9963,디스커버리 익스페디션,여성 프레시벤트 네이처 그래픽 반팔티 (D.GREY)
6014553,0.9963,펭귄 바이 먼싱웨어,여성 에센셜 카라 티셔츠 화이트 MR122PTS35
6516628,0.9963,낫유즈얼,유즈얼 오버핏 피그먼트 반팔티 5color
5173100,0.9962,유라이프지,브루클린 우먼 오버핏 트랙 브이넥 반팔티 4 Color [ULZV_5607]
5989826,0.9962,디스커버리 익스페디션,여성 기능성 러닝 티셔츠 (BLACK)
6014555,0.9961,펭귄 바이 먼싱웨어,여성 에센셜 라운드 티셔츠 화이트 MR122PTS34
6227668,0.9961,휠라,테니스 Drywave 레이피케 반팔티(FS262RS11U003462)
6227790,0.9961,휠라,테니스 Drywave 레이피케 반팔티(FS262RS11U003462)
5897294,0.9960,그루브라임,여성  분또 심플 로고 레터링 반팔 티셔츠 (5COLOR) (LRAMCTR507P)
5973745,0.9960,디스커버리 익스페디션,여성 프레시벤트 레터링 세미크롭 링거티셔츠 (WHITE)
6171410,0.9959,게스,2color 피그먼트 반팔 티셔츠 OQ2K5452
5973739,0.9958,디스커버리 익스페디션,여성 프레시벤트 레터링 세미크롭 링거티셔츠 (D/IVORY)
2010540,0.9957,어퍼스트로피 콤마,슬리브 포인트 무지 긴팔티셔츠 (네이비)
6134951,0.9957,스노우피크 어패럴,퀵드라이 여성 베이직 반팔 티셔츠 (S26MWTTS13) Off White
5823200,0.9956,르꼬끄,유니 기능성 반팔티 - 화이트 블루 QR123ERS12
5905711,0.9956,디스커버리 익스페디션,여성 프레시벤트 로건 반팔티셔츠 (BLACK)
6139732,0.9956,디스커버리 익스페디션,여성 시어서커 우븐 반팔티셔츠 (Peach)
6270168,0.9956,체이스컬트,공용 레트로 그래픽 반팔 티셔츠-FBZU5804C0E
6060050,0.9955,데상트골프,남여공용 등판 그래픽 카라 반팔 티셔츠  DR22MFTS4L
6087410,0.9955,디스커버리 익스페디션,여성 러닝 슬리브리스 (WHITE)
1993834,0.9954,모빈스알,PENNA BLING TOP NEON PINK
5457160,0.9954,엠페브,잉크드 로맨스 홀터 넥 탑 베이지
6350985,0.9954,스핏싯,Code Remediation 티셔츠 5 COLOR
4205428,0.9953,어뉴브로스,바네사 세미크롭 트랙 반팔티셔츠 6 Color [ANSE_6001]
5025066,0.9953,티메이커,그래픽 링거 티셔츠 LGR
5050442,0.9953,체이스컬트,공용 쿨 라운드 반팔 티셔츠-옐로우
5930563,0.9953,디스커버리 익스페디션,여성 프레시벤트 에센셜 링거티셔츠 (BLACK)
6322232,0.9953,이피티,PUFF SLEEVE TOP (WHITE)
4708408,0.9952,시티브리즈,루싱 디테일 긴팔 티셔츠_WHITE
5940156,0.9952,디스커버리 익스페디션,여성 에버딘 스몰로고 반팔티셔츠 (L/PINK)
6017600,0.9952,다운블로우,여성 골프웨어 쿨링 라인배색 카라 반팔 티셔츠 DBC 1915W
4960069,0.9951,베이직하우스,면20수 레귤러핏 반팔티셔츠 스카이블루 LATS0115
5196772,0.9951,프로-스펙스,자카드 통기 러닝 반팔 티셔츠
5430310,0.9951,언타이틀 서울,노 아이디어 롱슬리브 화이트
6190380,0.9951,휠라,Drywave 등판 그래픽 기능성 반팔티(FS262RS02X004007)
6524865,0.9951,아레나,솔라이트 여성 반팔 티셔츠 A6ML1RT01LYL
4061773,0.9950,더바이닐하우스,STAR TEE WHITE (VH2EMUT507A)
5043867,0.9950,챈세스노이,오브리크 라인 반팔티셔츠 화이트/W251TP06WH
5905715,0.9950,디스커버리 익스페디션,여성 프레시벤트 로건 반팔티셔츠 (WHITE)
5914733,0.9950,디스커버리 익스페디션,유니 프레시벤트 세미오버핏 스몰로고 반팔티셔츠 (BLACK)
6754885,0.9950,크림소다랩,씨알에스디엘 스몰 로고 가먼트 다잉 피그먼트 반팔 티셔츠 스모키 차콜 화이트
3972184,0.9949,디써티원,Small Logo Pigment-Dyed T-shirt (LAVENDER)
5963336,0.9948,디스커버리 익스페디션,유니 아플리케 반팔티셔츠 (D/NAVY)
6211300,0.9948,낫유즈얼,엔젤스타 오버핏 반팔티 4color
6190398,0.9947,휠라,Coldwave 에센셜 소로나 반팔티(FS262RS02X012191)
6253145,0.9947,르꼬끄,유니 초냉감 반팔티 - 민트 QR223ERS52
4862261,0.9946,더바이닐하우스,VINTAGE WOMAN TEE WHITE
5244690,0.9946,유라이프지,나잇글로우 우먼 오버핏 트랙 브이넥 반팔티 4 Color [ULZV_5613]
6024226,0.9946,디스커버리 익스페디션,여성 프레시벤트 네이처 크롭 반팔티셔츠 (D/WINE)
6139806,0.9946,세르지오 타키니,W 쿨매치 그래픽 반팔 티셔츠 (White)
6160817,0.9946,르꼬끄,유니 냉감 피케 폴로 티셔츠 - 블랙 QR123ETS34
6350104,0.9946,살로몬,파로 숏 슬리브 W_LD0070100
6390240,0.9946,유라이프지,미어 케이블 버튼 카라 반팔 니트 4 Color [ULSK_1001]
6604989,0.9946,잠뱅이,[26SS] 유니) 분또 프린트 오버핏 반팔 티셔츠 AQ2WTS447-OG
5293332,0.9945,케이스위스,[UNISEX] 클래식66 플레이서클 반팔 티_1KSTSFU904NA
6101654,0.9945,디스커버리 익스페디션,여성 프레시벤트 에어닷 우븐 반팔티셔츠 (BLACK)
6134410,0.9945,러프 애슬레틱,에어로 쿨 티셔츠 - white
6139809,0.9945,세르지오 타키니,W 쿨매치 그래픽 반팔 티셔츠 (Navy)
6476470,0.9945,체이스컬트,공용 쿨 라운드 반팔 티셔츠-FCZU5808E0X
6261259,0.9944,게스,2color 베이직 반팔 티셔츠 OQ2K5450
4092735,0.9943,게인스보로,[쿨코튼] 오리지날 스타로고 티셔츠_화이트/실버
4160922,0.9943,게인스보로,3D 스타로고 티셔츠_블랙/실버
4191087,0.9943,더마일,MILES 98 RAW CREW [WHITE/RED]
6017552,0.9943,다운블로우,여성 스포츠 골프웨어 라인 풀집업 베스트 DB6519W
6017900,0.9943,디스커버리 익스페디션,유니 프레시벤트 콜라주 레터링 반팔티셔츠 (WHITE)
6134946,0.9943,스노우피크 어패럴,퀵드라이 여성 베이직 반팔 티셔츠 (S26MWTTS13) Pink
6379957,0.9943,노스페이스,NT7US07L 화이트라벨 와일드플라워 반팔 티 OATMEAL
5070580,0.9942,다운블로우,여성 스포츠 소프트 텐션 크롭 반팔 (패드탈착형) DBC 1903W
5876989,0.9942,디스커버리 익스페디션,여성 프레시벤트 절개라인 반팔티셔츠 (WHITE)
6070877,0.9942,스노우피크 어패럴,소로나 여성 트로피컬 반팔 티셔츠 (S26MWFTS71) Sand Beige
6318396,0.9942,본투윈,W BRN TANK BRA TOP [NAVY]
5930564,0.9941,디스커버리 익스페디션,여성 프레시벤트 에센셜 링거티셔츠 (WHITE)
6606780,0.9941,낫유즈얼,토마토 바스켓 오버핏 반팔티 4color
4782558,0.9940,세르지오 타키니,W 레이프레쉬 다마린도 피케 반팔 티셔츠 (L.Pink)
5039451,0.9940,체이스컬트,공용 가슴 그래픽 반팔 티셔츠-핑크
5126987,0.9940,원헌드레드퍼센트,OHPxGOODD 팝콘 세미오버 반팔티
6142732,0.9940,휠라,DRY 레이피케 헨리넥 반팔티(FS262RS11U004191)
6408234,0.9939,케이스위스,60th 쉴드 플라워 그래픽 티_1KSTSMV906GY
5960201,0.9938,지블랙,베어풋 그래피티  7부 티셔츠(WHITE)
6084713,0.9938,그루브라임,여성 레터링 로고 반팔 티셔츠 (5COLOR) (LRBMCTR502M)
6511407,0.9938,9999아카이브,Deconstructed Slub Tee
4161205,0.9937,유에프씨 스포츠,UFC 웨이브 슬림 크롭핏 반팔 티셔츠 차콜 U4SSV2214CH
5954903,0.9937,지블랙,제니스 블랙 ARCHIVE 7부 티셔츠(CORAL RED)
6055043,0.9937,디스커버리 익스페디션,여성 프레시벤트 네이처 세미크롭 반팔티셔츠 (D/NAVY)
6169244,0.9937,더블유브이프로젝트,박시 크롭 반팔티셔츠 브릭레드 MMST7858
6476462,0.9937,체이스컬트,공용 쿨 라운드 반팔 티셔츠-FCZU5808E03
6058096,0.9936,언타이틀 서울,유니콘 헨리넥 슬럽 롱 슬리브 그레이
6126067,0.9936,웰터 익스페리먼트,CLIMAFLOW LONG SLEEVE T-SHIRT_DARK BEIGE
6178651,0.9936,더바이닐하우스,EARLY BIRD DIES TEE PINK
6227703,0.9936,휠라,테니스 소프트 폴리피케 카라티(FS262TS11U004472)
6296496,0.9936,지오다노,코튼스판 팬던트 링거 반팔 티셔츠(SLD) 326545 [4color]
6418476,0.9936,에버루프,꽃의 파편 반팔티6 EL
6908614,0.9936,오언더알,CAPY IN THE BATH 반팔티셔츠 (화이트)
4177606,0.9935,어뉴브로스,메이블 링거 루즈핏 반팔티셔츠 4 Color [ANSE_4501]
5880721,0.9935,디스커버리 익스페디션,여성 기능성 라운드 긴팔티셔츠 (L.Peach)
6025495,0.9935,지블랙,스타셀렉션 빅로고  오버핏 반팔 LIGHT PINK
6171209,0.9935,스노우피크 어패럴,퀵드라이 베이직 반팔 티셔츠 (S26MUTTS12) Off White
6171411,0.9935,게스,3color 브이넥 콩단추 반팔 티셔츠 OQ2K5451
6190407,0.9935,휠라,Coldwave 에센셜 소로나 반팔티(FS262RS02X012442)
3952242,0.9934,크리스첼로,(공용) 파리 티셔츠 - (화이트 20수 오버핏)
5232545,0.9934,더마일,BREAK ON CREW [WHITE]
5742780,0.9934,아크메드라비,YEAR OF THE HORSE SHORT SLEEVE T-SHIRT (3COLOR)
6139789,0.9934,세르지오 타키니,W FRESCA KNIT 스트라이프 반팔 폴로 (Navy)
6253191,0.9934,르꼬끄,유니 백그래픽 루즈핏 반팔티 - 화이트 QR223LRS52
6709091,0.9934,크림소다랩,가먼트 다잉 피그먼트 반팔 티셔츠 쉐도우 퍼플
4185600,0.9933,어뉴브로스,베이직 시그니처 물나염 반팔티 6 Color [ANSE_9801]
5968239,0.9933,지블랙,스타셀렉션 빅 로고  7부 티셔츠(NEON YELLOW)
5973736,0.9933,디스커버리 익스페디션,여성 프레시벤트 레터링 세미크롭 링거티셔츠 (BLACK)
6040384,0.9933,디스커버리 익스페디션,유니 프레시벤트 네이처 반팔티셔츠 (L.Peach)
6227665,0.9933,휠라,테니스 Drywave 레이피케 반팔티(FS262RS11U003191)
6302382,0.9933,아레나,아레나라이프 여성 반팔 티셔츠 A6ML1RT71NOR
4499889,0.9932,더마일,블랙홀 이센셜 스웨트 후드 OATMEAL
5497616,0.9932,다운블로우,여성 스포츠 골프웨어 하프넥 반폴라 티셔츠 DBC 6510W
6080050,0.9932,디써티원,레터링 자수 반소매 티셔츠(화이트)
6108810,0.9932,디스커버리 익스페디션,여성 프레시벤트 포켓 우븐 반팔티셔츠 (WHITE)
6187312,0.9932,디스커버리 익스페디션,여성 프레시벤트 보트 와펜 반팔티셔츠 (WHITE)
5918435,0.9931,지블랙,아카이브 패션위크   롱슬리브(BLACK-WHITE PRINT)
6076818,0.9931,디스커버리 익스페디션,여성 슬림 크롭 반팔티셔츠 (WHITE)
6134174,0.9930,지블랙,스타셀렉션 센타포인트 스타 오버핏 반팔(WHITE)
6190360,0.9930,휠라,Coldwave 트리코트 반팔티(FS262RS02U007001)
3306367,0.9929,어뉴브로스,프레이아 트랙 브이넥 반팔티셔츠 4 Color [ANSV_1501]
3389579,0.9929,웨닐,클럽88 오버핏 반팔티셔츠 4 Color [WASE_2004]
5081144,0.9929,다운블로우,여성 스포츠 사이드 슬릿 루즈핏 커버업 반팔 DBC1904W
6112160,0.9929,르꼬끄,유니 러닝 에어리 루즈핏 반팔 피스테 - 민트 QR223EWT41
6350994,0.9929,스핏싯,SPITXIT PHANTOM SHIFT 티셔츠 5 COLOR
6410615,0.9929,더블유브이프로젝트,프레임샷 반팔티셔츠 다크그레이 ISST7868
6469945,0.9929,휠라,테니스 Drywave 클럽매치 자카드 카라티(FS262TS11U001586)
6852085,0.9929,베트랙트,켓트레인 복서 오버핏 반팔티 [BLACK]
1978955,0.9928,어프로브드,클래식 로고 티셔츠 블랙
6169257,0.9928,더블유브이프로젝트,케빈 반팔티셔츠 라이트그린 JIST7851
1322319,0.9927,폴루션,BASIC LONG SLV T
6029244,0.9927,디스커버리 익스페디션,여성 프레시벤트 네이처 크롭 반팔티셔츠 (BLACK)
6139740,0.9927,디스커버리 익스페디션,유니 프레시벤트 익스플로어 그래픽 반팔티셔츠 (BLACK)
6227662,0.9927,휠라,테니스 Drywave 레이피케 반팔티(FS262RS11U003001)
6746898,0.9927,원헌드레드퍼센트,OHPxJOY4 페이버릿모닝 피그먼트 반팔티
1020191,0.9926,메리제임스,[남녀공용-오버핏]TRUE LOVE HALF SLEEVE (5 COLOR)
6017598,0.9926,다운블로우,여성 골프웨어 소매 배색 카라 반팔 티셔츠 DBC 1914W
6371262,0.9926,엄브로,[QUICK-DRY] 다이아몬드 이스케이프 바캉스 프레쉬 반팔 티셔츠 그린 UR223CRS58
6505427,0.9926,엄브로,[COOLING] 아이스코튼 웨이브 그래픽 반팔 티셔츠 화이트 UR221CRS63
6739611,0.9926,뎃츠잇,매일입는 피그먼트 반팔티 네이비
5176781,0.9925,비비씨어스,크랙 다람쥐 프린트 반팔 티셔츠_Cream
5495458,0.9925,그렉노먼,폴리스판 카라넥 반팔티셔츠_화이트
6061121,0.9925,디스커버리 익스페디션,여성 프레시벤트 서프보드 반팔티셔츠 (WHITE)
6101666,0.9925,디스커버리 익스페디션,여성 프레시벤트 래글런 우븐 반팔티셔츠 (D/IVORY)
6739688,0.9925,뎃츠잇,매일입는 피그먼트 반팔티 핑크
4253190,0.9924,스트라이크,Signature Studs Artful Splatter Tee (CREAM)
6296870,0.9924,프로-스펙스,여성 드라이엑스 반팔 티셔츠
6638378,0.9924,이우트,STAY TOGETHER T-SHIRT / BLUE
4107458,0.9923,수아트,킵고잉 티셔츠 탄
4161203,0.9923,유에프씨 스포츠,UFC 웨이브 슬림 크롭핏 반팔 티셔츠 다크블루 U4SSV2214DL
5015657,0.9923,엄브로,비치클럽 아치 레터링 그래픽 반팔 티셔츠 화이트(UQ223CRS51)
5739689,0.9923,수아트,애뽀 티셔츠
6087406,0.9923,디스커버리 익스페디션,여성 러닝 슬리브리스 (L/INDIGO)
6169252,0.9923,더블유브이프로젝트,박시 크롭 반팔티셔츠 화이트 MMST7858
6364479,0.9923,휠라,테니스 소프트 폴리피케 카라티(FS262TS11U004650)
2148561,0.9922,스터퍼,Illusion HOODIE
3377313,0.9922,그라픽,키키 오버핏 반팔티셔츠 6 Color [GRSE_2002]
3897820,0.9922,세컨스킨,모달 레이어드 긴팔탑
4282823,0.9922,티저트,"아이스크림 프린팅 여름 면 반팔티셔츠 (화이트, 블랙, 데님) DS_09"
5954804,0.9922,지블랙,제니스 블랙 ARCHIVE 7부 티셔츠(PINK)
6475718,0.9922,챔피온,챔피온 X 루니툰즈 반팔 티셔츠 실베스터 White
3188700,0.9921,프랑켄모노,(16수 오버핏) 하트웨이브 반팔티
6081443,0.9921,유니폼브릿지,ubc multi stripe s/s t-shirt(womens) mint
6139656,0.9921,노티카,오션 토템 티셔츠(4colors) NTS5546
6142742,0.9921,휠라,DRY 레이피케 헨리넥 반팔티(FS262RS11U004462)
6190341,0.9921,휠라,Coldwave 에센셜 기능성 반팔티(FS262RS02U001001)
6190372,0.9921,휠라,Coldwave 트리코트 반팔티(FS262RS02U007234)
6645124,0.9921,1989스탠다드,DRAWING CAT 우먼 반소매 (SWCSTD-0270)
5229211,0.9920,모빈스알,GLACIER MESH TOP CAMO
6134226,0.9920,지블랙,스타셀렉션 스몰로고 스몰로고 오버핏 반팔(BEIGE)
2302062,0.9919,아트스피크하우스,[2Size] Storia L-Sleeve
5796063,0.9919,페이즈드,플로럴 코지탑_그레이
5959556,0.9919,지블랙,스타셀렉션  LIGHT STAR 7부 티셔츠(BLACK)
6024225,0.9919,디스커버리 익스페디션,여성 프레시벤트 네이처 크롭 반팔티셔츠 (WHITE)
235485,0.9918,메가폰,[UNISEX] EMPIRE 반팔티셔츠 - BLACK
5223469,0.9918,랜덤오프,PIXIE BIT OVER FIT T-SHIRT (3color)
6177368,0.9918,디스커버리 익스페디션,유니 프레시벤트 캐리어 그래픽 반팔티셔츠 (WHITE)
6370525,0.9918,엄브로,[QUICK-DRY] 다이아몬드 이스케이프 자동차 프레쉬 반팔 티셔츠  옐로우 UR223CRS59
6557237,0.9918,라코스테,여성 빅크록 스웻셔츠 SF634E-56G CCA
6800712,0.9918,폴루션,[2PACK] 폴루션 1.5도 반팔 티셔츠
5146227,0.9917,그레이버,[UNISEX] 슬리브하트_3color
5911744,0.9917,지블랙,패션위크 CITY  롱슬리브(KHAKI-BLACK PRINT)
5919554,0.9917,디스커버리 익스페디션,여성 슬리브리스 카라티 (WHITE)
5983877,0.9917,디스커버리 익스페디션,유니 헤비웨이트 스몰레터 반팔티셔츠 (Brown)
6015867,0.9917,디스커버리 익스페디션,유니 스몰 레이크 그래픽 반팔티셔츠 (Peach)
6087572,0.9917,스페리,[2PACK] 루즈핏 크루넥 반팔티 3 Color [SPRU_9005]
6087584,0.9917,스페리,루즈핏 크루넥 반팔티_블랙 [SPRU_0005]
6425982,0.9917,룩캐스트,[UNISEX]리브 레터링 티셔츠_화이트 / RIV LETTERING T-SHIRT_WHITE
6708161,0.9917,필루미네이트,데일리 롤업 레이어드 ST 크롭 티셔츠-3Color
3391455,0.9916,웨닐,웰니스클럽 링거 루즈핏 반팔티셔츠 4 Color [WASE_4502]
4223581,0.9916,트립션,Triple Cherry 그래픽 티셔츠 - 8 컬러
5220111,0.9916,파인드칠린,FCHl01 UV에어가드 티셔츠 화이트
6215930,0.9916,이븐시아,20수 하트 로고 스트라이프 반팔 티셔츠
6410417,0.9916,제멋,포스트 레터링 반팔티셔츠 브릭레드 JIST2706
6645128,0.9916,1989스탠다드,1989 SUBCULTURE 우먼 반소매 (SWCSTD-0264)
5100292,0.9915,멧앤멜,[TOBAKE] Terrace T-shirt_White
5196774,0.9915,프로-스펙스,경량 통기 러닝 싱글렛
5897278,0.9915,그루브라임,여성 18수 그래픽 반팔 티셔츠 (3COLOR) (HRTMCTR510M)
6025009,0.9915,지블랙,스타셀렉션 스타인스타  오버핏 반팔 LIGHT PINK
6026827,0.9915,지블랙,스프레인 프린트 오버핏 반팔 NAVY
6298738,0.9915,지블랙,스타셀렉션 빅로고  위드스타 WHITE
6662018,0.9915,유씨엘에이,남녀공용 컴포트 크롭 티셔츠[SKY BLUE](UC6STA8)
3333967,0.9914,웨닐,제이드 링거 루즈핏 반팔티셔츠 4 Color [WASE_4501]
3365413,0.9914,더마일,MILE DEPT. GARMENTS CREW [WHITE]
4092732,0.9914,게인스보로,[쿨코튼] 오리지날 스타로고 티셔츠_화이트/핑크
5241031,0.9914,모빈스알,KRAKEN LAYERING TOP BLACK
5862860,0.9914,엄브로,베이직 폴리 스판 스몰로고 반팔 티셔츠 블랙 UR121SRS14
5953853,0.9914,지블랙,제니스 빅로고 7부 티셔츠(CORAL RED)
6014554,0.9914,펭귄 바이 먼싱웨어,여성 에센셜 라운드 티셔츠 다크그레이 MR122PTS34
6038830,0.9914,레킴,큐빅 크로스 롱 슬리브 (차콜)
6139796,0.9914,세르지오 타키니,W FRESCA KNIT 케이블 반팔 폴로 (L.Indigo)
7024310,0.9914,논바이러스,Scar Mesh T-shirt Dark Gray
5067065,0.9913,언티지,U넥 메탈 슬러브 티셔츠[Sliver(UNISEX)]_UTT-ST52
5071472,0.9913,네더월드,NETHERWORLD Who Made You T-Shirt Black
5086614,0.9913,언티지,메탈 민소매 티셔츠[Gold(UNISEX)]_UTT-ST67
5132706,0.9913,에트오소메,Lettering Logo Printed Tank Top (White)
5241045,0.9913,모빈스알,KRAKEN LAYERING TOP WHITE
5434929,0.9913,베트랙트,트랙라인 86 럭비져지_블랙(화이트)
6070883,0.9913,스노우피크 어패럴,소로나 여성 트로피컬 반팔 티셔츠 (S26MWFTS71) Dark Charcoal
6073875,0.9913,디스커버리 익스페디션,여성 와플 트레이닝 반팔 티셔츠 (IVORY)
6097892,0.9913,르꼬끄,유니 르프레쉬 루스터 루즈핏 반팔티 - 화이트 QR213LRS41
6753924,0.9913,스파오,[우사하나] 슬림핏 반팔 티셔츠(White)_SPRLG37U45
235483,0.9912,메가폰,[UNISEX] MELTING 반팔티셔츠 - BLACK
5012030,0.9912,체이스컬트,공용 쿨피케 카라 티셔츠-오렌지
5176777,0.9912,비비씨어스,크랙 다람쥐 프린트 반팔 티셔츠_Charcoal
5920912,0.9912,디스커버리 익스페디션,유니 헤비웨이트 포켓 반팔티셔츠 (WHITE)
6076585,0.9912,유에프씨 스포츠,UFC 고딕 릴렉스핏 반팔 티셔츠 피치 U2SSX2111PC
6165421,0.9912,크림소다랩,소매 스몰로고 어센틱 반팔 티셔츠 블랙
6190346,0.9912,휠라,Coldwave 에센셜 기능성 반팔티(FS262RS02U001191)
6254306,0.9912,오리지널데이,20수 오버핏 반팔 티셔츠 4Color
6476456,0.9912,체이스컬트,공용 쿨 카라 반팔티-FCRU5714E0P
5153764,0.9911,꼼파뇨,하트 클레프 CROP 링거 반팔티 화이트
5478839,0.9911,다운블로우,스포츠 골프웨어 PK 배색 카라 긴팔 티셔츠 DB 2511W
6129402,0.9911,마크곤잘레스,엔젤 성조기 그래픽 반팔 티셔츠 - WHITE
6297154,0.9911,프로-스펙스,유니 라이트웨이트 우븐 반팔티셔츠
6370531,0.9911,엄브로,[QUICK-DRY] 다이아몬드 이스케이프 자동차 프레쉬 반팔 티셔츠  차콜 UR223CRS59
1828938,0.9910,언리미트,RUBBER TEE (U26BTTS624)
2656970,0.9910,카비시,GOTHIC C LOGO HOODIE LIGHT GREY(CV2CFUM406A)
4107454,0.9910,수아트,킵고잉 티셔츠 화이트
4266721,0.9910,수아트,스테레오타입 모노 티셔츠 블랙
5173587,0.9910,하이퍼플,"To infinity,and beyond_TEE"
6017904,0.9910,디스커버리 익스페디션,여성 로고포인트 러닝 티셔츠 (BLACK)
6659433,0.9910,아크메드라비,JMB WOMAN FRUIT SHORT SLEEVE T-SHIRT
6852090,0.9910,겐조,유니섹스 프리 컬렉션 갓츠 겐조 파리 엠블럼 클래식 티셔츠_K263AUT101WHX
2462618,0.9909,프랑켄모노,플로링 반팔티
3380765,0.9909,체이스컬트,공용 타이포 그래픽 반팔 티셔츠-CCRU5833E0Y
4339573,0.9909,어뉴브로스,엣지 오버핏 트랙 후드티셔츠 3 Color [ANBI_8001]
5457178,0.9909,엠페브,메탈릭 하트 슬림 숏 슬리브 블랙
5968326,0.9909,지블랙,스타셀렉션 빅 로고  7부 티셔츠(PINK)
6244510,0.9909,오언더알,BATH TIME CAPY 반팔 티셔츠 (블랙)
6371242,0.9909,엄브로,[QUICK-DRY] HBL 아카이브 로고 프레쉬 반팔 티셔츠 브라운 UR224CRS52
6435680,0.9909,르꼬끄,유니 워터겸용 루즈핏 레터 그래픽 반팔티  - 베이지 QR223SRS66
6227696,0.9908,휠라,테니스 소프트 폴리피케 카라티(FS262TS11U004191)
6238388,0.9908,1993스튜디오,[FC서울x1993스튜디오] 트랙 라글란 링거 티셔츠_블랙
6503391,0.9908,언티지,로고 프린트 케이프 반팔 티셔츠[Black(UNISEX)]_UTT-ST22
3251381,0.9907,크리스첼로,(공용) 래밍 티셔츠 - (블랙 20수 오버핏)
3950975,0.9907,크리스첼로,(공용) 파리 티셔츠 - (블랙 20수 오버핏)
4223584,0.9907,트립션,Bread Set 그래픽 티셔츠 - 8 컬러
5229281,0.9907,모빈스알,BEAST MESH TOP SILVER
6025667,0.9907,지블랙,스타셀렉션 빅로고  크렉스타 NEON YELLOW
6061128,0.9907,디스커버리 익스페디션,여성 프레시벤트 네이처 세미크롭 반팔티셔츠 (D/BROWN)
6116122,0.9907,다운블로우,여성 스포츠 메쉬 기능성 쿨링 배색 베스트 DB 5113W
6190631,0.9907,휠라,테니스 COOL 소로나 그래픽 반팔티(FS262RS11X001001)
6407970,0.9907,유씨엘에이,남녀공용 UCLA 더블 라인 아치 로고 티셔츠[WHITE](UC6STA1)
6450938,0.9907,유씨엘에이,남녀공용 UCLA 더블 라인 아치 로고 티셔츠(3COLOR)(UC6STA1)
5173588,0.9906,하이퍼플,Space Diver_TEE(Space Gray)
6070881,0.9906,스노우피크 어패럴,소로나 여성 트로피컬 반팔 티셔츠 (S26MWFTS71) Deep Pink
6139800,0.9906,세르지오 타키니,W FRESCA KNIT 케이블 반팔 폴로 (Navy)
6171401,0.9906,게스,2color 별 프린트 반팔 티셔츠 OQ2K5447
6211303,0.9906,낫유즈얼,심볼에포트 오버핏 반팔티 4color
6343137,0.9906,더랭크,BURNING HEAT CIRCLE OVER FIT T-SHIRTS [WHITE]
5015661,0.9905,엄브로,비치클럽 라인 드로잉 그래픽 반팔 티셔츠 화이트(UQ223CRS53)
6025829,0.9905,지블랙,스타셀렉션 빅로고  위드스타 NEON YELLOW
6190368,0.9905,휠라,Coldwave 트리코트 반팔티(FS262RS02U007191)
5875185,0.9904,디스커버리 익스페디션,여성 스탬프 세미오버핏 반팔티셔츠 (BLACK)
6193724,0.9904,언리미트,HAWAII TEE (U26BTTS616)
4107414,0.9903,수아트,스테레오타입 피그먼트 워싱 티셔츠 카키그린
6153604,0.9903,키르시,워딩 루즈핏 피그먼트 티셔츠 [라이트 핑크]
4328865,0.9902,엘런아시,로고 레이어드 오버핏 반팔 티셔츠
6040391,0.9902,디스커버리 익스페디션,유니 스몰 리프 그래픽 반팔티셔츠 (L/MINT)
6190354,0.9902,휠라,Coldwave 에센셜 기능성 반팔티(FS262RS02U001472)
6271603,0.9902,리복,스포츠 풋볼 저지 반팔티 - 레드
6296875,0.9902,프로-스펙스,여성 드라이엑스 반팔 티셔츠
6397756,0.9902,더바이닐하우스,THE LAZY TEE BLACK
6606747,0.9902,낫유즈얼,웨이비로고 오버핏 반팔티 4color
5918496,0.9901,지블랙,아카이브 패션위크   롱슬리브(KHAKI-WHITE PRINT)
5918523,0.9901,지블랙,아카이브 패션위크   롱슬리브(WHITE-BLACK PRINT)
5983875,0.9901,디스커버리 익스페디션,유니 심볼 세미오버핏 카라티 (BLACK)
6090101,0.9901,스노우피크 어패럴,클래식 우븐 반팔 티셔츠 (S26MUTTS16) White
6096377,0.9901,누비즈,﹡﹡﹡OVERLAYER SHORT-SLEEVES
6238358,0.9901,1993스튜디오,[FC서울x1993스튜디오] 트랙 라글란 링거 티셔츠_아이보리
6278828,0.9901,1011갤러리,Women Classic Gallery Logo T-Shirts - Red
6297119,0.9901,프로-스펙스,유니 에센셜 반팔 티셔츠
6930865,0.9901,아틀란틱그래픽스,AG 4001 스탠다드 반팔티 (2컬러)
4782582,0.9900,세르지오 타키니,W 레이프레쉬 캄포 피케 반팔 티셔츠 (White)
2409920,0.9899,메리제임스,[남녀공용-오버핏] MARYJASICLE HALF SLEEVE (6 COLOR)
4061550,0.9899,오리지널데이,Gothic Flower 오버핏 반팔 티셔츠 남녀공용 White
4113819,0.9899,본로우,Hotrod Tee_Wh
4499708,0.9899,더마일,피그먼트 컴파운드 에트 스웨트 후드 PIGMENT D.GREY
5011041,0.9899,꼼소넛,Basic Logo Printing Half Cotton T shirt CSOt-308 (black) [Unisex]
5088473,0.9899,플랫웨이브 인 서울,Naga Dyed Print T-Shirts Charcoal
5201765,0.9899,리트리버클럽,ALIVE TEE [BLACK]
6092416,0.9899,빈폴 멘,[Essential] 피케 칼라넥 반소매 티셔츠  블랙
6129377,0.9899,지블랙,패션위크 시티 밀라노 7부 티셔츠(BEIGE)
235480,0.9898,메가폰,[UNISEX] MPGN 반팔티셔츠 - BLACK
1513715,0.9898,오버그로우,오더블유드에스 티셔츠 [그레이]
4499864,0.9898,더마일,코트스퀘어 마인드 스웨트 후드 OATMEAL
5201764,0.9898,리트리버클럽,ALIVE TEE [WHITE]
5393131,0.9898,베이직하우스,우먼 라운드 크롭 반팔티셔츠 브라운 LATS0202
6024232,0.9898,디스커버리 익스페디션,유니 선라이즈 그래픽 반팔티 (BLUE)
6070879,0.9898,스노우피크 어패럴,소로나 여성 트로피컬 반팔 티셔츠 (S26MWFTS71) Off White
6075358,0.9898,코브마스터,SIGNATURE SMALL LOGO T-SHIRT [DEEP BROWN]
6313377,0.9898,더블유브이프로젝트,웨이드 반팔티셔츠 라이트그린 JIST7860
6354608,0.9898,제멋,드리븐 컬리지 링거 티셔츠 오트밀 MMST2708
1816558,0.9897,포지티브 바이브,[UNISEX] Logo-embroidered oversized cotton-jersey T-shirt(Mint Green)_W
5462196,0.9897,베이직하우스,여성 40수 릴렉스핏 크루넥 반팔티셔츠 멜란지그레이 LATS0209
5836735,0.9897,엄브로,[QUICK-DRY] 프레쉬 빅레터링 반팔티 화이트 UR121SRS12
5879088,0.9897,세터,로렌 스몰 로고 리벳 후드 티셔츠 블루
6211304,0.9897,낫유즈얼,버터플라이 오버핏 반팔티 4color
6321400,0.9897,엑스파이,로고 크롭 반팔티셔츠 - 화이트
2437083,0.9896,스터프,솔리드 루즈핏 헤비 반팔티 블랙
5240556,0.9896,로우랩,HOMMAGE 아플리케 반팔티셔츠 - 라이트네이비
5461930,0.9896,베이직하우스,여성 40수 릴렉스핏 크루넥 긴팔티셔츠 아이보리 LATS0207
6254452,0.9896,엄브로,[QUICK-DRY] 다이아몬드 이스케이프 레터 프레쉬 반팔 티셔츠 화이트 UR223CRS57
370578,0.9895,데몬스트레이트,DST hillbilly pink
1020134,0.9895,메리제임스,MORE THAN BLUE HALF SLEEVE - MUSTARD
3316776,0.9895,웨닐,피오나 세미크롭 트랙 반팔티셔츠 6 Color [WASE_6001]
6022332,0.9895,지블랙,제니스 블랙 베어풋 오버핏 반팔 핑크
6117953,0.9895,유니버셜 오버롤,1950s SLIM T-SHIRT BLACK
6276186,0.9895,노스페이스,NT7US24J 트루타 반팔 티 WHITE
6371238,0.9895,엄브로,HBL 풋볼 헤리티지 반팔 스탠넥 아노락 블랙 UR224CWT51
4233949,0.9894,낫유즈얼,딸기버켓 반팔티 [BLACK]
5109628,0.9894,센토르,CENTAUR PRINT SLEEVELESS_BLACK
5457161,0.9894,엠페브,잉크드 로맨스 홀터 넥 탑 블루
5462224,0.9894,베이직하우스,여성 40수 릴렉스핏 크루넥 반팔티셔츠 민트 LATS0209
5897291,0.9894,그루브라임,여성 로케이션 스몰 레터링 반팔 티셔츠 (LRAMCTR503P)
6129279,0.9894,지블랙,패션위크 시티 파리 7부 티셔츠(WHITE)
6183527,0.9894,언타이틀 서울,언타이틀 크레스트 폴로 크롭 반팔 핑크
6276844,0.9894,루카,UTILITY SPORT 반팔 크롭 티셔츠 (VG11ST151BLK)
6647632,0.9894,언티지,와이드 숄더 실키 민소매 티셔츠[Brown(UNISEX)]_UTT-ST74
4821907,0.9893,골든베어,(WOMEN) Ringer Short-Sleeve Round T-Shirt_G5TAM25125WHX
5898840,0.9893,엠엘비,베이직 심플 스트릿 로고 오버핏 반팔 티셔츠 NY (Black)
5959455,0.9893,지블랙,스타셀렉션  LIGHT STAR 7부 티셔츠(DUST BEIGE)
6126127,0.9893,웰터 익스페리먼트,AEREN T-SHIRT_BLACK
6408244,0.9893,케이스위스,60th 쉴드 플라워 그래픽 티_1KSTSMV906WH
3389580,0.9892,웨닐,더블썬 트랙 브이넥 반팔티셔츠 4 Color [WASV_1502]
4710654,0.9892,아크메드라비,BASIC LOGO SEASON3 SHORT SLEEVE T-SHIRT (3COLOR)
4539572,0.9891,갈렉스,데일리 포켓 숏슬리브 블랙 GA4284 BK
5035162,0.9891,와일드락,Free Your Mind Cool cotton Overfit half T-shirts
5043862,0.9891,챈세스노이,오브리크 라인 반팔티셔츠 네이비/W251TP06NY
5144168,0.9891,아키아,460g 오버사이즈 롱 슬리브 - 피그먼트다잉 [ 문 그레이 ]
5220109,0.9891,파인드칠린,FCHl01 UV에어가드 티셔츠 실버그레이
5960018,0.9891,지블랙,베어풋 그래피티  7부 티셔츠(PINK)
5968365,0.9891,지블랙,스타셀렉션 빅 로고  7부 티셔츠(NAVY)
6183506,0.9891,언타이틀 서울,인듀어링 유니콘 링거 크롭 반팔 핑크
6296848,0.9891,프로-스펙스,여성 심리스 벤트홀 민소매
6397770,0.9891,더바이닐하우스,FADED STAR TEE MINT
6739665,0.9891,뎃츠잇,매일입는 피그먼트 반팔티 베이지
7013368,0.9891,휠라,에센셜 긴팔티(FS263RL01U001191)
1020883,0.9890,메리제임스,[유니섹스-오버핏] MARYJAMES BASIC HALF SLEEVE (6 COLOR)
2472734,0.9890,모빈스알,(후디 블랙) PENNA PRIMAVERA SWEAT HOODIE BLACK
4125922,0.9890,알렉스앤에이든,홀리데이 반팔티(아이보리)
4169494,0.9890,스포츠 일러스트레이티드,TENNIS WOMEN LOGO HALF SLEEVE COLLARED T-SHIRT (BLACK)
4171384,0.9890,바켄,Heart logo 반팔티셔츠 BK3971_블랙
5894155,0.9890,엠엘비,베이직 헤비웨이트 오버핏 반팔 티셔츠 NY (Black)
5918524,0.9890,지블랙,아카이브 패션위크   롱슬리브(WHITE-GREY PRINT)
6025596,0.9890,지블랙,스타셀렉션 빅로고  크렉스타 LIGHT PINK
6128868,0.9890,지블랙,패션위크 시티 서울 7부 티셔츠(PINK)
6134180,0.9890,지블랙,스타셀렉션 센타포인트 스타 오버핏 반팔(NEON YELLOW)
3897819,0.9889,세컨스킨,모달 모크넥 긴팔탑
3961537,0.9889,유씨엘에이,남녀공용 분또 스몰 로고 라운드 티셔츠[GREEN](UA4ST93_66)
5333331,0.9889,그리디어스,Leopard long sleeve
5543586,0.9889,다운블로우,스포츠 골프웨어 반집업 후드 베스트 DB2514-1W
5880718,0.9889,디스커버리 익스페디션,여성 스탬프 세미오버핏 반팔티셔츠 (WHITE)
5954671,0.9889,지블랙,제니스 블랙 ARCHIVE 7부 티셔츠BLACK)
5968521,0.9889,지블랙,스타셀렉션 빅 로고  7부 티셔츠(BLACK)
6025093,0.9889,지블랙,스타셀렉션 스타인스타  오버핏 반팔 CORAL RED
6061130,0.9889,디스커버리 익스페디션,여성 프레시벤트 네이처 세미크롭 반팔티셔츠 (WHITE)
6190393,0.9889,휠라,Coldwave 에센셜 소로나 반팔티(FS262RS02X012006)
3309265,0.9888,페이크캠퍼,우먼스 여성 크롭 오리지널 빈티지 반팔티셔츠 [BLACK]
4904918,0.9888,노스페이스,NT7VR02M 1997 메쉬 슬리브리스 LIME
5015659,0.9888,엄브로,비치클럽 아치 레터링 그래픽 반팔 티셔츠 아이보리(UQ223CRS51)
5142159,0.9888,더블유브이프로젝트,코커 반팔티셔츠 화이트 HSST7801
6043775,0.9888,디스커버리 익스페디션,여성 프레시벤트 경량 우븐 트레이닝 반팔 하이넥 아노락 (D/IVORY)
5812231,0.9887,한국농구연맹,[LINE FRIENDS] KBLㅣLINE FRIENDS 풋볼 티셔츠 (KT)마킹불가
5949267,0.9887,디스커버리 익스페디션,유니 헤비웨이트 스몰레터 반팔티셔츠 (D/NAVY)
6011497,0.9887,스트리트 스탠다드,STSD 에어로쿨 롱슬리브 티셔츠 화이트
6087580,0.9887,스페리,루즈핏 크루넥 반팔티_그레이 [SPRU_0005]
6437953,0.9887,밀로키,쿨 앤 쿨 반팔티 블랙
6440876,0.9887,르꼬끄,유니 르프레쉬 루스터즈 루즈핏 반팔티 - 블랙 QR223LRS63
4061770,0.9886,더바이닐하우스,STAR TEE BLACK (VH2EMUT507A)
4782569,0.9886,세르지오 타키니,W 레이프레쉬 다마린도 피케 반팔 티셔츠 (White)
5140098,0.9886,어반드레스,Vintage Crack Hero Loosefit T-shirt - 5COL
5315302,0.9886,쿠톤,브레드 피그먼트 오버핏 반팔 티셔츠
5911745,0.9886,지블랙,패션위크 CITY  롱슬리브(KHAKI-WHITE PRINT)
6133782,0.9886,레이지지,쿨 라이트 롱 슬리브 티셔츠 (3색상)
6134955,0.9886,스노우피크 어패럴,퀵드라이 여성 베이직 반팔 티셔츠 (S26MWTTS13) Brown
6677949,0.9886,베트랙트,슬로건 시즌 오버핏 반팔티 [WHITE]
6139802,0.9885,세르지오 타키니,W FRESCA KNIT 스트라이프 반팔 폴로 (Pink)
771278,0.9884,레이든,TENNIS PINUP S/S TEE-GREEN
1978484,0.9884,수에뇨스튜디오,오가닉 코튼 캘리패치 티셔츠(화이트)
4919937,0.9884,블랙야크,공용 멀티캠핑 그래픽 반팔티_OA
5240537,0.9884,로우랩,HOMMAGE 아플리케 반팔티셔츠 - 블랙
6017003,0.9884,제멋,보이 크롭 피그먼트 긴팔티셔츠 스톤네이비 KJLT2683
2476209,0.9883,모즈모즈,컬러칩 자수 오버핏 반팔티셔츠 크림
5418204,0.9883,스파이더,여성 모달 후드 티셔츠 SPKFCNHD352WIVY
5450982,0.9883,다운블로우,다운블로우 여성 스포츠 골프웨어 반집업 베스트 DB 2510W
6130362,0.9883,지블랙,제니스 블랙 오리지널 빅로고 오버핏 반팔(PINK)
6364048,0.9883,휠라,스트라이프 반팔티(FS262RS01X006006)
6641909,0.9883,이우트,OUT OF OFFICE T-SHIRT / RED
5980227,0.9882,살로몬,프라이머리 숏 슬리브 W_LD0067400
5981384,0.9882,디스커버리 익스페디션,여성 레터링 세미오버핏 반팔티셔츠 (BLACK)
6070865,0.9882,어널로이드,벌스스톤 티셔츠 / 화이트
6139810,0.9882,세르지오 타키니,W FRESCA KNIT 케이블 반팔 폴로 (D.Beige)
6414706,0.9882,엄브로,Tournament 멕시코 저지 그린 UR211CRJ64
6613898,0.9882,휠라,Coldwave+ 온더비치 반팔티(FS262RS01X023660)
4051472,0.9881,씨웨어 바이 더 지니어스,맨즈 크롭 피케 폴로 셔츠 블랙
5628867,0.9881,블로우,피그먼트 레터링 반팔 티셔츠_화이트
5977474,0.9881,지블랙,스타셀렉션 라이트 스타 오버핏 반팔 DUST BEIGE
6129832,0.9881,지블랙,패션위크 시티 뉴욕 7부 티셔츠(WHITE)
6162768,0.9881,이피티,[EPT X COCO CAPITAN] CHECKMATE FENCER T-SHIRT (BLACK)
6768822,0.9881,유씨엘에이,남녀공용 UCLA 에센셜 아트웍 오버핏 반팔티셔츠[WHITE](UC6ST93_31)
6852925,0.9881,잠뱅이,유니) 분또 스마일 레터링 세미오버핏 반팔 티셔츠 AP2WTS345-WH
5543609,0.9880,와르 포 우먼,WT-38 원숄더 레이어드 티셔츠(2COLORS)
5936684,0.9880,디아도라,쿨웨이브 반팔 아노락 IVORY
6227685,0.9880,휠라,테니스 Drywave 클럽매치 자카드 카라티(FS262TS11U001001)
6279545,0.9880,메아,SUMMER HAZE LAYERED T-SHIRT [WHITE]
6321398,0.9880,엑스파이,로고 크롭 반팔티셔츠 - 블랙
6392734,0.9880,필립페이커,러브 페이즐리 패턴 로고 반팔티셔츠 화이트
6858118,0.9880,노티카,아치 프레임 로고 티셔츠(3colors) NTS6026
1020118,0.9879,메리제임스,[남녀공용-오버핏] FLOW IN YOU HALF SLEEVE (6 COLOR)
4104017,0.9879,테일러 스튜디오,엔비엘 패치 티셔츠 (화이트)
4366207,0.9879,엘런아시,EA앨런가르드 7부 티셔츠
5005776,0.9879,밀레,LD 트리코트 반팔 티셔츠_MXUUT573
6134872,0.9879,스노우피크 어패럴,소로나 크레용 반팔 티셔츠 (S26MUFTS08) Purple
6153602,0.9879,키르시,워딩 루즈핏 피그먼트 티셔츠 [라이트 스카이]
6574329,0.9879,지노키오,(w)All day 슬림핏 레이어드 탑 (블랙)
6696717,0.9879,라이프워크,여성) 빈티지 플레임 크롭 반팔 티셔츠
7024090,0.9879,논바이러스,Scar Mesh T-shirt Black
5959339,0.9878,지블랙,스타셀렉션 STAR IN STAR 7부 티셔츠(NAVY)
6043769,0.9878,디스커버리 익스페디션,여성 프레시벤트 경량 우븐 트레이닝 반팔 후드 아노락 (Peach)
6175805,0.9878,제멋,실키바이오 카라 반팔티셔츠 블랙 HSST2695
6227671,0.9878,휠라,테니스 COOL 소로나 백그래픽 반팔티(FS262RS11X002001)
1513703,0.9877,오버그로우,오더블유드에스 티셔츠 [오트밀]
3913795,0.9877,쿨트,DOUBLE COLLEGE T-SHIRT PINK
4250267,0.9877,유에프씨 스포츠,UFC 쿨 소로나 93 레귤러핏 반팔 티셔츠 라이트그레이 U2SSW2111LG
5192544,0.9877,이에스씨 스튜디오,double neck t-shirt (white)
6101950,0.9877,카파,아트워크 로고 반팔 네이비
6108803,0.9877,디스커버리 익스페디션,여성 프레시벤트 포켓 우븐 반팔티셔츠 (BEIGE2)
6134225,0.9877,지블랙,스타셀렉션 스몰로고 스몰로고 오버핏 반팔(CORAL)
6139791,0.9877,세르지오 타키니,W FRESCA KNIT 스트라이프 반팔 (White)
6350989,0.9877,스핏싯,Retry Bug 티셔츠 5 COLOR
1039902,0.9876,바이브레이트,LIGHT UP LOGO T-SHIRT (BLACK)
5195530,0.9876,잠뱅이,유니) 분또 스마일 레터링 세미오버핏 반팔 티셔츠 AP2WTS345-WG
5436316,0.9876,쉬스,소맥사랑해 티셔츠 I LOVE SOMAEK PRINTING T-SHIRTS_25SS
6026796,0.9876,지블랙,제니스 블랙 언더라인 밀라노 오버핏 반팔 LIGHT PINK
6309514,0.9876,지블랙,런던 시그니쳐 반팔  티셔츠(WHITE)
6364080,0.9876,휠라,Coldwave+ 썸머 일러스트 반팔티(FS262RS01X026061)
6471551,0.9876,니티드,Mataiga 크롭 티셔츠 NAVY
6739515,0.9876,본엑스,Brx Silicone Logo T-Shirt (White)
1411828,0.9875,스트리트 스탠다드,D.S.L LOGO S/SLV T-SHIRTS
5959247,0.9875,지블랙,스타셀렉션 CRACK STAR 7부 티셔츠(NEON YELLOW)
6122882,0.9875,노스페이스,NT7US16M 제트 런 PT 반팔 티 IVORY
1020166,0.9874,메리제임스,[남녀공용-오버핏] ORDINARY CURSIVE HALF SLEEVE (5 COLOR)
4470378,0.9874,트립션,Circle Logo 후드티 - 9 컬러
5239051,0.9874,디더블유에스이,하트 그래픽 티셔츠(화이트)
5955694,0.9874,지블랙,스타셀렉션 WITH STAR 7부 티셔츠(BLACK)
6017894,0.9874,디스커버리 익스페디션,유니 에어로쿨 레터링 그래픽 반팔티셔츠 (WHITE)
6026777,0.9874,지블랙,스타셀렉션 더블스타 반팔 CORAL RED
6637361,0.9874,이우트,DANCING NOTE T-SHIRT / WHITE
784635,0.9873,메가폰,[UNISEX] MGPN 베이직 반팔티셔츠 - Mint
5050437,0.9873,체이스컬트,공용 피그먼트 반팔 티셔츠-그린
5954948,0.9873,지블랙,제니스 블랙 ARCHIVE 7부 티셔츠(NEON YELLOW)
5959189,0.9873,지블랙,스타셀렉션 CRACK STAR 7부 티셔츠(PINK)
6070904,0.9873,스노우피크 어패럴,에어로쿨 우븐 패치 반팔 티셔츠 (S26MUFTS24) Gray
6134223,0.9873,지블랙,스타셀렉션 스몰로고 스몰로고 오버핏 반팔(PINK)
6322784,0.9873,엑스파이,로고 쿨에버 러너 반팔티셔츠 - 더스트블루
6645142,0.9873,1989스탠다드,1989 CLUB 쿨 코튼 오버핏 반소매 (SISSTD-0272)
3309260,0.9872,페이크캠퍼,우먼스 캠퍼 로고 반팔티셔츠 [WHITE]
5457152,0.9872,엠페브,라이트 플로우 슬리브리스 화이트
5910883,0.9872,카비시,SUN LIGHT RAGLAN SS TEE PINK(CV2GMFT511A)
6077325,0.9872,유에프씨 스포츠,UFC 피지컬 레귤러핏 반팔 티셔츠 화이트 U2SSX2132WH
6081445,0.9872,유니폼브릿지,ubc multi stripe s/s t-shirt(womens) blue
6158384,0.9872,스노우피크 어패럴,코튼 보타닉 그래픽 반팔 티셔츠 (S26MUFTS60) Light Beige
6228620,0.9872,엄브로,크리스피 타슬란 로고 반팔 티셔츠 화이트 UR224CRS59
6322777,0.9872,엑스파이,로고 쿨에버 러너 반팔티셔츠 - 블랙
6486215,0.9872,리브라이크디스,BLESSD SLEEVELESS WHITE
6927997,0.9872,모아,Multi-Stripe Single-Stitch T-Shirt (PINK)
5153765,0.9871,꼼파뇨,하트 클레프 CROP 링거 반팔티 네이비
5273340,0.9871,트립션,Relaxed Travel 로고 티셔츠 - 8 컬러
5344342,0.9871,바이엘,럭키 77 후드 네이비
5418191,0.9871,스파이더,여성 모달 후드 티셔츠 SPKFCNHD352WBLK
6309046,0.9871,지블랙,제니스 블랙 유니버설 어스 오버핏 반팔 CORAL RED
6565397,0.9871,더블제이디,렌즈포인트 워싱 반팔
6763079,0.9871,베트랙트,모터 스포츠 오버핏 반팔티 [WHITE]
5158124,0.9870,언티지,텐셀 로고 오버사이즈 티셔츠[White(UNISEX)]_UTT-ST33
5393211,0.9870,베이직하우스,여성 40수 릴렉스핏 크루넥 반팔티셔츠 베이지 LATS0209
6139787,0.9870,세르지오 타키니,W FRESCA KNIT 스트라이프 반팔 폴로 (White)
6215751,0.9870,이븐시아,20수 하트 로고 그래픽 티셔츠
6416059,0.9870,온다웨이브,Typing Wave 그래픽 티셔츠 (차콜)
6475810,0.9870,디아도라,워싱 그래픽 반팔 티셔츠 GREY
6486216,0.9870,리브라이크디스,BLESSD SLEEVELESS BLACK
3391453,0.9869,웨닐,웨닐스 오버핏 반팔티셔츠 4 Color [WASE_2001]
5011045,0.9869,꼼소넛,Opening Hours Printed Half Cotton T shirt CSOt-310 (ivory) [Unisex]
5145561,0.9869,수아트,아이썬유 티셔츠 화이트
6309081,0.9869,지블랙,제니스 블랙 유니버설 어스 오버핏 반팔 DUST BEIGE
6324137,0.9869,모즈모즈,카모 배색 레글런 피그먼트 오버핏 반팔티셔츠 베이지
4782572,0.9868,세르지오 타키니,W 레이프레쉬 캄포 피케 반팔 티셔츠 (Black)
5197320,0.9868,슬릭바이브,SLV 버터플라이 프린팅 반팔티셔츠[화이트]
5820240,0.9868,앤더슨벨,LAYERED OFF-SHOULDER COLLAR TOP atb1481w(KHAKI/PINK)
5953817,0.9868,지블랙,제니스 빅로고 7부 티셔츠(PINK)
5954406,0.9868,지블랙,제니스 블랙 UNIVERSAL EARTH7부 티셔츠(CORAL RED)
6092455,0.9868,문선,M.C Classic Logo Henley T-Shirt / WHITE
6139795,0.9868,세르지오 타키니,W FRESCA KNIT 스트라이프 반팔 (L.Indigo)
6238043,0.9868,1993스튜디오,[FC서울x1993스튜디오] 폴리 트랙 파이핑 저지 티셔츠_화이트
6440363,0.9868,뮤직프리크,A Band of Angels T-Shirt - White
2476210,0.9867,모즈모즈,컬러칩 자수 오버핏 반팔티셔츠 올리브
3333965,0.9867,웨닐,샬럿 오버핏 트랙 반팔티셔츠 4 Color [WASE_3501]
5196939,0.9867,게스,4color 유니 레귤러핏 라운드넥 고무삼각와펜 반팔티 NP2KE401
5462210,0.9867,베이직하우스,여성 40수 릴렉스핏 크루넥 반팔티셔츠 아이보리 LATS0209
5899522,0.9867,아크메드라비,A PIECE OF CAKE SHORT SLEEVE T-SHIRT (4COLOR)
5969609,0.9867,아크메드라비,ADLV HENLEY NECK WAFFLE LONG SLEEVE T-SHIRT (3 COLOR)
6026781,0.9867,지블랙,스타셀렉션 더블스타 반팔 WHITE
6309768,0.9867,지블랙,뉴욕 시그니쳐 반팔  티셔츠(WHITE)
6486407,0.9867,온다웨이브,스몰 로고 절개 롱 슬리브 (화이트)
1785501,0.9866,기프트오리지널,[SET] (UNISEX) G 로고 스웨트 후디(쭈리VER) + (UNISEX) G 로고 스웨트 팬츠(쭈리VER)
5132707,0.9866,에트오소메,Lettering Logo Printed Tank Top Black)
5273344,0.9866,트립션,Intake Vegetables 그래픽 티셔츠 - 8 컬러
6045764,0.9866,엄브로,클래식 반팔 피스테 네이비 UR121CWT32
6486271,0.9866,유라이프지,오르 피그먼트 다잉 반팔 티셔츠 5 Color [ULZF_1001]
4223579,0.9865,트립션,Snack Device 그래픽 티셔츠 - 8 컬러
5114778,0.9865,더블유브이프로젝트,릴렉션 반팔티셔츠 블랙 MJST7798
5333311,0.9865,그리디어스,Blossom Short Sleeve Top 01
5954489,0.9865,지블랙,제니스 블랙 UNIVERSAL EARTH7부 티셔츠(NEON YELLOW)
6026808,0.9865,지블랙,제니스 블랙 언더라인 밀라노 오버핏 반팔 NAVY
6136450,0.9865,샌드 사운드,(UNISEX) EVERYONE 반소매 티셔츠  브라운
6322859,0.9865,엑스파이,파워로고 메쉬 반팔티셔츠 - 퍼플
6407953,0.9865,유씨엘에이,남녀공용 UCAL 스크리블 오버핏 티셔츠[SKY BLUE](UC6STA7)
6451269,0.9865,유씨엘에이,남녀공용 UCLA 스크리블 오버핏 티셔츠(UC6STA7)
4191094,0.9864,더마일,MILES 98 RAW CREW [WHITE/GREEN]
4871708,0.9864,컬럼비아 유니버시티,STREET ARCH LOGO S/S T-SHIRTS 화이트
3271949,0.9863,더블유브이프로젝트,져니홈 반팔티셔츠 라이트베이지 MJST7665
5134710,0.9863,엄브로,쿨 메쉬 그래픽 반팔 티셔츠 그레이(UQ221CRS64)
5959168,0.9863,지블랙,스타셀렉션 CRACK STAR 7부 티셔츠(DUST BEIGE)
5959357,0.9863,지블랙,스타셀렉션 STAR IN STAR 7부 티셔츠(PINK)
6086810,0.9863,더블제이디,사출 로고 반팔 티셔츠
6162769,0.9863,이피티,[EPT X COCO CAPITAN] CHECKMATE FENCER T-SHIRT (WHITE)
6169245,0.9863,더블유브이프로젝트,박시 크롭 반팔티셔츠 세이지그린 MMST7858
4151071,0.9862,리에마르,시그니처 블루 코튼 티셔츠
5203340,0.9862,리드로,Rounding T-shirts _ White
5223521,0.9862,랜덤오프,PIXIE BIT PAINTING OVER FIT T-SHIRT (3color)
5297974,0.9862,수아트,파도 티셔츠
5966269,0.9862,지블랙,제니스 블랙 언더라인 밀라노 7부 티셔츠(BLACK)
3365191,0.9861,어레이드,A.G.I 컨퓨젼 티셔츠 [WHITE]
4250274,0.9861,유에프씨 스포츠,UFC 쿨 소로나 93 레귤러핏 반팔 티셔츠 베이지 U2SSW2111BE
4470376,0.9861,트립션,SSSS Logo 후드티 - 9 컬러
5333309,0.9861,그리디어스,Blossom Short Sleeve Top 02
5979639,0.9861,디아도라,테니스타 긴팔 피스테 OFF WHITE
6088127,0.9861,에스티코,DIEMS 젠더리스 래글런 쮸리 반팔 티셔츠 블루 (오버핏)_LTSWB06CSL
6487512,0.9861,오티디,스몰그래피티로고 오버핏 반팔 티셔츠 백메란지
4470377,0.9860,트립션,Scintillation Logo 후드티 - 9 컬러
5228480,0.9860,에이던엠,썸머 데일리 스트라이프 크롭 티셔츠 블루
5274077,0.9860,데상트골프,여성 트리코트 반집업 티셔츠 (DQ32WFNL8C)
6169123,0.9860,에버루프,판다보드 반팔티 EL
6496184,0.9860,소티에,Natural Textured Half T [Grey]
1413500,0.9859,스트리트 스탠다드,S-EDITION S/SLV T-SHIRTS
4184629,0.9859,더마일,MILEGARMENT EST CREW [PIGMETN D.GREY]
5910879,0.9859,카비시,STAR STUDDED SS TEE CAMO(CV2GMUT504A)
5959206,0.9859,지블랙,스타셀렉션 CRACK STAR 7부 티셔츠(NAVY)
6075396,0.9859,더바이닐하우스,FINGERPRINT SLUB LS TEE BEIGE
6123713,0.9859,1989스탠다드,CHECKMATE 우먼 반소매 (SWCSTD-0226)
6128631,0.9859,지블랙,패션위크 시티 서울 7부 티셔츠(NAVY)
6296493,0.9859,지오다노,코튼스판 팬던트 링거 반팔 티셔츠(STR) 326545 [2color]
6350984,0.9859,스핏싯,Chewing the Classic 티셔츠 5 COLOR
6470889,0.9859,바이모노,[우먼 FREE-8XL] 쏙쏙숨티 자동넣입 드롭 반팔티
4795529,0.9858,더마일,ROCK STAY SWEAT HOOD [GRAY]
4975952,0.9858,코닥,에어크롬 소로나 반팔 티셔츠 ORANGE
6025678,0.9858,지블랙,스타셀렉션 빅로고  크렉스타 NAVY
6029279,0.9858,디스커버리 익스페디션,여성 시어서커 우븐 카라티 (D/NAVY)
6266583,0.9858,유씨엘에이,남녀공용 스트릿 베스켓볼 그래픽 티셔츠[BLACK](UC5STA3)
6451260,0.9858,유씨엘에이,남녀공용 UCLA 버블 레터링 오버핏 티셔츠(2COLOR)(UC6STA5)
6468467,0.9858,유씨엘에이,남녀공용 스트릿 베스켓볼 그래픽 티셔츠(UC5STA3)
5240361,0.9857,로우랩,LEGACY 로고 반팔티셔츠 - 크림
5393213,0.9857,베이직하우스,여성 U넥 오버핏 스판 반팔티셔츠 브라운 LATS0210
6306154,0.9857,노앙,COLLEGE LOGO T-SHIRT BEIGE
6475640,0.9857,엄브로,[COOLING] 아이스코튼 루즈핏 그래픽 반팔 티셔츠 화이트 UR221CRS62
2033707,0.9856,플루크,어드벤쳐 폰트 피그먼트 오버핏 반팔티셔츠 라이트네이비 FST705
5088673,0.9856,디오스피스,(DUC) Symbol T-Shirt Black
5116433,0.9856,무라,블러핑 티셔츠 화이트
5436379,0.9856,제멋,메이커라인 긴팔티셔츠 아이보리 JILT2652
6026802,0.9856,지블랙,제니스 블랙 언더라인 밀라노 오버핏 반팔 CORAL RED
6043762,0.9856,디스커버리 익스페디션,여성 프레시벤트 경량 우븐 트레이닝 반팔 후드 아노락 (BLACK)
6252891,0.9856,쉬스,접근금지 티셔츠 NO ENTRY PRINTING T-SHIRTS_26SS
6425022,0.9856,체이스컬트,공용 팁 배색 쿨 카라 반팔 티셔츠-FBZU5701D04
6604965,0.9856,잠뱅이,[26SS] 유니) 소로나 썸머 그래픽 세미오버핏 반팔 티셔츠 AQ2WTS449-OW
2493341,0.9855,웨닐,썬로고 세미크롭 트랙 반팔티셔츠 6 Color [WASE_6002]
5911624,0.9855,지블랙,베어풋 그래피티 롱슬리브(WHITE-BLACK PRINT)
6026812,0.9855,지블랙,스프레인 프린트 오버핏 반팔 DUST BEIGE
6092395,0.9855,빈폴 멘,싱글 스트라이프 반소매 티셔츠  네이비
6190383,0.9855,휠라,Drywave 등판 그래픽 기능성 반팔티(FS262RS02X004191)
6414699,0.9855,엄브로,Tournament 브라질 저지 옐로우 UR211CRJ62
2612195,0.9854,크림소다랩,오버랩 반팔티 그레이 블랙
2632739,0.9854,티니타이거,Korea traditional Hahoetal short sleeve t-shirts (White)
5812242,0.9854,한국농구연맹,[LINE FRIENDS] KBLㅣLINE FRIENDS 풋볼 티셔츠 (KCC)마킹불가
6022333,0.9854,지블랙,제니스 블랙 베어풋 오버핏 반팔 블랙
6381117,0.9854,로서울,Henlyneck t-shirt Melange gray
4185611,0.9853,어뉴브로스,어뉴스 오버핏 반팔티셔츠 4 Color [ANSE_2001]
4190535,0.9853,낫유즈얼,토마토샵 반팔티 [WHITE]
6129258,0.9853,지블랙,패션위크 시티 파리 7부 티셔츠(BLACK)
6308606,0.9853,체이스컬트,공용 멀티 스트라이프 반팔 티셔츠-FBRU5819D04
6338881,0.9853,할리데이비슨 컬렉션스®,플랫트랙 스트라이프 티셔츠 그린_HH16111060
3380399,0.9852,어레이드,A.G.I 컨퓨젼 티셔츠 [GRAY/BLACK]
4191233,0.9852,화합,(ACT02 STONE) 풍화 반팔 티셔츠 02
5240560,0.9852,로우랩,HOMMAGE 아플리케 반팔티셔츠 - 멜란지그레이
5959613,0.9852,지블랙,스타셀렉션  BOX STAR 7부 티셔츠(WHITE)
6038724,0.9852,이븐시아,(2PACK) 소로나 로고 숏슬리브 반팔티
6129552,0.9852,지블랙,패션위크 시티 뉴욕 7부 티셔츠(PINK)
6237928,0.9852,1993스튜디오,[FC서울x1993스튜디오] 폴리 블록형 오버핏 저지 티셔츠_화이트
6987795,0.9852,빈폴 멘,[Essential] 남녀공용 라운드넥 티셔츠  네이비
5653629,0.9851,아크메드라비,NEW FUZZY RABBIT HOODIE (2COLOR)
6325814,0.9851,체이스컬트,공용 쿨링 코튼 반팔 후드 티셔츠-FBRU5812D0E
3352459,0.9850,아파트먼트,뉴샌드 반팔 티셔츠 - 5컬러
4450849,0.9850,더블유브이프로젝트,[SET] 낫파운드 맨투맨+위드버니 후드 (JIMT7756+MJHD7748)
6025794,0.9850,지블랙,스타셀렉션 빅로고  위드스타 DUST BEIGE
6172648,0.9850,플랫웨이브 인 서울,Loma Stripe Ringer T-Shirts Charcoal
6198952,0.9850,엄브로,하이웨이 쿼드러플 반팔 티셔츠 블랙 UR223CRS43
6309002,0.9850,지블랙,제니스 블랙 유니버설 어스 오버핏 반팔 NEON YELLOW
4683352,0.9849,아키아,980g 오버사이즈 후드 - 피그먼트다잉 [ 문 그레이 ]
6190245,0.9849,휠라,링거 트랙 반팔티(FS262RS01U010613)
6193733,0.9849,언리미트,CROWN TEE (U26BTTS606)
3329109,0.9848,웨닐,웰니스클럽 오버핏 반팔티셔츠 4 Color [WASE_2003]
4107376,0.9848,수아트,스테레오타입 피그먼트 워싱 티셔츠 챠콜
5240406,0.9848,로우랩,HOMMAGE 비즈 반팔티셔츠 - 화이트
5407102,0.9848,제멋,보이 크롭 긴팔티셔츠 블랙 KJLT2672
5954346,0.9848,지블랙,제니스 블랙 UNIVERSAL EARTH7부 티셔츠(PINK)
6123744,0.9848,1989스탠다드,LUCKY 쿨코튼 크롭 반소매 (SCTSTD-0245)
6166081,0.9848,언타이틀 서울,아카이브 유니콘 링거 크롭 반팔 버건디
6282602,0.9848,지블랙,서울 시그니쳐 반팔  티셔츠(NEO YELLOW)
1917767,0.9847,에프엠9102,FIRST LOVE
3973655,0.9847,클레버필드,빈티지 시그니쳐 포인트 반팔티_크림
4795652,0.9847,더마일,ROCK STAY SWEAT HOOD [OATMEAL]
5959689,0.9847,지블랙,스타셀렉션  BOX STAR 7부 티셔츠(PINK)
5983007,0.9847,에이카화이트,(Woman) AECA CLASSIC LOGO DISTRESSED HALF SLEEVE TEE-BLACK
6053723,0.9847,디오디,사카나 컬렉션 반팔 티셔츠 (LIGHT PINK)
6062372,0.9847,스노우피크 어패럴,코튼 캠핑 용품 반팔 티셔츠 (S26MUFTS78) White
6266595,0.9847,유씨엘에이,남녀공용 스트릿 베스켓볼 그래픽 티셔츠[MUSTARD](UC5STA3)
6331260,0.9847,라임라잇 어패럴,LLR 아치 로고 러닝 티셔츠 (화이트/블랙)
6371244,0.9847,엄브로,[QUICK-DRY] HBL 아카이브 로고 프레쉬 반팔 티셔츠 화이트 UR224CRS52
6381118,0.9847,로서울,Henlyneck t-shirt Ivory
6633421,0.9847,엄브로,썸머 PICK 후르츠 쿨피마 반팔 티셔츠 베이지 UR323CRS71
4191687,0.9846,론앤디마리,[남녀공용] 빈티지 아트웍 티셔츠 콜렉션 (포스트 스탬프 ver)
5167709,0.9846,엄브로,레터링 링거 반팔 티셔츠 화이트(UQ321CRS76)
6026809,0.9846,지블랙,제니스 블랙 언더라인 밀라노 오버핏 반팔 NEON YELLOW
6190181,0.9846,휠라,Coldwave+ 우븐 긴팔 피스테(FS262PO02X001001)
6351000,0.9846,스핏싯,unseparable 티셔츠 5 COLOR
6710609,0.9846,와이쏘씨리얼즈,틈 사이 희미한 블루빛 티셔츠
4298135,0.9845,에이오지프로젝트,빈티지 프린트 오버사이즈 티셔츠 (카키)
5977470,0.9845,지블랙,스타셀렉션 라이트 스타 오버핏 반팔 WHITE
6228615,0.9845,엄브로,크리스피 타슬란 로고 반팔 티셔츠 네이비 UR224CRS59
4991849,0.9844,스노우피크 어패럴,아스킨 빅로고 반팔 티셔츠 (S25MUFTS67) Off White
6153605,0.9844,키르시,워딩 루즈핏 피그먼트 티셔츠 [블랙]
6637681,0.9844,언티지,와이드 숄더 실키 민소매 티셔츠[Olive Green(UNISEX)]_UTT-ST72
4103994,0.9843,돌돌,WOOPS-T-87  스케이트보드 고양이 웁스 캐릭터 그래픽티셔츠
4282386,0.9843,카트리나케이,화이트 레이스 뷔스티에  반팔티셔츠-2color
6134373,0.9843,할리데이비슨 컬렉션스®,OL 아메리칸 레전드 티셔츠 레드_HH16111053
6438059,0.9843,밀로키,쿨 앤 쿨 반팔티 모카
6475804,0.9843,디아도라,클라시코 우븐 반팔 피스테 OFF WHITE
6499536,0.9843,에버루프,스틸샤이닝 반팔티 EL
564062,0.9842,콴토데로코스,MAD TIGER_TEE_WHITE
3380907,0.9842,메리제임스,[남녀공용-오버핏] JAMESROUND HALF SLEEVE (8 COLOR)
5897302,0.9842,그루브라임,여성 18수 덤비베어 와펜 반팔 티셔츠 (5COLOR) (LRBMCTR503M)
6068831,0.9842,토치,NEVER HILL Long Sleeve［BLACK］
6177154,0.9842,원헌드레드퍼센트,OHPxJOY 판다풍선껌 세미오버 반팔티
6322781,0.9842,엑스파이,로고 쿨에버 러너 반팔티셔츠 - 모카
771276,0.9841,레이든,TENNIS PINUP S/S TEE-BLACK
4871836,0.9841,컬럼비아 유니버시티,CU VTG CRACK LOGO MINERAL WASHED S/S T-SHIRTS 그레이
5095438,0.9841,온리드프로젝트,스몰 자수 로고 티셔츠 - 브라운
5132103,0.9841,스트리트 스탠다드,스탠다드 스트라이프 블랙
5240437,0.9841,로우랩,HOMMAGE 컷오프 슬리브리스 - 블랙
5284224,0.9841,브로큰비트,콰이엇 반팔 티셔츠[차콜]
5462215,0.9841,베이직하우스,여성 40수 릴렉스핏 크루넥 반팔티셔츠 브라운 LATS0209
4092725,0.9840,게인스보로,[쿨코튼] 피그먼트 오리지날 스타로고 티셔츠_코랄핑크
5075103,0.9840,프리덤,아치로고 세미오버핏 티셔츠 (화이트)
5995354,0.9840,필립페이커,비엠씨 러브 반팔티셔츠 피그먼트 빈티지 그레이
6438103,0.9840,밀로키,쿨 앤 쿨 반팔티 그레이
4794925,0.9839,더마일,마일던 아카이브 스웨트 후드 [PIGMENT D.GRAY]
5116426,0.9839,무라,베가스 티셔츠 레드
5333332,0.9839,그리디어스,Blossom Short Sleeve Top 01
5739690,0.9839,수아트,충치 티셔츠
6022329,0.9839,지블랙,제니스 블랙 베어풋 오버핏 반팔 더스트 베이지
6025620,0.9839,지블랙,스타셀렉션 빅로고  크렉스타 CORAL RED
6076822,0.9839,디스커버리 익스페디션,여성 슬리브리스 카라티 (BURGUNDY)
6605007,0.9839,잠뱅이,[26SS] 유니) 빈티지 플라워 그래픽 피그먼트 다잉 오버핏 반팔 티셔츠 AQ2WTS443-CH
4916349,0.9838,다운블로우,여성 스포츠 기능성 골프웨어 시스루 메쉬 망사 귀걸이 조끼 DB2507-2W
5067149,0.9838,언티지,U넥 울 텐셀 슬러브 티셔츠[Melange Blue(UNISEX)]_UTT-ST57
6309143,0.9838,지블랙,제니스 블랙 유니버설 어스 오버핏 반팔 LIGHT PINK
6432061,0.9838,베른,VERN ORIGIN GRAPHIC COTTON T-SHIRT (GRAY)
2552536,0.9837,크림소다랩,LAB모토 캠프 스몰로고 반팔티 화이트 블랙
3966159,0.9837,프리덤,메쉬 럭비 져지 (화이트)
5535029,0.9837,제멋,디프라그먼트 맨투맨 크림그레이 ISMT2665
6129434,0.9837,마크곤잘레스,코리아 에디션 무궁화 반팔 티셔츠 - SKY BLUE
5132099,0.9836,스트리트 스탠다드,스탠다드 링거 티셔츠 블랙
5197331,0.9836,슬릭바이브,SLV 디스톨티드로고 프린팅 반팔티셔츠[화이트]
5949292,0.9836,디스커버리 익스페디션,유니 프레시벤트 D심볼 반팔티셔츠 (Peach)
6282648,0.9836,지블랙,서울 시그니쳐 반팔  티셔츠(NAVY)
4223582,0.9835,트립션,Pride Egg 그래픽 티셔츠 - 8 컬러
4298818,0.9835,어뉴브로스,어뉴컴팩트로고 트랙 오버핏 후드티셔츠 4 Color [ANBI_8002]
5199543,0.9835,저스트행,빅로고 그린 오버핏 반팔티
4209546,0.9834,오리지널데이,종이봉투 고양이 그래픽 티셔츠 오버핏 남녀공용 White
4243046,0.9834,카트리나케이,빈티지 하트 반팔티셔츠-2color
5908392,0.9834,브롬톤 런던,BASIC HALF SLEEVE T-SHIRT - ORANGE (P265UTS101)
5955424,0.9834,지블랙,스타셀렉션 WITH STAR 7부 티셔츠(NEON YELLOW)
6167564,0.9834,크림소다랩,라그드 바스켓볼84 반팔 티셔츠 화이트
4092701,0.9833,게인스보로,서클 스타로고 스트라이프 폴로 티셔츠_핑크
6026231,0.9833,펭귄 바이 먼싱웨어,공용 피터보기 라운드 티셔츠 화이트 MR123PTS31
6212378,0.9833,르꼬끄,유니 씬플렉스 루즈핏 경량 반팔 피스테 - 민트 QR223LWT51
4916517,0.9832,스파이더,공용 백 그래픽 티셔츠 SPHMCNRS331UGRY
5010419,0.9832,1993스튜디오,[LG트윈스x1993스튜디오] 스트라이프 티셔츠_블랙
5960460,0.9832,지블랙,스프레이 그래피티  7부 티셔츠(DUST BEIGE)
6134194,0.9832,지블랙,스타셀렉션 스몰로고 스몰로고 오버핏 반팔(BLACK)
5176078,0.9831,포영,MEOW! Tee Black (Unisex)
5197190,0.9831,슬릭바이브,SLV 샤이닝이글 프린팅 반팔티셔츠[화이트]
6490569,0.9831,오티디,파이팅 오버핏 반팔 티셔츠 화이트
6798043,0.9831,이피티,HEART NIBBLE SLEEVELESS (PINK)
4162417,0.9830,낫유즈얼,토마토팩 반팔티[NAVY]
5127717,0.9830,마크엠,여성 슬로건 래글런 후디 집업 (MJIBH8250)
6006497,0.9830,더비 아카이브,여성 골지 헨리넥 긴팔 티셔츠 블랙
6193730,0.9830,언리미트,SP LOGO TEE (U26BTTS608)
6239662,0.9830,유에프씨 스포츠,UFC 불가항력 2.0 릴렉스핏 반팔 티셔츠 블랙 U2SSX2304BK
6249496,0.9830,언더오프,오버핏 크루넥 유니버시티카모 반팔 티셔츠 화이트핑크
2294009,0.9829,뷔벨로체,DV 오버핏 반팔 티 블랙
4302921,0.9829,게스,GO 미니로고 스트라이프 베이비 반팔티 YN2K2332
4871775,0.9829,컬럼비아 유니버시티,B/S NYC 1754 S/S T-SHIRTS 내추럴베이지
5393125,0.9829,베이직하우스,우먼 라운드 크롭 반팔티셔츠 옐로우 LATS0202
5911746,0.9829,지블랙,패션위크 CITY  롱슬리브(BLACK-WHITE PRINT)
6472543,0.9829,에즈아이원,소다팝 레귤러 핏 반팔티셔츠
4905995,0.9828,본챔스,[2 COLORS] HEART CHIP 오버핏 반팔티셔츠 B25ST40
6350197,0.9828,크림소다랩,뎁스 C 클럽 로고 워싱 반팔 티셔츠 카키
4041950,0.9827,에프디알,Disk Logo Applique Short Sleeve White
4680807,0.9827,엄브로,웨이파인더 가먼트다잉 레터링 반팔 티셔츠 아이보리(UQ121CRS11)
5324949,0.9827,커버낫,시그니처 심볼 후디 Dark Blue
6014552,0.9827,펭귄 바이 먼싱웨어,여성 에센셜 카라 티셔츠 딥그린 MR122PTS35
6350983,0.9827,스핏싯,404 Cat Not Found 티셔츠 5 COLOR
771267,0.9826,레이든,BASIC L LOGO S/S TEE-BLACK
1823999,0.9826,어나더리더,어나더 레트로 티셔츠(화이트)
3996731,0.9826,세르지오 타키니,MC 타이브레이크 스태프 반팔 폴로셔츠 (L.Blue)
4168553,0.9826,어뉴브로스,매니페스트 오버핏 반팔티셔츠 6 Color [ANSE_2003]
5059691,0.9826,펜필드,메사추세츠 그래픽 워시드 빈티지 반팔티 화이트_FR2KT97U
5142162,0.9826,더블유브이프로젝트,워커홀릭 반팔티셔츠 화이트 HSST7809
6249439,0.9826,언더오프,오버핏 크루넥 유니버시티카모 반팔 티셔츠 화이트카키
6497121,0.9826,리복,비치 그래픽 아이스코튼 반팔티 - 버터
1991895,0.9825,비디비,SIGNATURE LOGO TEE BLACK
3348178,0.9825,그라픽,도브 오버핏 트랙 반팔티셔츠 4 Color [GRSE_3502]
4355040,0.9825,아크메드라비,ROUND SCRIPT BOUCLE LOGO HOODIE (3 COLOR)
5198760,0.9825,골든베어,Women Woven T-Shirt G5TAW25721BKX
5543611,0.9825,와르 포 우먼,WT-36 레이어드 터틀넥 티셔츠(2COLORS)
6162149,0.9825,이피티,SEL PIGMENT SUN LOGO POLO TEE (L/GREY)
6227636,0.9825,휠라,피그먼트 워싱 레터링 반팔티(FS262RS01X001717)
3331415,0.9824,어뉴브로스,베이직 스탠다드 7부티 2 Color [ANSE_9701]
5189325,0.9824,어고우,드리프트 메쉬 싱글렛
6167704,0.9824,크림소다랩,스피드 999 그래픽 반팔 티셔츠 블랙
6363937,0.9824,토니로렌스,피그먼트 그래픽 반팔 티셔츠 퍼플
564060,0.9823,콴토데로코스,SPACE TRAVERLER_TEE_WHITE
5016382,0.9823,레큘리,Layered Hoodie Black
5088472,0.9823,플랫웨이브 인 서울,Aren Print T-Shirts White
5910881,0.9823,카비시,VINTAGE FLOWER RAGLAN SS TEE GREY(CV2GMFT510A)
5924442,0.9823,엄브로,2PACK 반팔 티셔츠 화이트 UR111CRS20
6158380,0.9823,스노우피크 어패럴,코튼 네이처 그래픽 반팔 티셔츠 (S26MUFTS64) Light Beige
6193727,0.9823,언리미트,BASEBALL TEE (U26BTTS612)
6017085,0.9822,더블유브이프로젝트,루스터 긴팔티셔츠 크림 JILT7843
6076830,0.9822,디스커버리 익스페디션,유니 프레시벤트 아치 그래픽 반팔티셔츠 (M/GREY)
6642810,0.9822,이우트,GRAFFITI PHOTO GALLERY T-SHIRT / WHITE
998871,0.9821,메리제임스,[남녀공용-오버핏] NEWJAMES HALF SLEEVE (6 COLOR)
1880999,0.9821,코랄리안,런오프 아트웍 매쉬 면 반팔 티셔츠 블랙
1914452,0.9821,리즈리스,벨벳 스트링 피케셔츠 [블루]
5911748,0.9821,지블랙,패션위크 CITY  롱슬리브(BLACK-GREY PRINT)
6190090,0.9821,마크곤잘레스,FC MG 반팔 티셔츠 - SKY BLUE
6285851,0.9821,엄브로,HBL 스타챔프 그래픽 반팔 티셔츠 아이보리 UR211CRS51
6768062,0.9821,엄브로,컴팩트 오버핏 반팔 티셔츠 차콜 UR321CRS73
2631926,0.9820,크림소다랩,LAB 씨알 스몰 오로라 박스 반팔티 라이트 그레이
5960158,0.9820,지블랙,베어풋 그래피티  7부 티셔츠(BLACK)
6309778,0.9820,지블랙,뉴욕 시그니쳐 반팔  티셔츠(BLACK)
6461505,0.9820,크루멤버스온리,(W)ALLDAY TERRY SET UP BEIGE
1040479,0.9819,바이브레이트,HAND DISC BACK LOGO T-SHIRT (PINK)
2275845,0.9819,어굿데이,AGD RAINBOW 로고 티셔츠 (2COLOR)
4162181,0.9819,낫유즈얼,다이노 반팔티[WHITE]
6015880,0.9818,디스커버리 익스페디션,유니 프레시벤트 경량 우븐 트레이닝 반팔 후드 아노락 (BLACK)
6026784,0.9818,지블랙,스타셀렉션 더블스타 반팔 BLACK
6129353,0.9818,디오스피스,(DUC) BoneyBoogie x WJ Band T-shirt Black
6363582,0.9818,1011갤러리,Women Gallery Sylvester Cat T-Shirts - Blue
6908445,0.9818,언더클링,NOT HARD 세미 크롭 링거 티셔츠 (와인)
2422873,0.9817,아시하,[M] AH 텍스타일(TEXTILE) 후디
4876858,0.9817,쿠톤,패터링 오버핏 헤비 반팔티셔츠
5959414,0.9817,지블랙,스타셀렉션 STAR IN STAR 7부 티셔츠(NEON YELLOW)
5987014,0.9817,더블제이디,프라모델 부클곰 반팔티 (블랙)
6786708,0.9817,떼떼떼,남산 그래픽 반팔티 (블랙)
1040571,0.9816,메리제임스,[남녀공용] ECOUTER HALF SLEEVE (4 COLOR)
5973735,0.9816,디스커버리 익스페디션,유니 컬러 클라우드 그래픽 반팔티셔츠 (D/BROWN)
6172650,0.9816,플랫웨이브 인 서울,Nilo Print T-Shirts Black
5876671,0.9815,르꼬끄,유니 에센셜 루즈핏 후드 티셔츠 - 블랙 QR123LHD11
5911532,0.9815,지블랙,스프레이 그래피티  롱슬리브(Khaki)
6440354,0.9815,뮤직프리크,Lo-Fi Kitty Jam T-Shirt - Charcoal
4178376,0.9814,더마일,ATHLETIC MILE CREW [PIGMENT D.GREY]
4237338,0.9814,아르메데스,아트그래픽 기능성 반팔 티셔츠 (809)
4701036,0.9814,수프라,소매 레터링 긴팔 티셔츠(PINK)
5061362,0.9814,블랙모먼트,썸머 꽈배기 헨리넥 니트 반팔티 [코랄 레드]
5153857,0.9814,엄브로,쿨피케 레터 반팔 티셔츠 라이트 그린(UQ321CRS73)
6038722,0.9814,이븐시아,소로나 로고 숏슬리브 반팔티
6309915,0.9814,지블랙,뉴욕 시그니쳐 반팔  티셔츠(CORAL RED)
6438161,0.9814,밀로키,쿨 앤 쿨 반팔티 라임
1020125,0.9813,메리제임스,MARYJAMES BASIC HALF SLEEVE - MUSTARD
4923434,0.9813,리복,일립스 세미 크롭 티셔츠 (W) - 라이트 블루
5427430,0.9813,프라임에이트,ASPECT NUMBER.888 오버핏 롱 슬리브 4 COLORS
5707645,0.9813,페이탈고스트,Gaia WT
6487654,0.9813,오티디,스타클라우드 오버핏 반팔 티셔츠 화이트
5812239,0.9812,한국농구연맹,[LINE FRIENDS] KBLㅣLINE FRIENDS 풋볼 티셔츠 (삼성)마킹불가
5954777,0.9812,지블랙,제니스 블랙 ARCHIVE 7부 티셔츠(NAVY)
6363797,0.9812,토니로렌스,아플리케 자수 반팔 티셔츠 블랙
6374341,0.9812,리복,어센틱 로고 반팔 피스테 - 화이트
6461506,0.9812,크루멤버스온리,(W)ALLDAY TERRY SET UP GRAY
6557354,0.9812,에즈아이원,레트로 티비  레귤러 핏 반팔 티셔츠
1487498,0.9811,그레이버,[UNISEX]드로잉 플라워 로고 반팔티_2color
1858984,0.9811,세븐틴스,럭키세븐틴스 오버핏 반팔 라운드 (블랙-FREE)
1978473,0.9811,수에뇨스튜디오,오가닉 코튼 레터링 포인트 티셔츠(블랙/레드)
5081913,0.9811,원헌드레드퍼센트,OHPxGOODD4 핑크캣 세미오버 반팔티
6178788,0.9811,유씨엘에이,남녀공용 러닝 조 반팔 티셔츠[WHITE](UC4STA2)
6216736,0.9811,디스커버리 익스페디션,유니 블룸 그래픽 반팔티셔츠 (CREAM)
6265344,0.9811,노스페이스,NT7US18J 화이트라벨 에어로넷 반팔 티 WHITE
6024235,0.9810,디스커버리 익스페디션,유니 선라이즈 그래픽 반팔티 (D.GREY)
6658722,0.9810,에버루프,b슈팅스타 반팔티 EL
1411865,0.9809,스트리트 스탠다드,S- OVERSIZE PKT T-SHIRTS
1816557,0.9809,포지티브 바이브,[UNISEX] Logo-embroidered oversized cotton-jersey T-shirt(Classic Blue)_W
4185900,0.9809,엠티오티,Printed Short Sleeve T-shirt(Black)
4833909,0.9809,애스플래폼,AW51TH01 백 스트랩 러플 슬리브 탑_라이트 베이지
6297023,0.9809,프로-스펙스,유니 에센셜 긴팔 티셔츠
6524879,0.9809,아레나,컴포트 여성 플리츠 슬리브리스 A6ML1SL03BLK
1893476,0.9808,주네시 스포츠 클럽,애벗키니 코튼USA 티셔츠 남녀공용 (White)
3309266,0.9808,페이크캠퍼,우먼스 여성 크롭 오리지널 빈티지 반팔티셔츠 [WHITE]
5982017,0.9808,투타임즈유,(공용) EZ 오버사이즈드 코튼 티셔츠_UR7617ABLK-BLK
6075066,0.9808,코브마스터,[COB X ODP] COOLWAVE PULLOVER [SKY BLUE]
6475639,0.9808,엄브로,[COOLING] 아이스코튼 루즈핏 그래픽 반팔 티셔츠 레드 UR221CRS62
771270,0.9807,레이든,BASIC L LOGO S/S TEE-LIGHT PINK
3132529,0.9807,라이프워크,라독 반팔 티셔츠
4513855,0.9807,캔바츠,글리터 와펜 스몰로고 반팔 티셔츠 (화이트)
5153767,0.9807,꼼파뇨,DTP 미도우 레인 반팔티 화이트
6237837,0.9807,613서울,(BIG) 네온사인 로고 반팔티(화이트)
6241414,0.9807,스노우피크 어패럴,퀵드라이 기어 그래픽 반팔 티셔츠 (S26MUTTS10) Off White
6475823,0.9807,디아도라,트로피 그래픽 반팔 티셔츠 OFF WHITE
1868967,0.9806,코랄리안,런오프 그리드 매쉬 면  반팔 티셔츠 블랙
5966469,0.9806,지블랙,제니스 블랙 언더라인 밀라노 7부 티셔츠(NEON YELLOW)
1416871,0.9805,폴루션,THINK E ACT HALF SLV T ULTRAMARINE
5075160,0.9805,더블유브이프로젝트,컬러미니 반팔티셔츠 브라운 MJST7790
5240570,0.9805,로우랩,HOMMAGE 아플리케 반팔티셔츠 - 그레이
6086689,0.9805,더블제이디,태극기 레이어드 반팔 티셔츠
6116622,0.9805,루카,여성 TIJUANA PANTHERS 래글런 반팔 티셔츠 (VG11ST071NAT)
6798061,0.9805,이피티,CLASSIC LOGO WASHED T-SHIRT (RED)
2917215,0.9804,티니타이거,꽃같은 인생 후드티 화이트
5835551,0.9804,엄브로,HBL 브릿 캐주얼 옴브레 반팔 티셔츠 화이트 UR121CRS23
5977475,0.9804,지블랙,스타셀렉션 라이트 스타 오버핏 반팔 NEON YELLOW
6313515,0.9804,엑스파이,캠페인 롱슬리브 - 화이트
6475717,0.9804,챔피온,챔피온 X 루니툰즈 반팔 티셔츠 트위티 White
6496183,0.9804,소티에,Natural Textured Half T [Navy]
6604969,0.9804,잠뱅이,[26SS] 유니) 소로나 썸머 그래픽 세미오버핏 반팔 티셔츠 AQ2WTS449-GY
5081153,0.9803,다운블로우,여성 스포츠 메쉬 커버업 슬리브리스  DBC1905W
5275233,0.9803,더마일,CENTRAL MILES CREW [BLACK]
6040386,0.9803,디스커버리 익스페디션,유니 프레시벤트 네이처 반팔티셔츠 (WHITE)
6165403,0.9803,크림소다랩,프론트 스몰로고 올드씨엘 반팔 티셔츠 블랙
6208617,0.9803,옥스타,밸런스 베어 반팔티
6475811,0.9803,디아도라,워싱 그래픽 반팔 티셔츠 OFF WHITE
531269,0.9802,비에이블투,NEVER Graphic T-shirts (BLACK)
777944,0.9802,아파트먼트,Graont Half Sleeve (3 COLOR)
5066627,0.9802,블랙모먼트,라인 아트 그래픽 반팔 티셔츠 [화이트]
5942393,0.9802,르꼬끄,여성 선데이 루즈핏 크롭 홑겹 자켓 - 블랙 QR122LJK32
6070859,0.9802,어널로이드,레이어드 슬로건 티셔츠 / 블루
6245391,0.9802,커버낫,[커버낫 X 미즈노] 쿨 코튼 쉘 그래픽 티셔츠 카키
6565615,0.9802,엄브로,[QUICK-DRY] 썬더체리 프레쉬 그래픽 반팔 티셔츠 화이트 UR221CRS65
3961542,0.9801,유씨엘에이,남녀공용 분또 스몰 로고 라운드 티셔츠[GREEN](UA4ST93_66)
4454115,0.9801,와일드락,에센셜 솔리드 후드티 (7 COL)
4752220,0.9801,유에프씨 스포츠,UFC 프라이드 릴렉스핏 반팔 티셔츠 브릭 U2SSW2118BC
4837101,0.9801,비비씨어스,심플 우븐포켓 롱슬리브_Khaki
5911578,0.9801,지블랙,스프레이 그래피티  롱슬리브(WHITE)
6190297,0.9801,휠라,F 아카이브 반팔티(FS262RS01X020472)
6469489,0.9801,엔엔피스,Punk Save World Tee (PINK)
6604967,0.9801,잠뱅이,[26SS] 유니) 소로나 썸머 그래픽 세미오버핏 반팔 티셔츠 AQ2WTS449-MT
1025275,0.9800,색 스튜디오,STEADY CO T-SHIRTS BLACK
1456417,0.9800,제멋,에디 오버핏 반팔티셔츠 애쉬블루 KJST2189
4855281,0.9799,1993스튜디오,빅 캣 드로잉 티셔츠_크림
5435466,0.9799,엑스파이,러닝 워크아웃 아트웍 롱슬리브 - 블랙
5457156,0.9799,엠페브,반타 와펜 피그먼트 크롭 탱크 베이지
5591213,0.9799,클레버필드,플리스 아웃도어 후디_브라운
1020177,0.9798,메리제임스,[남녀공용-오버핏] STORY OF YOUTH HALF SLEEVE (6 COLOR)
2552545,0.9798,크림소다랩,LAB베이스볼 클럽 스몰로고 반팔티 블랙
5059698,0.9798,펜필드,배색 크롭 워시드 빈티지 반팔티 그린_FR2KT62U
6025645,0.9798,지블랙,스타셀렉션 빅로고  크렉스타 DUST BEIGE
6344814,0.9798,말렌,유니섹스 자수 로고 티셔츠 브라운
4265422,0.9797,유에스오,슬램존_티 [화이트]
5207912,0.9797,저스트행,오버핏 더티 빅로고  화이트  반팔
6304359,0.9797,엄브로,크리스피 타슬란 스트라이프 반팔 티셔츠 핑크 UR211CRS59
6402050,0.9797,버킷,SURFING RAGLAN T-SHIRT [BLACK]
1480505,0.9796,드마크,남자여자  오버핏 무지 레이어드 반팔티 화이트
2320815,0.9796,레이버러스,로드 트립 티셔츠 화이트
4105708,0.9796,챈스챈스,LIP T-SHIRT
4799199,0.9796,본투윈,SQUARE ARCH SEMI OVER FIT T-SHIRTS [BLACK]
5152518,0.9796,유에스오,저스트 해빙 뻔 티 [블랙]
6086484,0.9796,에스티코,DIEMS 팁배색 오픈카라 니트 네이비 (오버핏)_LKTWB61OSN
4185612,0.9795,어뉴브로스,베이직 스탠다드 캐주얼 반팔티 10 Color [ANSE_9601]
5100291,0.9795,멧앤멜,[TOBAKE] Terrace Pigment T-shirt_Charcoal
5956048,0.9795,지블랙,스타셀렉션 DOUBLE STAR 7부 티셔츠(NAVY)
6026778,0.9795,지블랙,스타셀렉션 더블스타 반팔 NAVY
6075310,0.9795,코브마스터,BRITISH SEERSUKER PULLOVER [SKY BLUE]
6461501,0.9795,크루멤버스온리,(W)ALLDAY TERRY SET UP WHITE
3065001,0.9794,크림소다랩,볼러 아크로고 반팔티 블랙
3085710,0.9794,모즈모즈,로럴 자수 카라 맨투맨 챠콜
3222139,0.9794,더블유브이프로젝트,문 어라운드 반팔티셔츠 화이트 MJST7657
5812234,0.9794,한국농구연맹,[LINE FRIENDS] KBLㅣLINE FRIENDS 풋볼 티셔츠 (LG)마킹불가
6134185,0.9794,지블랙,스타셀렉션 크렉 스타 스몰로고 오버핏 반팔(BLACK)
6388255,0.9794,엄브로,콘크리트 블룸 다잉 반팔 티셔츠 차콜 UR221CRS55
4169493,0.9793,스포츠 일러스트레이티드,TENNIS WOMEN LOGO HALF SLEEVE COLLARED T-SHIRT (GREEN)
5074846,0.9793,유라이프지,썬셋문라이즈 오버핏 반팔티 5 Color [ULZE_0018]
5153774,0.9793,꼼파뇨,머핀 하트 스트라이프 CROP 링거티 블랙
5197148,0.9793,슬릭바이브,SLV 클레식스탬프 프린팅 반팔티셔츠[브라운]
6026397,0.9793,문선,"UNISEX, Stud Line Half T-Shirt / BLACK"
6043772,0.9793,디스커버리 익스페디션,여성 프레시벤트 경량 우븐 트레이닝 반팔 하이넥 아노락 (BLACK)
6092505,0.9793,빈폴 멘,[Essential] 피케 칼라넥 반소매 티셔츠  카키
355482,0.9792,러브이즈트루,(BASIC)GLOBE TEE(M)
3205726,0.9792,노티카,83플래그 로고 티셔츠(화이트) NTS4786WHZ
3227665,0.9792,헤레틱,SONNET 18 T-SHIRT / white
4237291,0.9792,아르메데스,아트그래픽 기능성 반팔 티셔츠 (807)
5133328,0.9792,마크엠,여성 래글런 마르코 크롭 반팔 티셔츠 (MKIBC8852)
5228054,0.9792,저스트행,오버핏 뉴클리어 로고 블랙 반팔
6167552,0.9792,크림소다랩,페이디드 씨알에스디엘  로고자수 반팔 티셔츠 화이트
6391863,0.9792,낫유즈얼,스타스토리 링거 반팔티 4color
235481,0.9791,메가폰,[UNISEX] MPGN 반팔티셔츠 - WHITE
4280101,0.9791,아르메데스,아트그래픽 기능성 반팔 티셔츠 (816)
5142165,0.9791,더블유브이프로젝트,버니랜드 반팔티셔츠 화이트 MJST7805
3204981,0.9790,에이오엑스,Promise Pigmented T-shirt (Gray)
4376352,0.9790,모빈스알,SNOW SHORT SLEEVE TOP
5011802,0.9790,그레이버,[UNISEX]CALL BEAR 반팔티_2color
5299443,0.9790,돌돌,SHARK-DOG_tshirts-180 샤크독 서핑 하와이 그래픽 티셔츠 반팔티
6299206,0.9790,행텐,공용 HGTN 레터링 반팔 티셔츠_490(10570-031-414-31)
4834565,0.9789,스노우피크 어패럴,코튼 트로피컬 반팔 티셔츠 (S25MUFTS62) Fog Gray
5402740,0.9789,프라임에이트,[기모/NO기모] NOON 오버핏 후드 티셔츠 7 COLORS
5496214,0.9789,스포츠 일러스트레이티드,커브드 피그먼트 반팔 티셔츠 (다크 그레이)
6410568,0.9789,폴루션,[제이쇼고] 화이트박스 반팔 티 블랙
3894349,0.9788,유씨엘에이,공용 심플 로고 베이직 후드 티셔츠(UA1LT90)
4358155,0.9788,빌라봉,여성 티셔츠 BB537BWST
5066659,0.9788,블랙모먼트,딥 유어 데이 그래픽 티셔츠 [멜란지 그레이]
5864061,0.9788,엄브로,[붉은말 에디션] Year of the Horse 반팔 티셔츠 화이트 UR121CRS13
6626205,0.9788,낫유즈얼,뱀피르 오버핏 피그먼트 반팔티 5color
2689884,0.9787,돌돌,FICO_tshirts-03 익스트림 바다 낚시 앵글러 코끼리 피코 캐릭터 그래픽 디자인 티셔츠
4499694,0.9787,더마일,피그먼트 파이어 크래커 스웨트 후드 PIGMENT D.GREY
5441055,0.9787,쉬스,늦어서미안해사실오기싫었어 티셔츠 SORRY I AM LATE PRINTING T-SHIRTS_25SS
6129339,0.9787,디오스피스,(DUC) BoneyBoogie x WJ Lightning T-shirt White
4092729,0.9786,게인스보로,[쿨코튼] 오리지날 스타로고 티셔츠_네이비
4948318,0.9786,본챔스,[7 COLORS] [COOL COTTON] L&S TRIBAL 오버핏 반팔티셔츠 B25ST45
5457122,0.9786,엠페브,우먼스 이지 플레이 숏슬리브 스카이블루
5959896,0.9786,지블랙,베어풋 그래피티  7부 티셔츠(NEON YELLOW)
5987098,0.9786,더블제이디,프라모델 부클곰 반팔티 (화이트)
6246940,0.9786,컨텐트먼트,Signature Stripe border Tee Purple
1893435,0.9785,주네시 스포츠 클럽,애벗키니 코튼USA 티셔츠 남녀공용 (Navy)
4061769,0.9785,더바이닐하우스,STAR TEE YELLOW (VH2EMUT507A)
4201156,0.9785,어퍼스트롭 골프,[UPW4001] UPST GOLF 여성 스트라이프 카라 니트 아이보리
4298821,0.9785,어뉴브로스,어뉴컴팩트로고 오버핏 후드티셔츠 5 Color [ANBI_9004]
5969606,0.9785,아크메드라비,TWO TONE THICK PRINT SHORT SLEEVE T-SHIRT (2 COLOR)
6117948,0.9785,유니버셜 오버롤,ILLINOIS SLUB RINGER T-SHIRT LIGHT GREY
6297026,0.9785,프로-스펙스,유니 에센셜 긴팔 티셔츠
6397909,0.9785,아크메드라비,TIE DYE BASIC LOGO SHORT SLEEVE T-SHIRT
3578269,0.9784,그레이버,[UNISEX]백 퍼플 데이지플라워 스마일 후드티_크림
5002663,0.9784,바쥬비쥬,HAPPINESS THEME BLUR T-SHIRT [GREY]
5197219,0.9784,슬릭바이브,SLV 17로고 프린팅 반팔티셔츠[화이트]
5215675,0.9784,랜덤오프,[Unisex] BASIC LINE OVER FIT T-SHIRT (4color)
5838470,0.9784,엄브로,[COOLING] 올라운드 쿨링 트리코트 반팔 티셔츠 블랙 UR121SRS21
6692352,0.9784,엄브로,코맷 워시드 슬리브리스 티셔츠 라이트 그레이 UR321CSL72
1978507,0.9783,수에뇨스튜디오,시그니처 스트라이프 티셔츠(네이비)
6040383,0.9783,디스커버리 익스페디션,유니 프레시벤트 네이처 반팔티셔츠 (BEIGE2)
6088101,0.9783,에스티코,DIEMS 젠더리스 레터링 프린팅 반팔 티셔츠 카키 (오버핏)_LTSWB03CSK
6626208,0.9783,낫유즈얼,NUSL 애니멀즈 오버핏 피그먼트 반팔티 5color
2049535,0.9782,클라만,블랙 실켓 비하인드 티셔츠
2253348,0.9782,어퍼스트로피 콤마,더블 ACO 로고 후디 (라이트핑크/화이트)
5276423,0.9782,원헌드레드퍼센트,OHPxGOODD4 네잎클로버 세미오버 반팔티
6338350,0.9782,무븐,에센셜 스트라이프 반팔 티셔츠 그린
6649495,0.9782,엄브로,쿨브리즈 카라형 반팔 집업 자켓 브라운 UR324CJK78
3192745,0.9781,돌돌,loving-flower_t_12 러빙플라워 봄 튤립 꽃  일러스트 디자인 티셔츠
3231303,0.9781,메스타리,배드민턴  RC T-SHIRT 남여공용 반팔티 CT3002 화이트
4230008,0.9781,엄브로,크리스피 타슬란 긴팔 후드 아노락 블랙(UQ323CWT91)
5229178,0.9781,모빈스알,GLACIER MESH TOP BLACK
5954923,0.9781,엄브로,올라운드 스트레치 반팔 피스테 라이트 그레이 UR121SWT23
5989748,0.9781,폴루션,에어로쿨 블록 티셔츠 블랙
6077890,0.9781,더블제이디,D 실리콘 로고 반팔 티셔츠
6176424,0.9781,그루브라임,편안한 스웻 반팔 티셔츠 (4COLOR) (LRRMCTA326M)
2552542,0.9780,크림소다랩,LAB그레이 스케이터 스몰로고 반팔티 블랙 핑크
5075164,0.9780,더블유브이프로젝트,컬러미니 반팔티셔츠 블랙 MJST7790
5835545,0.9780,엄브로,HBL 킹 오브 더 피치 반팔 티셔츠 차콜 UR121CRS24
6123706,0.9780,1989스탠다드,PUNK MANIA 우먼 반소매 (SWCSTD-0240)
6303188,0.9780,지블랙,제니스 블랙 유니버설 어스 오버핏 반팔 블랙
1416753,0.9779,폴루션,BASIC LOGO HALF SLV T
3842993,0.9779,라이프워크,공용) 뉴 반팔 티셔츠
4597918,0.9779,5.11택티컬,우먼 스트라이크 롱 슬리브 셔츠 (카키)
5174559,0.9779,폴루션,에어로쿨 롱슬리브 티셔츠 화이트
5229273,0.9779,모빈스알,BEAST MESH TOP GOLD
5976043,0.9779,디써티원,핀스트라이프 롱슬리브 카라 티셔츠(블루그레이)
1944682,0.9778,그레이버,[UNISEX]빅 플라워 라인 드로잉스마일 반팔티_화이트
5940526,0.9778,스노우피크 어패럴,소로나 레터링 긴팔 티셔츠 (S26SUFTL62) Off White
6090105,0.9778,스노우피크 어패럴,클래식 우븐 반팔 티셔츠 (S26MUTTS16) Black
6424686,0.9778,유스,Layered Net H/S T-shirt - White
6475719,0.9778,챔피온,챔피온 X 루니툰즈 반팔 티셔츠 벅스버니 Navy
6506880,0.9778,크림소다랩,그라운드 플랜 로고 스퀘어 와펜 반팔 티셔츠 차콜
6652342,0.9778,이에스씨 스튜디오,Old timer t-shirt (melange)
1891230,0.9777,폴루션,BIODIVERSITY T-SHIRTS
1993831,0.9777,모빈스알,PENNA BLING TOP NEON GREEN
4061557,0.9777,오리지널데이,Gothic Flower 오버핏 반팔 티셔츠 남녀공용 Black
5436218,0.9777,쉬스,마라탕사랑해 티셔츠 I LOVE MARATANG PRINTING T-SHIRTS_25SS
6440357,0.9777,뮤직프리크,Sound Junkie Girl T-Shirt - Charcoal
5174528,0.9776,폴루션,에어로쿨 포켓배색 티셔츠 블랙
5197143,0.9776,슬릭바이브,SLV 클레식스탬프 프린팅 반팔티셔츠[화이트]
6475830,0.9776,디아도라,워싱 그래픽 슬리브리스 OFF WHITE
6987800,0.9776,빈폴 멘,[소프트터치] 프리미엄 코튼 피케 칼라넥 티셔츠  애쉬
6018277,0.9775,엄브로,17-3 Jersey 그린 UR111CRJ33
6050596,0.9775,오리지널데이,오버핏 베이직 후디 후드 티셔츠 기모추가 5Color
6305023,0.9775,더블제이디,무드 플레이스 반팔티
6417289,0.9775,오티디,그래비티로고 오버핏 반팔 티셔츠 화이트
6451215,0.9775,노드,The silence of god T-shirts (Black)
5059695,0.9774,펜필드,배색 크롭 워시드 빈티지 반팔티 카키_FR2KT63U
5174520,0.9774,폴루션,에어로쿨 밀리포켓 티셔츠 베이지
5380568,0.9774,프라임에이트,[기모/NO기모] SONG 오버핏 후드 티셔츠 8 COLORS
5457155,0.9774,엠페브,라이트 플로우 슬리브리스 네이비
6302181,0.9774,스노우피크 어패럴,씬테크 레터링 반팔 티셔츠 (S26MUSTS31) Rustic Khaki
6603543,0.9774,뭉제르,Scroll Label Printed Mesh Hoodie
6645146,0.9774,1989스탠다드,ARCHIVE EAGLE 쿨 코튼 오버핏 반소매 (SISSTD-0268)
6662027,0.9774,유씨엘에이,남녀공용 컴포트 크롭 티셔츠[NAVY](UC6STA8)
5487874,0.9773,제트디 스포츠,ZD NO.18 스트라이프 풋볼 져지 [핑크]
6190236,0.9773,휠라,링거 트랙 반팔티(FS262RS01U010472)
6354691,0.9773,더블유브이프로젝트,세이버 스타 반팔티셔츠 아이보리 JIST7862
5240398,0.9772,로우랩,HOMMAGE 비즈 반팔티셔츠 - 블루
5457157,0.9772,엠페브,반타 와펜 피그먼트 크롭 탱크 차콜
6391859,0.9772,낫유즈얼,컬러링월드 링거 반팔티 4color
6411639,0.9772,폴루션,[제이쇼고] 레드슈즈 화이트
6489875,0.9772,오티디,클라우드스프레이 오버핏 반팔 티셔츠 화이트
6573573,0.9772,쿠톤,앤션티스트 피그먼트 오버핏 반팔티셔츠
6747523,0.9772,크림소다랩,쿼터 팀플레이 가먼트 다잉 피그먼트 반팔 티셔츠 스틸 블루
1988095,0.9771,블루디 블루,검정 로고-프린트 티셔츠
3205818,0.9771,스파이더,공용 컬러 블록 티셔츠 SPHMCNRS302UDRD
5375169,0.9771,아인플란진,엠보 로고 반팔 티셔츠 (화이트)
4682884,0.9770,수프라,컬러 그래픽 마운틴 티셔츠(PINK)
5393240,0.9770,베이직하우스,여성 골지 민소매 티셔츠 베이지 LYTS3202
5955544,0.9770,지블랙,스타셀렉션 WITH STAR 7부 티셔츠(DUST BEIGE)
5960381,0.9770,지블랙,스프레이 그래피티  7부 티셔츠(NAVY)
6123727,0.9770,1989스탠다드,DELIC 쿨코튼 크롭 링거 반소매 (SRCSTD-0241)
6511399,0.9770,9999아카이브,Deconstructed Slub Tee
5016396,0.9769,레큘리,Layered Hoodie Gray
5275236,0.9769,더마일,CENTRAL MILES CREW [WHITE]
5987252,0.9769,웰터 익스페리먼트,BRISA RAGLAN LONG SLEEVES T-SHIRT_BLUE
6190291,0.9769,휠라,F 아카이브 반팔티(FS262RS01X020191)
6177106,0.9768,그루브라임,BREAKOUT KIDS T-SHIRTS (LRPMCTA438M)
6178798,0.9768,유씨엘에이,남녀공용 러닝 조 반팔 티셔츠[SKY BLUE](UC4STA2)
6296844,0.9768,프로-스펙스,여성 심리스 벤트홀 민소매
6190164,0.9767,휠라,Coldwave+ 우븐 반팔 아노락(FS262JK02X001001)
6190186,0.9767,휠라,Coldwave+ 우븐 긴팔 피스테(FS262PO02X001330)
564063,0.9766,콴토데로코스,MAD TIGER_TEE_BLACK
1039727,0.9766,바이브레이트,LETTERING HAND SHAKE SIGN T-SHIRT (PURPLE)
1449963,0.9766,오버그로우,더 코스믹 티셔츠 [차콜]
5197158,0.9766,슬릭바이브,SLV 크랙로고 프린팅 반팔티셔츠[화이트]
6364094,0.9766,휠라,메쉬 그래픽 반팔티(FS262RS01X031191)
5009097,0.9765,낫띵이즈베럴댄미,HAMBURGER STORE TEE_white
6450604,0.9765,오티디,몬스터로고 오버핏 반팔 티셔츠 블랙
1020186,0.9764,메리제임스,SWEET BOX HALF SLEEVE (5 COLOR)
3231769,0.9764,메스타리,배드민턴  SMASH T-SHIRT 남여공용 반팔티 CT3006 스카이블루
6129364,0.9764,디오스피스,(DUC) BoneyBoogie x WJ Cemetery T-shirt Charcoal
4862263,0.9763,더바이닐하우스,VINTAGE WOMAN TEE BLACK
4998930,0.9763,시에라디자인,6040 오리지널 반팔티셔츠 NAVY
5826406,0.9763,스케쳐스,여성 와플 조직 후드 티셔츠_SL3WTCFF012
6309432,0.9763,아웃도어 프로덕츠,빈티지 넘버링 로고 티셔츠 (화이트)
1267414,0.9762,팽고,IMPFCT 티셔츠 black
3516244,0.9762,제멋,하노 헤비 크롭 후드 6종 네이비 YHHD2527
4150948,0.9762,스포츠 일러스트레이티드,TENNIS WOMEN HALF SLEEVE STRIPED COLLARED T-SHIRT (PINK)
4912868,0.9762,엠오오,옵티미스틱 반팔티 - 브라운
5333326,0.9762,그리디어스,Buble baby Hoodie 02
6171211,0.9762,스노우피크 어패럴,퀵드라이 베이직 반팔 티셔츠 (S26MUTTS12) Black
565885,0.9761,콴토데로코스,STAY GOLD_TEE_BLACK
1660857,0.9761,랠리포인트,LongSleeve_cream
4174921,0.9761,돌돌,WOOPS-T-109  스케이트보드 고양이 웁스 캐릭터 그래픽티셔츠
4357668,0.9761,넷소셜클럽,RAIN CAMO HOOD (IVORY)
6070782,0.9761,어널로이드,웨스턴 하트 티셔츠 / 카키
6171409,0.9761,게스,2color 허리 셔링 디테일 반팔 티셔츠 OQ2K5453
6182116,0.9761,디아도라,아톰 그래픽 반팔 티셔츠 SKY BLUE
6183397,0.9761,낫유즈얼,그리드폰트 오버핏 반팔티 4color
6371254,0.9761,엄브로,[COOLING] 슬로우킥 냉감 메쉬 레터링 반팔 티셔츠 블랙 UR221SRS53
1020135,0.9760,메리제임스,MORE THAN BLUE HALF SLEEVE - NAVY
3690513,0.9760,어뉴브로스,매니페스트 오버핏 후드티셔츠 5 Color [ANBI_9003]
5174527,0.9760,폴루션,에어로쿨 립스탑포켓 티셔츠 화이트
1413590,0.9759,스트리트 스탠다드,C-LOGO FOIL S/SLV T-SHIRTS
4458215,0.9759,더그린랩,사커 풋볼 배색 긴팔티 [블랙]
5035684,0.9759,제너럴아이디어,데일리 코튼 반팔티 [2PACK] / SBE2U01007
6297118,0.9759,프로-스펙스,유니 에센셜 반팔 티셔츠
6606749,0.9759,낫유즈얼,레드아이 오버핏 반팔티 4color
1040469,0.9758,바이브레이트,NEON HANDSIGN T-SHIRT
2302058,0.9758,아트스피크하우스,[2Size] Western Boots L-Sleeve (Sky Blue)
6410480,0.9758,폴루션,[제이쇼고] 보드라이더 반팔 티 블랙
3248456,0.9757,더블유브이프로젝트,픽시 반팔티셔츠 버건디 MJST7583
4366206,0.9757,엘런아시,EA숲속의친구들 7부 옆트임 티셔츠
4474636,0.9757,플랫웨이브 인 서울,Kaii Pigment Dyeing T-shirt Charcoal
4796119,0.9757,더마일,마일 브레이크온 스웨트 후드 [PIGMENT KHAKI]
5812229,0.9757,한국농구연맹,[LINE FRIENDS] KBLㅣLINE FRIENDS 풋볼 티셔츠 (한국가스공사)마킹불가
6162117,0.9757,이피티,HEAVY STITCH LOGO T-SHIRT (WHITE)
6354694,0.9757,더블유브이프로젝트,세이버 스타 반팔티셔츠 애쉬퍼플 JIST7862
6362013,0.9756,노드,Saint heart Ribbed T-shirts (Black)
5010254,0.9755,1993스튜디오,[LG트윈스x1993스튜디오] 래글런 배색 링거 티셔츠_아이보리
5167716,0.9755,엄브로,나일론 경량 워싱 반팔 피스테 아이보리(UQ321CWT72)
6007548,0.9755,와이오와이,사이드 배색 칼라 플리츠 티셔츠_2colors
6165420,0.9755,크림소다랩,프론트 스몰로고 리버스 유에스에이 반팔 티셔츠 화이트
2017451,0.9754,아이코노그라피,PIGMENT SILICONE VOLUME PRINT WHERE ARTIST DRG
4250273,0.9754,유에프씨 스포츠,UFC 쿨 소로나 레귤러핏 반팔 티셔츠 라이트그레이 U2SSW2310LG
5011039,0.9754,꼼소넛,Basic Logo Printing Half Cotton T shirt CSOt-308 (white) [Unisex]
6070913,0.9754,스노우피크 어패럴,소로나 기어 반팔 티셔츠 (S26MUFTS06) White
6372901,0.9754,엠오오,홀스 핫픽스 링거 반팔티 - 카키
565938,0.9753,콴토데로코스,BOYS HEAD TEE_PINK
3231352,0.9753,메스타리,배드민턴  RC T-SHIRT 남여공용 반팔티 CT3003스카이블루
6307450,0.9753,버커루,스플래시 로고 오버핏 반팔 티셔츠 오프 화이트
6641885,0.9753,이우트,OUT OF OFFICE T-SHIRT / CHARCOAL
4256686,0.9752,스타일릭스,보타니컬 순면 오버핏 반팔 티셔츠 3COLOR
6129407,0.9752,마크곤잘레스,햄버거 반팔 티셔츠 - BLACK
4103993,0.9751,돌돌,WOOPS-T-86  스케이트보드 고양이 웁스 캐릭터 그래픽티셔츠
4153896,0.9751,스포츠 일러스트레이티드,TENNIS SWEAT HALF SLEEVE (NAVY)
5075159,0.9751,더블유브이프로젝트,컬러미니 반팔티셔츠 네이비 MJST7790
5945932,0.9751,엄브로,PTR 메쉬 풋볼 반팔 티셔츠 화이트 UR121SRS38
5966530,0.9751,지블랙,제니스 블랙 언더라인 밀라노 7부 티셔츠(DUST BEIGE)
6065606,0.9751,쿠톤,데이지ver2 옐로우 오버핏 헤비 반팔티셔츠
4298819,0.9750,어뉴브로스,어반백그래픽 2WAY 오버핏 후드집업 3 Color [ANBH_9004]
5124104,0.9750,프리덤,카딜로 리프트업 그래픽 티셔츠 (화이트)
5647575,0.9750,앨빈클로,피치 스트라이프 3버튼 헨리넥 긴팔티셔츠 AVT953 (3 COLOR)
771280,0.9749,레이든,NOBODY KNOWS S/S TEE-WHITE
4177902,0.9749,러브이즈트루,SH SHOW US OVERFIT TEE(BLACK)
5457121,0.9749,엠페브,우먼스 이지 플레이 숏슬리브 화이트
779875,0.9748,이즈오프,아임스페이스 화이트 반팔티
4298001,0.9748,에프디알,Double Layer Long sleeve PK Tee White
4898011,0.9748,리복,리바이벌 스트레치 반팔 피스테 - 화이트
5174518,0.9748,폴루션,에어로쿨 베이직 티셔츠 블랙
5273803,0.9748,아크메드라비,DOUBLE LINE HOODIE (3 COLOR)
4150947,0.9747,스포츠 일러스트레이티드,TENNIS WOMEN HALF SLEEVE STRIPED COLLARED T-SHIRT (GREEN)
5008962,0.9747,낫띵이즈베럴댄미,GEOMETRY LETTERING TEE_green
5234425,0.9747,블로우,BEAR GRAPHIC ART T-SHIRT
5550268,0.9747,더블유브이프로젝트,슬럼버 후드 다크카키 HSHD7814
6193726,0.9747,언리미트,NO WORRIES TEE (U26BTTS614)
6437960,0.9747,밀로키,쿨 앤 쿨 반팔티 베이지
5176072,0.9746,포영,MEOW! Tee White (Unisex)
4298149,0.9745,에이오지프로젝트,에센셜 후디 스웻 (그레이)
5700637,0.9745,페이탈고스트,Deacon WT
6349718,0.9745,크림소다랩,모노그램 엠보 로고 워싱 반팔 티셔츠 아이보리
4069826,0.9744,1993스튜디오,[LG트윈스] 오버 크롭 티셔츠_블랙
5060336,0.9744,더블유브이프로젝트,컬러블록 반팔티셔츠 오트밀 MJST7788
5650884,0.9744,밀레,moss collec icon knit_MLUFN914
6126129,0.9744,웰터 익스페리먼트,AEREN T-SHIRT_NAVY
6130618,0.9744,지블랙,제니스 블랙 오리지널 빅로고 오버핏 반팔(WHITE)
6452310,0.9744,오티디,보드클라우드 오버핏 반팔 티셔츠 백메란지
565943,0.9743,콴토데로코스,FEELFREE TEE_WHITE
1020121,0.9743,메리제임스,[남녀공용-오버핏] LAZY RED PANDA HALF SLEEVE (6 COLOR)
4474637,0.9743,플랫웨이브 인 서울,Kaii Pigment Dyeing T-shirt Purple
5960498,0.9743,지블랙,스프레이 그래피티  7부 티셔츠(NEON YELLOW)
6159448,0.9743,디스커버리 익스페디션,유니 프레시벤트 콜라주 반팔티셔츠 (WHITE)
6490518,0.9743,오티디,홀클라우드 오버핏 반팔 티셔츠 화이트
4168571,0.9742,어뉴브로스,뉴클럽 링거 루즈핏 반팔티셔츠 4 Color [ANSE_4503]
4185613,0.9742,어뉴브로스,디어사인 오버핏 반팔티셔츠 4 Color [ANSE_2007]
6508658,0.9742,모 스포츠,마인드풀 세트 슬리브리스 + 하프타이즈 (남녀공용)
6786712,0.9742,떼떼떼,올림픽공원 그래픽 반팔티 (화이트)
4913594,0.9741,필립페이커,비엠씨 미니 버스 크레용 반팔티셔츠 피그먼트 빈티지 퍼플
5956008,0.9741,지블랙,스타셀렉션 DOUBLE STAR 7부 티셔츠(WHITE)
6129144,0.9741,지블랙,패션위크 시티 서울 7부 티셔츠(BLACK)
6416143,0.9741,온다웨이브,Typing Wave 그래픽 티셔츠 (화이트)
3348195,0.9740,어뉴브로스,카모스탬프 오버핏 반팔티셔츠 4 Color [ANSE_2008]
4367883,0.9740,더블유엠씨,더블넥 롱슬리브_CHARCOAL GREY
4898008,0.9740,리복,리바이벌 스트레치 반팔 피스테 - 네이비
5333304,0.9740,그리디어스,Blossom turtle neck long sleeve
5550274,0.9740,더블유브이프로젝트,슬럼버 후드 크림그레이 HSHD7814
6604974,0.9740,잠뱅이,[26SS] 유니) 분또 프린트 세미오버핏 반팔 티셔츠 AQ2WTS448-WG
3533210,0.9738,로얄라이프,RLLR3002 태깅 로고 롱슬리브 - 화이트
5838544,0.9738,엄브로,트렌드 레터링 오버핏 반팔 티셔츠 카키 UR121CRS11
6297415,0.9738,휠라,메쉬 반팔티(FS262RS01X014473)
6361785,0.9738,노드,Saint heart Ribbed Long sleeve (Black)
6440355,0.9738,뮤직프리크,Flying Notes T-Shirt - White
6455634,0.9738,디스펑트,IN THE FLAMES PIGMENT T-SHIRT(CHARCOAL)
6713945,0.9738,엄브로,[COOLING] 쿨 메쉬 그래픽 반팔 티셔츠 블랙 UR321CRS78
6798058,0.9738,이피티,SEL PIGMENT POLO TEE (PINK)
3205415,0.9737,에이오엑스,Cloud Cup T-shirt (Black)
4297829,0.9737,에프디알,Kids doodle Long sleeve White
5820239,0.9737,앤더슨벨,LAYERED OFF-SHOULDER COLLAR TOP atb1481w(NAVY/BLUE)
6126131,0.9737,웰터 익스페리먼트,AEREN T-SHIRT_WHITE
6169129,0.9737,에버루프,스페인여행 반팔티 EL
771268,0.9736,레이든,BASIC L LOGO S/S TEE-WHITE
1020195,0.9736,메리제임스,[남녀공용-오버핏]UPPER CASE HALF SLEEVE (5 COLOR)
3021119,0.9736,피피피,EXPRESS LONG SLEEVE (WHITE)
5273699,0.9736,아크메드라비,BORDER LINE BASIC LOGO SHORT SLEEVE T-SHIRT (5 COLOR)
5658505,0.9736,더마일,MILEGARMENT NYC HOODIE [PIGMENT GRAY]
5783084,0.9736,엄브로,에센셜 빅로고 반팔 티셔츠 화이트 UR123CRS18
5874664,0.9736,디스커버리 익스페디션,덴버 스몰로고 후드티셔츠 (M/GREY)
6076579,0.9736,유에프씨 스포츠,UFC 라스베가스 메가핏 반팔 티셔츠 블랙 U2SSX2112BK
6190226,0.9736,휠라,링거 트랙 반팔티(FS262RS01U010191)
6315017,0.9736,엑스파이,OG 로고 크롭 후드티 - 블랙
6331413,0.9736,라임라잇 어패럴,LLR 아치 로고 러닝 슬리브리스 (브라운/브라운)
6477174,0.9736,라임라잇 어패럴,애슬릿 디서플린 백 로고 쿨링 오버사이즈 슬리브리스 (화이트/블랙)
565920,0.9735,콴토데로코스,QDL TEE_GREEN
565934,0.9735,콴토데로코스,BOYS HEAD TEE_GREEN
3938707,0.9735,컬러블라인드,보스엔즈 긴팔티셔츠 핑크
5911735,0.9735,지블랙,유니버설 그래피티  롱슬리브(WHITE-GREY PRINT)
4162408,0.9734,낫유즈얼,토마토팩 반팔티[WHITE MELANGE]
6251017,0.9733,아웃도어 보이스,Technol-OV™ OV LOGO SLEEVELESS TEE (CHARCOAL)
6365562,0.9733,루저스클럽,언밸런스 컷팅 레이어드 반팔티셔츠 민트
6475828,0.9733,디아도라,세레모니 카라 반팔 티셔츠 PINK
5161746,0.9732,스트리트 스탠다드,래글런 티셔츠 블루
1868932,0.9731,코랄리안,런오프 서클 매쉬 면  반팔 티셔츠 블랙
2195127,0.9730,리즈리스,오버핏 스웻후드 [파우더블루]
4168558,0.9730,어뉴브로스,카모스트리트 오버핏 반팔티셔츠 4 Color [ANSE_2006]
5004807,0.9730,바쥬비쥬,LOGO PRINT T-SHIRT [WHITE]
5118227,0.9730,와이케이,스트라이프 피케 반팔티셔츠 핑크
6440351,0.9730,뮤직프리크,Grooming Cat T-Shirt - White
6472858,0.9730,에즈아이원,피크닉 타임 레귤러 핏 반팔 티셔츠
6652352,0.9730,이에스씨 스튜디오,spnfd t-shirt (blue)
5229255,0.9729,모빈스알,APIS MESH TOP BLACK
5473840,0.9729,래코드,Basic Wool Jersey Top RKTAA25607KHX
5723772,0.9729,수아트,네버기브업 후디
6069043,0.9729,엄브로,하이웨이 플라워 다잉 반팔 티셔츠 차콜 UR221CRS45
6417044,0.9729,엄브로,HBL 풋볼 헤리티지 스트라이프 반팔 저지 화이트 UR224CRJ52
6451570,0.9729,디스펑트,CEREAL KILLERS PIGMENT T-SHIRT(CHARCOAL)
4465697,0.9728,더마일,아웃사이더 오리지널 스웨트 후드 GREY
5099809,0.9728,웰터 익스페리먼트,BRISA RAGLAN LONG SLEEVES T-SHIRT_BLACK
6235910,0.9728,니티드,코튼 크롭 티셔츠 GREY
6645157,0.9728,1989스탠다드,EMBLEM STANDARD 쿨 코튼 오버핏 반소매 (SISSTD-0263)
6075311,0.9727,코브마스터,BRITISH SEERSUKER PULLOVER [BEIGE]
6169267,0.9727,더블유브이프로젝트,케빈 반팔티셔츠 크림 JIST7851
5121110,0.9726,언티지,호러 프린트 링거 티셔츠(UNISEX)_UTT-ST13
5983018,0.9726,에이카화이트,BLEACH WASHED STRIPE HALF SLEEVE PK TEE-PURPLE
4499890,0.9725,더마일,블랙홀 이센셜 스웨트 후드 GREY
5066747,0.9725,블랙모먼트,딥 유어 데이 그래픽 티셔츠 [다크 브라운]
5273341,0.9725,트립션,Scarf Bear 로고 티셔츠 - 8 컬러
6015873,0.9725,디스커버리 익스페디션,유니 클라임 그래픽 반팔티셔츠 (WHITE)
6124871,0.9725,디아도라,코트 스트라이프 카라 반팔 티셔츠 VIOLET
6181521,0.9725,스노우피크 어패럴,에어로쿨 머그 그래픽 반팔 티셔츠 (S26MUFTS74) Charcoal
2277586,0.9724,원헌드레드퍼센트,OHP X DK.JOON 달리아 기모 후드
5461129,0.9724,프라임에이트,[기모/NO기모] BLACK USA NUMBER.888 오버핏 후드 티셔츠 5 COLORS
6176435,0.9724,그루브라임,블러 로고 레터링 반팔 티셔츠 (화이트) (LRRMCTA342M)
5560636,0.9723,골든베어,(W) Stripe Turtle Neck T-shirt G5TAW25851BRX
2285060,0.9722,스터프,퍼플 타이거 후드티 라이트 그레이
4201164,0.9722,어퍼스트롭 골프,[UPW4002] UPST GOLF 여성 스트라이프 카라 니트 네이비
4223583,0.9722,트립션,Cheese Toast 그래픽 티셔츠 - 8 컬러
5953900,0.9722,지블랙,제니스 빅로고 7부 티셔츠(NEON YELLOW)
6308556,0.9722,코브마스터,[COB X ODP] ASKIN MIX LOGO T-SHIRT [BLACK]
6364101,0.9722,휠라,메쉬 그래픽 반팔티(FS262RS01X031456)
6411791,0.9722,폴루션,[제이쇼고] 아이러브킥스라인슈즈 화이트
6432240,0.9722,스노우피크 어패럴,리젠 퀵드라이 캠핑 그래픽 반팔 티셔츠 (S26MUTTS54) Off White
493680,0.9721,써,AG1 PT SLIT T-SHIRTS_GREY
2523927,0.9721,크림소다랩,하와이 백프린트 반팔티 블랙
3984900,0.9721,클레버필드,미니멀 와펜 반집업 카라 셔츠_카키
4913592,0.9721,필립페이커,비엠씨 미니 버스 크레용 반팔티셔츠 피그먼트 빈티지 로얄 블루
5145088,0.9721,말렌,유니섹스 카울넥 티셔츠 브라운
3934295,0.9720,쿨트,UV MARSEILLE LETTERING T-SHIRT PINK
4657192,0.9720,수프라,가먼트다잉 반팔 티셔츠(YELLOW)
5080109,0.9720,아크메드라비,UNIVERSE DRAWING SHORT SLEEVE T-SHIRT (3COLOR)
5153771,0.9720,꼼파뇨,런드리 데이 피그먼트 반팔티 스모크블랙
6167550,0.9720,크림소다랩,페인티드 라우드 로고 반팔 티셔츠 블랙
493669,0.9719,써,AG1 PT SLIT T-SHIRTS_YELLOW
589618,0.9719,티아즈,[UNISEX] 비욘드 레터링 특양면 반팔티(블랙)
4684944,0.9719,랜덤오프,[ROF X CANNIZ] [기모선택] SQUAD MATE 후드티 [2컬러]
4848094,0.9719,수프라,가먼트 다잉 그래픽 반팔 티셔츠(ORANGE)
5911652,0.9719,지블랙,베어풋그래피티  롱슬리브(KHAKI-BLACK PRINT)
6215940,0.9719,이븐시아,스트라이프 헨리넥 반팔티
6852250,0.9719,베트랙트,에센셜 비전 오버핏 반팔티 [WHTIE]
1187734,0.9718,리스펙트,인터네셔널 백로고 리스펙트 롱슬리브 (블랙)
2631925,0.9718,크림소다랩,LAB 씨알 스몰 타이다이 박스 반팔티 블랙
4285044,0.9718,카트리나케이,로지 뷔스티에 반팔티셔츠
5010715,0.9718,그레이버,[UNISEX]NO MESSAGE 롱슬리브 티셔츠_2color
6247441,0.9718,9999아카이브,Offset Technical Long-sleeve
6363935,0.9718,토니로렌스,피그먼트 캣 그래픽 반팔 티셔츠 차콜
6624276,0.9718,슬레이즈,서울 CA 노익스큐즈 티셔츠 (블랙) + 8LOCK (1P)
2733803,0.9717,러플,FOLLOW ME 안내견 티셔츠 화이트
4919709,0.9717,엠오오,디스코 그래픽 반팔티 - 화이트
6515147,0.9717,샌드 사운드,(UNISEX) 반소매 포토 티셔츠  화이트
6637964,0.9717,라이프워크,기획) 미니 비니 힙독 반팔 티셔츠
771269,0.9716,레이든,BASIC L LOGO S/S TEE-BEIGE
1020885,0.9716,메리제임스,SPORTY FIVE HALF SLEEVE (6 COLOR)
1040576,0.9716,메리제임스,[남녀공용-오버핏] LAC HALF SLEEVE (4 COLOR)
4871852,0.9716,컬럼비아 유니버시티,CU BIG WAVE LOGO S/S T-SHIRTS 블루
4923445,0.9716,리복,일립스 반팔 피스테 - 그레이
6851567,0.9716,서프퍼,그래픽 코튼 티셔츠_화이트
1431503,0.9715,폴루션,Asymmetric LOGO HALF SLV T
4905825,0.9715,본챔스,[2 COLORS] CHMPS TAKOYAKI 오버핏 반팔티셔츠 B25ST37
5152567,0.9715,유에스오,저스트 해빙 뻔 티 [화이트]
5874667,0.9715,디스커버리 익스페디션,로건 빅로고 후드티셔츠 (M/GREY)
6129308,0.9715,디오스피스,(DUC) BB Skull Graphic T-Shirt Charcoal
6431134,0.9715,엄브로,콘크리트 블룸 다잉 우븐 반팔 피스테 블루 UR221CWT55
5928656,0.9714,지블랙,셀렉션 스타   롱슬리브(WHITE)
6129416,0.9714,마크곤잘레스,OG 프리핸드 반팔 티셔츠 - BLACK
6156659,0.9714,커넥트엑스,CONECTX x viesti Embroidery Effect Screen Print T-shirt_Black
6163813,0.9714,유에프씨 스포츠,UFC 고딕 릴렉스핏 피스테 그레이 U2LSX1301GR
3521047,0.9713,티떠블유엔,허들 후드 화이트오트밀 HHHD3532
4693238,0.9713,수프라,등판 그래픽 반팔 티셔츠(BLUE)
6045767,0.9713,엄브로,클래식 반팔 피스테 블랙 UR121CWT32
6171408,0.9713,게스,2color 빈티지 별 프린트 반팔 티셔츠 OQ2K5455
6452480,0.9713,오티디,브라이티스트 오버핏 반팔 티셔츠 백메란지
4400127,0.9712,무쌍,오리지날 오버핏 로고 반팔
6260070,0.9712,이피티,LAYERED T-SHIRT (H/GREY)
6669807,0.9712,원헌드레드퍼센트,OHPxGOODD 슈퍼시바 세미오버 반팔티
5153770,0.9711,꼼파뇨,런드리 데이 반팔티 스타화이트
5304276,0.9710,골라,SWEAT ZIP HOODIE [BLACK]
6442201,0.9710,와이쏘씨리얼즈,오버뷰 이펙트 T-shirt (mothfly & inkyoung)
5174517,0.9709,폴루션,에어로쿨 지퍼포켓 티셔츠 화이트
5240433,0.9709,로우랩,이글 컷오프 슬리브리스 - 화이트
5835553,0.9709,엄브로,HBL 브릿 캐주얼 옴브레 반팔 티셔츠 블랙 UR121CRS23
6786715,0.9709,떼떼떼,여의도 그래픽 반팔티 (아이보리)
1914455,0.9708,리즈리스,큐피트 프린팅 반팔 티셔츠 [블랙]
2302065,0.9708,아트스피크하우스,[2Size] Planta L-Sleeve
6364069,0.9708,휠라,Drywave 베이직 빅리니어 반팔티(FS262RS01X018191)
3533224,0.9707,로얄라이프,RLLR3008 핸드 드로잉 스모크 로고 롱슬리브 - 올리브
4766378,0.9707,엔비에이,HWC 클래식 후드 티셔츠(N251TH151P) 아이보리
5333308,0.9707,그리디어스,Blossom Short Sleeve Top 02
6020929,0.9707,블루잉,SCOTCH SOLID GRAPHIC LOGO CROP HOOD
6029947,0.9707,프레드페리,[Sport] 링어 티셔츠 - 소호이클립스/스노우화이트 AFPM2613519-99A
6260039,0.9707,이피티,SUN LOGO RINGER T-SHIRT (WHITE)
6852364,0.9707,베트랙트,하프톤 레드 본질 오버핏 반팔티 [BLACK]
4670738,0.9706,아르메데스,면 16수 오버핏 아트그래픽 반팔티셔츠 (1022)
6411769,0.9706,폴루션,[제이쇼고] 아이러브킥스버블슈즈 화이트
1329126,0.9705,밀린,유니섹스 그래픽 아카이브 티셔츠(화이트)
5401919,0.9705,프라임에이트,[기모/NO기모] MILKY 오버핏 후드 티셔츠 8 COLORS
5835558,0.9705,엄브로,[QUICK-DRY] 풋볼 무드 프레쉬 반팔 티셔츠 화이트 UR121CRS12
6888496,0.9705,할리데이비슨 컬렉션스®,RIDE WAVE 티셔츠_화이트 HH16111084
3205171,0.9704,에이오엑스,Silver Apple T-shirt (Black)
5505684,0.9703,프라임에이트,PRIME 아플리케 자수 후드 VINTAGE BLUE
6260058,0.9703,이피티,STUDDED EPT T-SHIRT (BLACK)
6410384,0.9703,제멋,포스트 레터링 반팔티셔츠 네이비 JIST2706
2631920,0.9702,크림소다랩,스택 업 파쿠 반팔티 라이트 그레이 그린
2925904,0.9702,티니타이거,꽃같은 인생 후드티 블랙
5114779,0.9702,더블유브이프로젝트,릴렉션 반팔티셔츠 크림그레이 MJST7798
2472729,0.9701,모빈스알,(후디 베이지) PENNA PRIMAVERA SWEAT HOODIE BEIGE
4799270,0.9701,본투윈,MONOGRAM SOCCER JERSEY [BLUE]
5116439,0.9701,무라,스내쳐 티셔츠 올리브
5060334,0.9700,더블유브이프로젝트,컬러블록 반팔티셔츠 블랙 MJST7788
5342859,0.9699,바이엘,페인티드 그래피티 후드 블랙
3877473,0.9698,노이어,아카이브 프린트 티셔츠 (애쉬드브라운)
4240888,0.9698,어반에이지,No Time 나그랑 롱슬리브_블랙
5486858,0.9698,원헌드레드퍼센트,OHPxGOODD4 핑크캣 오버핏 헤비 후드
3085707,0.9697,모즈모즈,로럴 자수 카라 맨투맨 백메란지
4966508,0.9697,하이투,백 스트랩 반팔 티셔츠 오프화이트 [오프화이트]
6053200,0.9697,코리아몬스터,KM21 하드워크 워크아웃 오버핏 반팔티 블랙
6442444,0.9697,와이쏘씨리얼즈,우리 같이 앞으로! T-shirt (차은실)
2506001,0.9696,크림소다랩,파쿠 로고 반팔티 블랙 화이트
4266724,0.9696,수아트,스테레오타입 모노 티셔츠 화이트
5567815,0.9696,오프그리드,와플 유니 트레일 후디-라임
5942392,0.9696,르꼬끄,유니 선데이 루즈핏 홑겹 자켓 - 블랙 QR123LJK31
2067884,0.9695,퍼스텝,픽시드 오버핏 긴팔 티셔츠 코코아 SMLT4447
2560762,0.9695,엠엑스리덕터,EPISODE 01 / LOOK 14
5033602,0.9695,엄브로,HBL BLOKE OG 스트라이프 자카드 라운드 반팔 저지 그린(UQ221CRJ51)
3881023,0.9694,아페고 스포츠,Basic Long Sleeve White
6416726,0.9694,페이탈고스트,Twilight
2680879,0.9692,오버그로우,캠핑 이지 세미 오버핏 티셔츠 [스카이블루]
5402344,0.9692,모즈모즈,아치로고 패치 더티워싱 오버핏 기모 후드 그레이
5590587,0.9692,골스튜디오,ESSENTIAL BRUSHED SWEAT-BLACK
545059,0.9691,비에이블투,C.K.C Basic T-shirts (BLACK)
2569840,0.9691,젠사이,이터널퓨처 티셔츠블랙
5393242,0.9691,베이직하우스,여성 골지 민소매 티셔츠 브라운 LYTS3202
5812235,0.9691,한국농구연맹,[LINE FRIENDS] KBLㅣLINE FRIENDS 풋볼 티셔츠 (정관장)마킹불가
6074925,0.9691,브롬톤 런던,PIGMENT STRIPE HALF SLEEVE T-SHIRT - BURGUNDY (P262UTS138)
6506891,0.9691,크림소다랩,그라운드 플랜 로고 스퀘어 와펜 반팔 티셔츠 블루
6604985,0.9691,잠뱅이,[26SS] 유니) 분또 프린트 세미오버핏 반팔 티셔츠 AQ2WTS448-CG
4875136,0.9690,그레이버,[UNISEX]ABSENT 래글런 롱슬리브 티셔츠_2color
5468104,0.9690,더블유브이프로젝트,뮤트온 후드 블랙 JIHD7834
6357625,0.9690,커버라이즈,POWER DOG 캐릭터 티셔츠 (GRAY / WHITE / BLACK)
4403280,0.9689,리복,에센셜 세미 크롭 링거 티셔츠 (W) - 네이비
3690515,0.9688,어뉴브로스,포멀 2WAY 오버핏 후드집업 3 Color [ANBH_9001]
5812243,0.9688,한국농구연맹,[LINE FRIENDS] KBLㅣLINE FRIENDS 풋볼 티셔츠 (SK)마킹불가
6127106,0.9688,그루브라임,피그먼트 코튼 그래픽 반팔 티셔츠 (3COLOR) (FRBMCTR704M)
6309713,0.9688,지블랙,런던 시그니쳐 반팔  티셔츠 BEIGE
5241054,0.9687,모빈스알,MH TOP BLACK
5620429,0.9687,유에프씨 스포츠,UFC 파이트 블록 릴렉스핏 피스테 카키 U2SWW2301KH
6078981,0.9687,아스파라거스,프론트 라인 슬리브리스 탑 져지
6142228,0.9687,골든베어,(M) Back Graphic Crew-neck T-shirt G4TAM26441BKX
6643333,0.9687,잠뱅이,공용) YES 프린트 보스쮸리 맨투맨 DO1WTS246-IV
4499709,0.9686,더마일,피그먼트 가먼츠 시티즌 스웨트 후드 PIGMENT KHAKI
4685956,0.9686,수프라,아치 로고 그래픽 반팔 티셔츠(WHITE)
5812240,0.9686,한국농구연맹,[LINE FRIENDS] KBLㅣLINE FRIENDS 풋볼 티셔츠 (소노)마킹불가
6177301,0.9686,노스페이스,NM5PS01L 화이트라벨 웰트 후디 CREAM
4833908,0.9685,애스플래폼,AW51TH01 백 스트랩 러플 슬리브 탑_다크 그린
4904513,0.9685,유씨엘에이,남녀공용 세미 오버핏 로고 포인트 피그먼트 반팔 티셔츠[DK-BLUE](UB4ST2A)
5011777,0.9685,그레이버,[UNISEX]빅 래빗 반팔티_2color
5393617,0.9685,필립페이커,비엠씨 솔리드 오버핏 피그먼트 롱슬리브 그레이
3973653,0.9684,클레버필드,빈티지 시그니쳐 포인트 반팔티_블랙
6026775,0.9684,지블랙,스타셀렉션 더블스타 반팔  DUST BEIGE
6065605,0.9684,쿠톤,데이지ver2 블루 오버핏 헤비 반팔티셔츠
6182169,0.9684,디아도라,아톰 스몰 로고 반팔 티셔츠 WHITE
4250270,0.9683,유에프씨 스포츠,UFC 쿨 소로나 레귤러핏 반팔 티셔츠 블랙 U2SSW2310BK
5153763,0.9683,꼼파뇨,미드나잇선 피그먼트 반팔티 고스트그레이
5505755,0.9683,프라임에이트,PRIME 아플리케 자수 후드 BROWN
5550959,0.9683,플랫웨이브 인 서울,Tyde Waffle Pigment Longsleeve T-Shirt Grey
6440340,0.9683,뮤직프리크,With Band T-Shirt - BLACK
4280638,0.9682,제너럴아이디어,롱슬리브 보더 티셔츠 [RED] / SBD3U01003
6713942,0.9682,엄브로,90 아치 레터링 쿨피마 그래픽 반팔 티셔츠 화이트 UR321CRS76
6747179,0.9682,유씨엘에이,남녀공용 릴 베어 오버핏 티셔츠[WHITE](UC6STAD)
6788565,0.9682,유씨엘에이,남녀공용 릴 베어 오버핏 티셔츠(UC6STAD)
5174526,0.9681,폴루션,에어로쿨 립스탑포켓 티셔츠 블랙
6054431,0.9681,커버낫,쿨 코튼 서퍼 덕 그래픽 티셔츠 오트밀
6165424,0.9681,크림소다랩,프론트 스몰로고 멀티파쿠 반팔 티셔츠 블랙
6278023,0.9681,행텐,공용 HGTN 레터링 반팔 티셔츠_100(10570-031-414-31)
998849,0.9680,메리제임스,[오버핏] WHISTLE HALF SLEEVE (6 COLOR)
5409442,0.9680,더바이닐하우스,CUT-OFF LAYERED LS TEE BLACK
4358153,0.9679,빌라봉,여성 티셔츠 BB537YWST
4285039,0.9678,카트리나케이,데님 뷔스티에 반팔티셔츠-2color
5495727,0.9678,더블유브이프로젝트,와이키 후드 브라운 JIHD7822
4885981,0.9677,시에라디자인,글레시어 THINKOUTSIDE 반팔티셔츠 SKY BLUE
5053060,0.9677,브이투,조종사 조깅 스누피 피그먼트 티셔츠 (YELLOW)
5981674,0.9677,캉골,우먼스 스트라이프 롱슬리브 3547 네이비
2017464,0.9676,아이코노그라피,PIGMENT SILICONE VOLUME PRINT WHERE ARTIST YGN
4464056,0.9676,그레이버,[UNISEX]엘보우 리본 후드티_멜란지화이트
4871927,0.9676,컬럼비아 유니버시티,CU SIG LOGO S/S T-SHIRTS 화이트
5142158,0.9676,더블유브이프로젝트,코커 반팔티셔츠 블랙 HSST7801
5232131,0.9676,더마일,ML SHELTER CREW [WHITE]
5826408,0.9675,스케쳐스,여성 와플 조직 후드 티셔츠_SL3WTCFF011
6246930,0.9675,컨텐트먼트,Basic Logo Long Sleeve Black
5343069,0.9674,캉골,캉골 클래식 로고 후디 5160 포레스트
5954935,0.9674,엄브로,올라운드 스트레치 반팔 피스테 화이트 UR121SWT23
6181515,0.9674,스노우피크 어패럴,에어로쿨 머그 그래픽 반팔 티셔츠 (S26MUFTS74) Off White
6399107,0.9674,아크메드라비,VITA AC BEAR SHORT SLEEVE T-SHIRT
5820403,0.9673,블렌트,ALPA Sleeve Black
6370527,0.9673,엄브로,[QUICK-DRY] 다이아몬드 이스케이프 자동차 프레쉬 반팔 티셔츠  화이트 UR223CRS59
1040147,0.9672,바이브레이트,CROSS LINE BACK LOGO T-SHIRT (RED)
5867635,0.9672,브롬톤 런던,STRIPE LONG SLEEVE T-SHIRT - OLIVE (P261UTS103)
6236524,0.9672,디스커버리 익스페디션,유니 프레시벤트 리조트 그래픽 반팔티셔츠 (WHITE)
2781079,0.9671,레이버러스,RVS 라글랑 티셔츠 브라운
4470374,0.9671,트립션,Colorful Shine Logo 후드티 - 9 컬러
1916853,0.9670,누스카,후엠아이 남녀공용 오버핏 반팔 티셔츠(블랙)
6176419,0.9670,그루브라임,돌고래 로고 그래픽 티셔츠(2COLOR) (LRRMCTA319M)
6437894,0.9670,밀로키,쿨 앤 쿨 반팔티 화이트
6486935,0.9670,오티디,블로우캣 오버핏 반팔 티셔츠 화이트
6638462,0.9670,이우트,STAY TOGETHER T-SHIRT / CHARCOAL
564828,0.9669,콴토데로코스,ROCKET_TEE_GREEN
1910667,0.9669,코랄리안,런오프 런베어 긴팔 티셔츠 베이지
3534896,0.9669,디아도라,AC/DC  그래픽 반팔티셔츠 LIME
6119222,0.9669,골든선샤인,MAKE ROUND LONG SLEEVE TEE_WHITE
6499540,0.9669,에버루프,블랙스타 반팔티 EL
2014355,0.9668,그레이버,[UNISEX]드로잉 도트 라이프 로고 반팔티_그레이
4110598,0.9668,크림소다랩,썸머 스트릿 바스켓볼 엘에이시티 라이트 그레이 블루
5205093,0.9668,에이던엠,ADM PIGMENT STRIPE T-SHIRTS (BLACK/GRAY)
6416397,0.9668,페이탈고스트,Haven WT
6645138,0.9668,1989스탠다드,STND CAT 쿨 코튼 링거 반소매 (SRSSTD-0269)
3389578,0.9667,웨닐,썬로고 오버핏 반팔티셔츠 4 Color [WASE_2002]
6645145,0.9667,1989스탠다드,STND CAT 쿨 코튼 오버핏 반소매 (SISSTD-0269)
998859,0.9666,메리제임스,[남녀공용-오버핏] FLUTE HALF SLEEVE (5 COLOR)
5445701,0.9666,유에프씨 스포츠,UFC 로어베어 릴렉스핏 반팔 티셔츠 라이트 옐로우 U2SSW2114LY
5410561,0.9665,쉬스,와인사랑해 티셔츠 I LOVE WINE PRINTING T-SHIRTS_25SS
6080044,0.9665,디써티원,텔레그래프 반소매 링거 티셔츠(네이비)
6344870,0.9665,말렌,유니섹스 자수 로고 티셔츠 블랙
6440364,0.9664,뮤직프리크,A Band of Angels T-Shirt - Charcoal
6357829,0.9663,크리스첼로,(공용) 캘리포니아 티셔츠 - (블랙 20수 오버핏)
4223580,0.9662,트립션,Slush Archive 그래픽 티셔츠 - 8 컬러
6158146,0.9662,라카이,[상의] 아이러브 독도 나그랑 롱슬리브 긴팔티 (S~3XL)
6260807,0.9662,원헌드레드퍼센트,OHPxJOY4 나무늘보 세미오버 반팔티
4478479,0.9661,티글레이크,위아영 오버핏 기모 후드티셔츠 오트밀
3319964,0.9660,원헌드레드퍼센트,OHP X GOODD 할로윈 피그먼트 반팔티
4092726,0.9660,게인스보로,[쿨코튼] 피그먼트 오리지날 스타로고 티셔츠_다크그레이/그레이
5310031,0.9660,폴루션,STAG 포켓 티셔츠 블랙
6331262,0.9660,라임라잇 어패럴,LLR 아치 로고 러닝 티셔츠 (블랙/화이트)
6380862,0.9660,엄브로,[QUICK-DRY] 슬로우킥 프레쉬 다잉 슬리브리스 블랙 UR221SSL52
6642508,0.9660,휠라,서울 익스클루시브 반팔티(FS262RS01U011006)
6643226,0.9660,이우트,NYC POSTER GALLERY T-SHIRT / WHITE
6411890,0.9659,폴루션,[제이쇼고] 러블리 예맨 라글란티 화이트
6946632,0.9659,더블제이디,챔피언 체인 워싱 반팔
1936174,0.9658,리이,RELAXED FIT ORGANIC T SHIRT
3391456,0.9658,웨닐,프라이데이 오버핏 반팔티셔츠 4 Color [WASE_2005]
4463840,0.9658,현 스튜디오,EARTH GREY HOODIE [UNISEX]
5009091,0.9658,낫띵이즈베럴댄미,SUN ARTWORK TEE_white
5956126,0.9658,지블랙,스타셀렉션 DOUBLE STAR 7부 티셔츠(DUST BEIGE)
6410598,0.9657,더블유브이프로젝트,뉴프론티어 반팔티셔츠 네이비 HSST7864
4784316,0.9656,아크메드라비,ALIEN BEAR SHORT SLEEVE T-SHIRT (4COLOR)
1020102,0.9655,메리제임스,[남녀공용-오버핏] BLUE LAGOON HALF SLEEVE (6COLOR)
2148563,0.9655,스터퍼,Cartoon HOODIE
5460098,0.9655,플로트,벨 에어 플리스 후디 FLTW25UOUT006KACO
6193720,0.9655,언리미트,CERF TEE (U26BTTS620)
1449965,0.9654,오버그로우,시그니처 오우 티셔츠 [블랙]
4257640,0.9654,캉골,스트라이프 롱슬리브 티셔츠 3531 버건디
4470373,0.9654,트립션,Blue Stars Graphic 후드티 - 9 컬러
5852477,0.9654,후크,1997 Fresh 후드티 (블랙)
6278685,0.9654,디터민드,포효2 오버핏
6101177,0.9653,하이퍼리트,남녀공용 쿨 배색 반팔 라운드 니트 [버터레드]_HG2SW999
2133877,0.9652,스텝온리,SUNNY HILLS LOGO HOODIE (NAVY)
3144973,0.9652,돌돌,DMK_T-shirts_60 그래피티 아티스트 데빌몽키 dmk 캐릭터 그래픽 티셔츠 반팔티
6065558,0.9652,쿠톤,아치 클래식 오버핏 헤비 반팔티셔츠
6424671,0.9652,유스,Leather Trim H/S T-shirt - Washed Blue
4926796,0.9651,엠오오,빅레터링 카모 반팔티 - 베이지
5197308,0.9650,슬릭바이브,SLV 스컬선글라스 프린팅 반팔티셔츠[화이트]
6131262,0.9650,블루잉,BLUEING WHALE GRAPHIC LOGO TEE [BLACK]
6260063,0.9650,이피티,MICRO STRIPE T-SHIRT (BLACK)
6475643,0.9650,엄브로,[COOLING] 아이스코튼 맥스핏 그래픽 반팔 티셔츠 브라운 UR221CRS64
564907,0.9649,콴토데로코스,QDLS_TEE_NAVY
6162120,0.9649,이피티,HEAVY STITCH LOGO T-SHIRT (H/GREY)
6167407,0.9649,크림소다랩,페인티드 C 무브먼트 반팔 티셔츠 블랙
565923,0.9648,콴토데로코스,QDL TEE_PINK
3180391,0.9648,노앙,LOGO CROPPED PIQUE SHIRT IVORY
4475537,0.9648,더마일,피그먼트 캣스타 카운트 스웨트 후드 PIGMENT KHAKI
5047588,0.9648,원헌드레드퍼센트,OHPxHARMONIA 파자마 타이거 세미오버 반팔티
5194439,0.9648,죤,남여 공용 에브리데이 티셔츠 - 피스타치오
5244657,0.9648,어뉴브로스,라이프아치 오버핏 반팔티셔츠 10 Color [ANSE_9602]
5272843,0.9648,리그,맨즈 러닝 하이브리드 민소매 RZTS3103
6002175,0.9648,굿라이프웍스,오버핏 스트라이프 코튼 롱슬리브 블랙
6989806,0.9648,더블제이디,부클 구미 베어 반팔
5241076,0.9647,모빈스알,NAUGHTY BOY TOP
5389676,0.9647,원헌드레드퍼센트,OHPxHARMONIA b가을하늘 베이직 긴팔티셔츠
5897299,0.9647,그루브라임,여성 덤비베어 스케이트 그래픽 반팔 티셔츠 (5COLOR) (LRAMCTR509P)
6363961,0.9647,토니로렌스,하트 아플리케 반팔 티셔츠 네이비
1916852,0.9646,누스카,스몰 루디 남녀공용 오버핏 반팔 티셔츠(화이트)
3373729,0.9646,엠니,SURFING LOGO T-SHIRTS / IVORY
4161128,0.9646,스트리트 스탠다드,[3PACK] 스트릿스탠다드 포인트 로고 반팔 티셔츠
6183528,0.9646,언타이틀 서울,언타이틀 크레스트 폴로 크롭 반팔 블랙
4434922,0.9645,와일드락,시바이누 밴드 후드_블랙
4913595,0.9645,필립페이커,비엠씨 미니 버스 크레용 반팔티셔츠 피그먼트 빈티지 그린
4950488,0.9645,로우랩,88 풋볼 매쉬 져지 - 그레이
5025954,0.9644,어굿데이,WASHING POCKET TSHIRT (PINK)
6354696,0.9644,더블유브이프로젝트,브림리 반팔티셔츠 블루그레이 JUST7867
4201179,0.9643,보나츠 팔레트,BP 냥끼리 티셔츠_KHAKI BEIGE
5395103,0.9643,바이엘,에스터리스크스 빅로고 후드 블랙
6754263,0.9643,스노우피크 어패럴,Pegs & Hammer 그래픽 반팔 티셔츠 (S26FUBTS42) Black
6528299,0.9642,엄브로,챈트 메쉬 그래픽 로고 반팔 티셔츠 블랙 UR321CRS74
2302056,0.9640,아트스피크하우스,[2Size] Western Boots L-Sleeve (Black)
5210000,0.9640,웍스앤코,스테이 와일드 반팔티셔츠 (와인)
6068811,0.9640,토치,NEVER HILL T-SHIRTS ［BLACK］
5969798,0.9639,아크메드라비,BASIC AC BEAR HOODIE ZIP UP (4 COLOR)
6285541,0.9639,티엔지티,Contrast Slit Neck Tee (Pistachio Green) TNTS6E211E2
6637694,0.9639,이우트,DANCING NOTE T-SHIRT / RED
1593089,0.9638,프랑켄모노,아노락 후드세트(우먼핏)
5414982,0.9638,리복,트랙 롱슬리브 (W) - 브론즈
6506920,0.9638,크림소다랩,그라운드 플랜 로고 스퀘어 와펜 반팔 티셔츠 아이보리
5485813,0.9637,프라임에이트,[기모/NO기모] BIG ENCODE 오버핏 후드 티셔츠 10 COLORS
5495745,0.9637,더블유브이프로젝트,프리키 후드 블랙 JIHD7825
6030948,0.9637,프라임에이트,CAMO NUMBER.888 오버핏 카모 레이어드 롱 슬리브 1 COLORS
3345851,0.9636,배럴,유니 라이프 웨이브 셔터 티셔츠 화이트 (B3SUHSS002WHT)
5132112,0.9636,스트리트 스탠다드,스탠다드 코어 티셔츠 화이트
5133367,0.9636,마크엠,여성 싱글 포켓 L/S 슬럽 티 (MIIBB8753)
3938636,0.9635,컬러블라인드,보스엔즈 긴팔티셔츠 퍼플
4814554,0.9635,코닥,케이 에어로쿨 반팔티셔츠 ORANGE
6614316,0.9635,엄브로,90 테리 반팔 집업 자켓 퍼플 UR311CFT71
1569672,0.9634,스트리트 스탠다드,D47 EMBO L/SLV STRIPE TOP
2680824,0.9634,오버그로우,캠핑 이지 세미 오버핏 티셔츠 [라이트베이지]
4871802,0.9634,컬럼비아 유니버시티,CU 80S VINTAGE CRACK LOGO S/S T-SHIRTS 오트밀
5310034,0.9634,폴루션,CORE STAG 심볼 티셔츠 화이트
5911634,0.9634,지블랙,베어풋그래피티  롱슬리브(BLACK-WHITE PRINT)
6402375,0.9634,버킷,DAY&NIGHT T-SHIRT [OATMEAL]
3193306,0.9633,프랑켄모노,(특양면) 테두리로고 반팔티
6251192,0.9633,엄브로,크리스피 타슬란 링거 반팔 티셔츠 그레이 UR224CRS50
6365553,0.9633,루저스클럽,TOOTH 캐릭터 반팔티셔츠  화이트
6408254,0.9633,케이스위스,60th 쉴드 그래픽 티_1KSTSMV905LY
6490145,0.9633,오티디,클라우드프레임 오버핏 반팔 티셔츠 블랙
6768064,0.9633,엄브로,[QUICK-DRY] 다이아몬드 이스케이프 지도 프레쉬 반팔 티셔츠 화이트 UR323CRS73
6411591,0.9632,폴루션,[제이쇼고] 빈티지그래피티슈즈 화이트
305554,0.9631,코로츠,CRT 아노락 후드 그레이
5496517,0.9631,골스튜디오,ESSENTIAL BRUSHED HOODIE-BLACK
5118239,0.9630,와이케이,YK 스타 아플리케 반팔티셔츠 네이비
5873252,0.9630,디오디,아이스웨이브 피스테 (OFF WHITE 2)
5976063,0.9630,디써티원,멀티 스트라이프 롱슬리브 티셔츠(레드&아이보리)
6402289,0.9630,버킷,DAY&NIGHT SLEEVELESS [WHITE]
1880970,0.9628,코랄리안,런오프 블루로즈 매쉬 면 반팔 티셔츠 블랙
4150919,0.9628,스포츠 일러스트레이티드,CYCLING LA GRANDE BOUCLE HALF SLEEVE (MELANGE GREY)
3150572,0.9627,아웃도어 프로덕츠,네온 로고 슬리브리스 티셔츠 NEON LOGO SLEEVELESS T-SHIRT
5352528,0.9627,디아도라,이지 에르미나 카라 반팔 티셔츠 GREEN
2381084,0.9626,프로-스펙스,OS LONG SLEEVES_NAVY
6070868,0.9626,어널로이드,반다나 티셔츠 / 화이트
6350105,0.9626,살로몬,파로 숏 슬리브 W_LD0070000
4298820,0.9625,어뉴브로스,클래식 오버핏 후드티셔츠 5 Color [ANBI_9001]
6254461,0.9625,엄브로,[QUICK-DRY] 다이아몬드 이스케이프 레터 프레쉬 반팔 티셔츠 블랙 UR223CRS57
6755475,0.9625,크림소다랩,씨알에스디엘 스몰 로고 가먼트 다잉 피그먼트 반팔 티셔츠 쉐도우 퍼플 화이트
1908878,0.9624,원헌드레드퍼센트,OHP X YANGCASO 캣차르트 세미오버 반팔티
2413233,0.9624,로열클럽홀리데이,세미 오버핏 로고 반팔 티셔츠 그린
5504546,0.9624,프라임에이트,[기모/NO기모] LEOPARD RUSTAR 오버핏 후드 티셔츠 7 COLORS
3533211,0.9623,로얄라이프,RLLR3002 태깅 로고 롱슬리브 - 핑크
5742779,0.9623,아크메드라비,SHADOW HORSE SHORT SLEEVE T-SHIRT (2COLOR)
2068425,0.9622,모빈스알,PENNA CLASSIC BLACK MESH TOP
5174529,0.9622,폴루션,에어로쿨 포켓배색 티셔츠 화이트
5928657,0.9622,지블랙,셀렉션 스타   롱슬리브(KHAKI)
5955583,0.9622,지블랙,스타셀렉션 WITH STAR 7부 티셔츠(CORAL RED)
5282537,0.9621,마인드머슬커넥션,88 럭비 져지 핑크
153457,0.9620,메가폰,[UNISEX] METRO HOOD - orange (기모후드티)
5066851,0.9620,블랙모먼트,소로나 스트링 포켓 티셔츠 [멜란지 그레이]
6269097,0.9620,노티카,세일링 요트 클럽 티셔츠(4colors) NTS3864
6436364,0.9620,큐티에잇 가먼츠,LB One Bullet Washed Tee (Ivory)
5535037,0.9619,제멋,레스트 앤 후드 크림그레이 ISHD2660
3212931,0.9618,더그린랩,크롭 후디 [블랙]
5343553,0.9618,프라임에이트,[기모/NO기모] CHECK NUMBER.888 오버핏 후드 티셔츠 8 COLORS
6129418,0.9618,지블랙,패션위크 시티 밀라노 7부 티셔츠(NEON YELLOW)
777952,0.9617,아파트먼트,Partback2 Half Sleeve - Orange
5975409,0.9617,에이치덱스,넘버8 래글런 블럭 롱 슬리브 (Deep Red)
4923795,0.9616,디써티원,Telegram Letter T-Shirt (Charcoal Grey)
6015894,0.9616,디스커버리 익스페디션,유니 프레시벤트 경량 우븐 트레이닝 반팔 하이넥 아노락 (Brown)
6852131,0.9616,베트랙트,켓트레인 복서 오버핏 반팔티 [WHITE]
4669001,0.9615,바스락,시그니처 슬로건 아트웍 후드
6176331,0.9615,그루브라임,블론드 오션차일드 반팔 티셔츠 (LRSMCTR712M)
6624339,0.9615,슬레이즈,서울 CA 노익스큐즈 티셔츠 (화이트) + 8LOCK (1P)
4458204,0.9614,더그린랩,사커 풋볼 배색 긴팔티 [브라운]
4513931,0.9614,캔바츠,글리터 와펜 스몰로고 반팔 티셔츠 (블랙)
5114775,0.9614,더블유브이프로젝트,릴렉션 반팔티셔츠 라이트그린 MJST7798
5835546,0.9614,엄브로,HBL 킹 오브 더 피치 반팔 티셔츠 화이트 UR121CRS24
6652346,0.9614,이에스씨 스튜디오,bold old time t-shirt (green)
4499907,0.9613,더마일,마일스 로우 스웨트 후드 NAVY
5937604,0.9613,지블랙,제니스 블랙 빅로고   롱슬리브(WHITE)
5360521,0.9612,키르시,듀이 체리 유니 루즈핏 후디 [오트밀]
6402267,0.9612,버킷,JEJU T-SHIRT [WHITE]
6134379,0.9611,할리데이비슨 컬렉션스®,본하트할리 티셔츠 화이트_HH16111066
6331272,0.9611,라임라잇 어패럴,LLR 아치 로고 러닝 티셔츠 (세이지/세이지)
6450482,0.9611,오티디,매지션 오버핏 반팔 티셔츠 화이트
564830,0.9610,콴토데로코스,BRUSH_TEE_WHITE
4190581,0.9609,낫유즈얼,토마토샵 반팔티 [BLACK]
6477173,0.9609,라임라잇 어패럴,애슬릿 디서플린 백 로고 쿨링 오버사이즈 슬리브리스 (블루/화이트)
4942466,0.9608,그레이버,[UNISEX]HOWDY 래글런 롱슬리브 티셔츠_2color
2625280,0.9607,크림소다랩,LAB 네임택 반팔티 네이비 옐로우
3227361,0.9607,빈트릴 뉴욕,쉐이크 쉐이크 컴포트핏 반팔 티셔츠(네온 옐로우)
1513710,0.9606,오버그로우,오더블유드에스 티셔츠 [카키]
4697785,0.9606,유에프씨 스포츠,UFC 글로리 93 메가핏 반팔 티셔츠 화이트 U2SSW2104WH
6638182,0.9606,이우트,STAY TOGETHER T-SHIRT / WHITE
1914466,0.9605,리즈리스,베이식 로고 자수 반팔 티셔츠 [블랙]
5535018,0.9605,제멋,컬테인 후드 크림그레이 ISHD2663
5161955,0.9604,빅유니온,차일드후드 그래픽 티셔츠 (블랙)
5969604,0.9604,아크메드라비,WAFFLE DYED LONG SLEEVE T-SHIRT (3 COLOR)
6285895,0.9604,엄브로,[QUICK-DRY] 쿨 스타터 머슬핏 프레쉬 슬리브리스 티셔츠 화이트 UR221CSL52
4756299,0.9603,수프라,LA MAP 그래픽 반팔 티셔츠(WHITE)
5389660,0.9603,원헌드레드퍼센트,OHP 블루페인트 크루넥 긴팔티셔츠
6652363,0.9603,이에스씨 스튜디오,two sleeve hot t-shirt (gray)
2631911,0.9602,크림소다랩,멀티 아크 오버핏 포켓 반팔티 화이트 그린
5528372,0.9602,더블유브이프로젝트,카인드캣 후드 그레이 JJHD7829
3973657,0.9601,클레버필드,빈티지 시그니쳐 포인트 반팔티_레드
4306431,0.9601,아르메데스,아트그래픽 기능성 긴팔 티셔츠 (815)
6162764,0.9601,이피티,[EPT X COCO CAPITAN] FENCER PIGMENT HOODIE (NAVY)
6402266,0.9601,버킷,JEJU T-SHIRT [BLACK]
4358156,0.9600,빌라봉,여성 티셔츠 BB536MWST
4937055,0.9600,엑스톤즈,XTT143 시퀀스 언발란스 티셔츠 (NAVY)
5543607,0.9600,와르 포 우먼,WT-39 아플리케 하프 집업(2COLORS)
4825509,0.9599,리트리버클럽,I LOVE TEE [WHITE]
6132231,0.9598,블루잉,BLUEING PLANET LOGO GRAPHIC TEE [BLACK]
6371260,0.9597,엄브로,[QUICK-DRY] 다이아몬드 이스케이프 바캉스 프레쉬 반팔 티셔츠 화이트 UR223CRS58
6375182,0.9597,제이엑스피,Askin Cooling Big Logo T-Shirt (JR2TSU170WH)
2151226,0.9596,스터퍼,How to make a sock puppet Long sleeve
5341732,0.9596,프라임에이트,[기모/NO기모] USA NUMBER.888 오버핏 후드 티셔츠 7 COLORS
6032376,0.9595,블로우,"[raw,refined] BLOW X DOSAN atelier essential scent T"
6331401,0.9595,라임라잇 어패럴,LLR 아치 로고 러닝 슬리브리스 (화이트/블랙)
1714980,0.9594,내핑스노우,BITA 슬리브 (비타)
2560236,0.9594,클라만,자수 아플리케 티셔츠 [화이트]
6162144,0.9594,이피티,SEL PIGMENT SUN LOGO POLO TEE (CHARCOAL)
6363972,0.9594,토니로렌스,키링 그래픽 링거 티셔츠 라이트그린
4187013,0.9593,프리덤,메쉬 럭비 져지 (네이비)
5594536,0.9593,텐 패스트 세븐,TP7 프린트 반팔 티셔츠 - 화이트
1040436,0.9592,바이브레이트,ROUND LOGO T-SHIRT (BLACK)
1410645,0.9592,스트리트 스탠다드,GRADATION S/SLV T-SHIRTS
1880899,0.9592,코랄리안,런오프 브라운베어 매쉬 면 반팔 티셔츠 퍼플
6211307,0.9591,낫유즈얼,마운틴실루엣 오버핏 반팔티 4color
4920872,0.9590,그레이버,[UNISEX]플라워스타 래글런 롱슬리브 티셔츠_2color
4795368,0.9589,더마일,마일던 아카이브 스웨트 후드 [BLACK]
5402364,0.9589,아크메드라비,NY HOMMAGE SHORT SLEEVE T-SHIRT (3 COLOR)
6070762,0.9589,어널로이드,웨이브 오버로크 티셔츠 / 스카이 블루
3993093,0.9588,아웃도어 프로덕츠,판다와 롱슬리브 PANDAWA LS
6227659,0.9588,휠라,Drywave 스몰로고 포인트 반팔티(FS262RS02X006001)
1470537,0.9586,드마크,남자여자 언발란스 반팔 오버핏 티셔츠 ver.2 블랙
5276428,0.9586,원헌드레드퍼센트,OHPxHARMONIA 스노클링 고래 세미오버 반팔티P
5443218,0.9586,프라임에이트,[기모/NO기모] CLOUT 오버핏 후드 티셔츠 7 COLORS
6490610,0.9585,오티디,히얼 오버핏 반팔 티셔츠 백메란지
2472703,0.9584,모빈스알,(후디 그레이) PENNA PRIMAVERA SWEAT HOODIE GRAY
3065072,0.9584,크림소다랩,유에스에이 바스켓볼 스몰로고 반팔티 블랙
5142161,0.9584,더블유브이프로젝트,워커홀릭 반팔티셔츠 블랙 HSST7809
6349899,0.9584,크림소다랩,뎁스 C 클럽 로고 워싱 반팔 티셔츠 그레이
5060342,0.9583,더블유브이프로젝트,글린라이트 반팔티셔츠 오트밀 MJST7791
5187557,0.9583,아크메드라비,ADLV BASIC SHORT SLEEVE T-SHIRT (6 COLOR)
4069921,0.9582,1993스튜디오,[LG트윈스] 오버 크롭 티셔츠_화이트
5918963,0.9581,지블랙,스타셀렉션   롱슬리브(BLACK-GREY  PRINT)
4107406,0.9580,수아트,스테레오타입 피그먼트 워싱 티셔츠 샌드
3365184,0.9579,어레이드,A.G.I 더 디핀 티셔츠 [WHITE]
5105820,0.9579,프리덤,해치 프린팅 티셔츠 (블랙)
5435142,0.9579,베트랙트,킵고잉 오버 핏 후드티_블랙
3145386,0.9578,비볼드비쿨,호랑이 [T-Shirt]
5742785,0.9578,아크메드라비,AC BEAR FRIEND X-MAS SHORT SLEEVE T-SHIRT (3COLOR)
4105675,0.9577,챈스챈스,PEACH T-SHIRT
4894974,0.9577,클레버필드,마이에미 야자수 블랜딩 티셔츠_차콜
5174515,0.9577,폴루션,에어로쿨 지퍼포켓 티셔츠 베이지
5402486,0.9577,아크메드라비,BASIC LOGO NAPPING HOODIE (6 COLOR)
565931,0.9576,콴토데로코스,QDLS STRIPE TEE_YELLOW
5582400,0.9576,래코드,(RE;CODE × OBJECTS IV LIFE by Daniel Arsham) Typography T-shirt R0TAX25222WHX
5614856,0.9576,원헌드레드퍼센트,OHPxGOODD4 냥클럽 기모 후드
564061,0.9575,콴토데로코스,SPACE TRAVERLER_TEE_BLACK
4469094,0.9575,유에프씨 스포츠,UFC 프라임 오버핏 후드티 아이보리 U2HDW1301IV
6116616,0.9575,루카,여성 TIJUANA PATHERS 탱크 탑 (VG11SL072RVB)
6183407,0.9575,낫유즈얼,딥그린트럭 오버핏 반팔티 4color
6190584,0.9575,휠라,올데이 반팔 아노락(FS262JK02X005052)
6440356,0.9575,뮤직프리크,Sound Junkie Girl T-Shirt - White
771277,0.9574,레이든,TENNIS PINUP S/S TEE-WHITE
3966353,0.9574,이에스씨 스튜디오,rose short sleeves t-shirt (white)
5142157,0.9574,더블유브이프로젝트,코커 반팔티셔츠 브라운 HSST7801
6032258,0.9574,블로우,"[raw,refined] BLOW X DOSAN atelier floral edit T"
6489946,0.9574,오티디,클라우드투게더 오버핏 반팔 티셔츠 블랙
5080110,0.9573,아크메드라비,SOLO RABBIT ALIEN SHORT SLEEVE T-SHIRT (4COLOR)
6017087,0.9573,더블유브이프로젝트,루스터 긴팔티셔츠 브라운 JILT7843
6070889,0.9573,스노우피크 어패럴,리젠 퀵드라이 그래픽 반팔 티셔츠 (S26MUTTS52) Rustic Khaki
6291169,0.9573,마크곤잘레스,서프 엔젤 반팔 티셔츠 - BLACK
6415289,0.9573,아웃도어 프로덕츠,플렉스 아카이브 로고 티셔츠 (블랙)
6371235,0.9572,엄브로,HBL 풋볼 헤리티지 반팔 스탠넥 아노락 레드 UR224CWT51
6308572,0.9571,코브마스터,[COB X ODP] SUPIMA VARSITY T-SHIRT [CHARCOAL]
6410625,0.9571,더블유브이프로젝트,프레임샷 반팔티셔츠 오트밀 ISST7868
7013352,0.9571,휠라,에센셜 긴팔티(FS263RL01U001001)
5131562,0.9570,언티지,넘버 프린트 링거 민소매 티셔츠(UNISEX)_UTT-ST47
5333328,0.9570,그리디어스,1950 GIRL Hoodie
6134191,0.9570,지블랙,스타셀렉션 크렉 스타 스몰로고 오버핏 반팔(NEON YELLOW)
1632508,0.9568,리즈리스,러브리스 롱슬리브 [black]
4279607,0.9568,어뉴브로스,디어사인 트랙 오버핏 후드티셔츠 4 Color [ANBI_8003]
4955598,0.9568,윈더,DOUBLE-RIB JERSEY TOP - MELANGE GREY
5928662,0.9568,지블랙,셀렉티드 스타   롱슬리브(WHITE)
2297489,0.9567,레이버러스,사인 보드 긴팔 티셔츠 블랙
5229882,0.9567,원헌드레드퍼센트,OHPxJOY4 카피바라 세미오버 반팔티
5995278,0.9567,필립페이커,비엠씨 에이치더블유씨 후드티 피그먼트 빈티지 블루
5535034,0.9566,제멋,레스트 앤 후드 그레이 ISHD2660
1040456,0.9565,바이브레이트,TRIPPER OUTLINE LOGO T-SHIRT
5430784,0.9565,프라임에이트,[기모/NO기모] PROBLEM 오버핏 후드 티셔츠 10 COLORS
6198957,0.9565,엄브로,하이웨이 쿼드러플 반팔 티셔츠 화이트 UR223CRS43
6363611,0.9565,1011갤러리,Copy Service T-Shirts - Yellow
4499705,0.9564,더마일,컴파운드 에트 스웨트 후드 NAVY
5894853,0.9564,그루브라임,여성 3단쭈리 포인트 레터링 후드 티셔츠 (LRTSCTH531M)
6417560,0.9564,오티디,그런지 오버핏 반팔 티셔츠 백메란지
6440360,0.9564,뮤직프리크,Taken by the Sound T-Shirt - White
4191680,0.9563,론앤디마리,[남녀공용] 빈티지 아트웍 티셔츠 콜렉션 (인앤아웃 ver)
5994838,0.9562,스노우피크 어패럴,에어로쿨 크레용 긴팔 티셔츠 (S26SUFTL74) Gray Blue
1040277,0.9561,바이브레이트,BACK PLANET LOGO T-SHIRT (LIME)
2231697,0.9561,레이버러스,미러볼 프린트 티셔츠
5897283,0.9561,그루브라임,분또 여성 그래픽 반팔 티셔츠 (4COLOR) (HRTMCTR514M)
6233455,0.9561,레이버코,락앤롤 레터링 루즈핏 반팔 티셔츠 화이트
6391332,0.9561,리복,시어서커 반팔 셔츠 자켓 - 네이비
4067256,0.9560,깔롱 골프,테리 숏 슬리브 티셔츠 (다크그린)
5960553,0.9560,엄브로,U 스포티 레이어드 긴팔 티셔츠 블랙 UR121CRL12
5990365,0.9560,제멋,어나더데이 후드 그레이 HSHD2688
6440352,0.9560,뮤직프리크,Lo-Fi Kitty Jam T-Shirt - White
1879758,0.9559,코랄리안,런오프 빅로고 반팔 면 티셔츠 핑크
5088471,0.9559,플랫웨이브 인 서울,Aren Print T-Shirts Black
5959657,0.9559,지블랙,스타셀렉션  BOX STAR 7부 티셔츠(NAVY)
4089865,0.9558,우마뭉,Cotton boucle open collar pullover_Citrus
6449889,0.9558,루저스클럽,슬로건 링거 반팔티셔츠 핑크
3205264,0.9557,에이오엑스,Absoule Orbit X T-shirt (Black)
5969775,0.9556,아크메드라비,COLOR MIX MESH HOODIE ZIP UP (2 COLOR)
2631913,0.9554,크림소다랩,멀티 아크 오버핏 포켓 반팔티 그레이 네이비
4353732,0.9554,캉골,CRS 바이커 후디 5152 에크루
5201766,0.9554,리트리버클럽,ALIVE TEE [BROWN]
5918895,0.9554,지블랙,스타셀렉션   롱슬리브(KHAKI-WHITE  PRINT)
6239668,0.9554,유에프씨 스포츠,UFC 불가항력 3.0 릴렉스핏 반팔 티셔츠 화이트 U2SSX2305WH
1815730,0.9553,에이오엑스,WAVE Logo Long sleeve T-shirts(semi-over fit) White
6440370,0.9553,뮤직프리크,Flaim Dancing Skull T-Shirt - Charcoal
4371417,0.9552,버커루,베이직 아트웍 후디 오트밀
6411471,0.9551,폴루션,[제이쇼고] 아이러브킥스그린슈즈 화이트
2631919,0.9550,크림소다랩,스택 업 파쿠 반팔티 아이보리 퍼플
6075054,0.9550,코브마스터,[COB X ODP] SOFTCOOL BEAR T-SHIRT [ORANGE]
2204158,0.9549,리에이크,[이상] 롱슬리브 칼라 티셔츠 블루
4092247,0.9549,본로우,World Tee_Bk
4920765,0.9549,그레이버,[UNISEX]NEW TEAM 롱슬리브 티셔츠_2color
4937036,0.9549,더마일,Surffers Hooded Zip-up [BLACK]
5081618,0.9548,레이몬트,에센셜 트랙 와플 카라 반팔 티셔츠_블랙
6910253,0.9548,스파오,[다마고치] 긴팔티(White)_SPLAG49U01
6278312,0.9547,디터민드,DTMD 베어 _ 화이트
2602720,0.9546,미타,로고 롱슬리브 티셔츠  -  내추럴
4871822,0.9546,컬럼비아 유니버시티,CU BIG WAVE LOGO S/S T-SHIRTS 내추럴베이지
6414703,0.9546,엄브로,Tournament 아르헨티나 저지 블루 UR211CRJ63
6417648,0.9546,오티디,데미지로고 오버핏 반팔 티셔츠 딥네이비
6190335,0.9545,휠라,Coldwave+ 삼단로고 반팔티(FS262RS01X022175)
6397742,0.9545,더바이닐하우스,ANTI LOVE CAMO RINGER TEE BLACK
5116430,0.9544,무라,네버슬립스 티셔츠 화이트
5165688,0.9544,필립페이커,미니 버스 크레용 와이드핏 크롭 롱슬리브 티셔츠 블랙
5446619,0.9544,아카이브 볼드,UNDEFEATED CROP HOOD (GRAY)
6472865,0.9543,에즈아이원,굿데이 레귤러 핏 반팔 티셔츠
4106094,0.9542,비피투디스오더,빈티지 98 링거 티 스카이 블루
5377359,0.9542,엄브로,아치 레터링 자수 피스테 아이보리(UQ321CWT90)
5963275,0.9542,엄브로,U 스포티 니트 후드 티셔츠 차콜 UR121CHD11
3345463,0.9541,언티지,트로피컬 프린트 민소매 티셔츠[Black(UNISEX)]_UTT-ST43
3345855,0.9539,배럴,유니 라이프 베스트 서퍼 티셔츠 옐로우 (B3SUHSS003YLW)
5535024,0.9539,제멋,디프라그먼트 맨투맨 블랙 ISMT2665
6189681,0.9539,라카이,[상의] 독도 강치 수호 나그랑 반팔티셔츠(S~3XL)
6363607,0.9539,1011갤러리,Copy Service T-Shirts - Charcoal (Restock)
2906316,0.9537,제멋,어테인 베이직 롱슬리브 5종 네이비 SOLT2458
3187887,0.9536,티떠블유엔,보거스 반팔 틸블루 JYST3491
1333883,0.9535,오엠지티,Buttock Hoodie Black
4450864,0.9535,더블유브이프로젝트,[2PACK] 아이두 후드 MJHD7754
2731368,0.9534,돌돌,FICO_tshirts-26 익스트림 바다 낚시 앵글러 코끼리 피코 캐릭터 그래픽 디자인 티셔츠
5360756,0.9533,워크어스,빅로고 그래픽 코튼 티셔츠- 화이트
5480810,0.9533,엠오오,멀티 스타 아플리케 배색 후드 - 초코브라운
5339167,0.9532,워크어스,올모스트데얼 빅 크랙 티셔츠 - 챠콜핑크
6364072,0.9531,휠라,Coldwave+ 온더비치 반팔티(FS262RS01X023191)
2778022,0.9530,티떠블유엔,슬레이크 후드 브라운 HHHD3397
5153773,0.9530,꼼파뇨,시르니타 반팔티 스타화이트
5512492,0.9530,에이치덱스,피그먼트 롱 슬리브 (Plum)
5826409,0.9530,스케쳐스,여성 골지 후드 티셔츠_SL3WTCFW032
6244520,0.9530,오언더알,BATH TIME CAPY 반팔 티셔츠 (네이비)
565946,0.9529,콴토데로코스,CAMO LOGO TEE_WHITE
5887389,0.9529,지블랙,글로벌 시티  오버핏 파리 후드 블랙
3882079,0.9528,아페고 스포츠,Signature Hoodie Melange Grey
6320270,0.9527,엄브로,에어그리드 반팔 셔츠 스카이블루 UR211CJK42
5897269,0.9526,그루브라임,덤비베어 와펜 반팔 티셔츠 (4COLOR) (LRAMCTR108P)
6075362,0.9526,코브마스터,SIGNATURE SMALL LOGO T-SHIRT [WHITE]
4549724,0.9525,롬프,TV STAR HOODIE (NAVY)
5838473,0.9524,엄브로,[COOLING] 올라운드 쿨링 트리코트 슬리브리스 티셔츠 블랙 UR121SSL21
6118395,0.9524,유씨엘에이,남녀공용 UCLA BRUINS 스몰 로고 반팔 티셔츠[BLACK](UC4STA1)
6129289,0.9524,디오스피스,(DUC) BB Cross Graphic T-Shirt White
4657185,0.9523,수프라,가먼트 다잉 크라운 스프레이 후드(PINK)
6129288,0.9523,캐주얼 매뉴얼,아웃 오프 루틴 트레인롱슬리브
6162851,0.9523,커넥트엑스,CONECTX x viesti Embroidery Effect Screen Print T-shirt_White
6285846,0.9523,엄브로,HBL 스타챔프 그래픽 반팔 티셔츠 레드 UR211CRS51
4468433,0.9522,챔피온,빅 스크립트 로고 후드 티셔츠 Normal Grey
4499722,0.9522,더마일,옥토버스 브렌치 스웨트 후드 피그먼트 D.GREY
3833483,0.9521,폴루션,유턴 후디_BK/WH
6487315,0.9521,오티디,샤프 오버핏 반팔 티셔츠 화이트
5981623,0.9520,캉골,셰이드 후디 5170 에크루
793380,0.9519,에이 컨텐츠 랩,A.C.L Milan DJ girl T-shirts - PINK
3269703,0.9519,블랙블론드,비비디 클래식 스마일 로고 티셔츠 (화이트)
5234418,0.9519,블로우,Retro Reloaded
2498292,0.9518,인터섹션,스페이스 투어 오버사이즈 티셔츠 [그레이]
6349542,0.9518,크림소다랩,모노그램 엠보 로고 워싱 반팔 티셔츠 그레이
5895737,0.9517,엄브로,HBL 엄그레이 빈티지 아플리케 후드 티셔츠 연청 UR121CHD21
6410629,0.9517,더블유브이프로젝트,초커 피그먼트 링거 반팔티셔츠 딥그레이 JJST7869
3545664,0.9516,그레이버,[UNISEX]백 데이지플라워 스마일 후드티_네이비
6490202,0.9515,오티디,클럽레터링 오버핏 반팔 티셔츠 딥네이비
3126540,0.9514,더블유브이프로젝트,시애틀 후드 네이비 JIHD7651
4437070,0.9514,제너럴아이디어,포스트맨 롱 슬리브 티 [BLACK] / SBD3U01005
4896044,0.9514,본챔스,[7 COLORS] CHMPS SPORTY LOGO 오버핏 반팔티셔츠 B25ST33
6299823,0.9514,커버라이즈,CARTOON BULL TERRIER 캐릭터 티셔츠
6411272,0.9514,폴루션,[제이쇼고] 체게바라 프린팅 반팔티 화이트
5849013,0.9513,타미진스,오버사이즈 아가일 폴로 스웨터 (T32G0KTO13TWT1BDS)
2386870,0.9512,리베레,FOREVER HOODIE / NAVY
3882080,0.9511,아페고 스포츠,Signature Hoodie Black
6172652,0.9511,플랫웨이브 인 서울,Nilo Print T-Shirts Beige
5243119,0.9510,커버라이즈,BULL TERRIER TEE_불테리어 캐릭터 티셔츠 (WHITE)
6411403,0.9509,폴루션,[제이쇼고] 아이러브킥스핑크슈즈 화이트
5413966,0.9507,샌드 사운드,(UNISEX) 스트라이프 롱슬리브 티셔츠  카키
5812238,0.9507,한국농구연맹,[LINE FRIENDS] KBLㅣLINE FRIENDS 풋볼 티셔츠 (현대모비스)마킹불가
3938482,0.9506,컬러블라인드,만트라 긴팔티셔츠 퍼플
4280642,0.9506,제너럴아이디어,롱슬리브 보더 티셔츠 [IVORY] / SBD3U01003
3941231,0.9505,에프디알,[FDRx조계주 of MPQ] Vintage Lettering Hood_Vintage Purple
6363600,0.9504,1011갤러리,Weak Messages T-Shirts - Gray (Restock)
1442153,0.9503,더마일,엠엘 마일스 비치 서프 오버핏 반팔 티셔츠 [블랙]
2655680,0.9503,비피피,love city tee_ green
5503591,0.9503,티떠블유엔,베러 데이즈 후드 네이비 SJHD3629
6078900,0.9503,아스파라거스,멀티 홀 티셔츠_그레이
1020133,0.9502,메리제임스,MORE THAN BLUE HALF SLEEVE - BURGUNDY
1040165,0.9502,바이브레이트,NECK POINT TWO TONE T-SHIRT (BLUE)
5410617,0.9502,쉬스,평양냉면사랑해 티셔츠 I LOVE PYEONGNAENG PRINTING T-SHIRTS_25SS
3352226,0.9501,덕다이브,오프로드 메쉬 숏슬리브 레드
4833904,0.9500,애스플래폼,AW51TN04 W_리브드 슬리브리스 탑_그레이 블루
6278100,0.9499,디터민드,DTMD 베어 _ 블랙
5461319,0.9497,프라임에이트,[기모/NO기모] STICH DENIM NUMBER.888 오버핏 후드 티셔츠 7 COLORS
6227626,0.9497,휠라,피그먼트 워싱 레터링 반팔티(FS262RS01X001042)
2097783,0.9496,오프오스,(UNISEX) 빅로고 오프오스 루즈핏 후드티 그레이
6279520,0.9496,메아,VTG POSTER GRAPHIC T-SHIRT [DUTCH BLUE]
2263370,0.9495,원헌드레드퍼센트,OHP X IROKIBOU  허니 기모 후드
2297214,0.9495,레이버러스,사인 보드 후드티 차콜
6717908,0.9495,코드그라피,CGP 아치 로고 후드티_차콜
5897301,0.9493,그루브라임,여성 18수 덤비베어 서핑 그래픽 반팔 티셔츠 (5COLOR) (LRBMCTR501M)
1948217,0.9492,맥나인도씨,심플 레터링 오버핏 티셔츠_블루
6357701,0.9492,아웃도어 프로덕츠,체인 스티치 티셔츠 (크림)
1879693,0.9491,코랄리안,런오프 피켓 반팔 면 티셔츠 핑크
3394710,0.9491,어뉴브로스,포인트스타 오버핏 반팔티셔츠 10 Color [ANSE_9603]
5196457,0.9491,커버라이즈,HEADPHONE GIRL TEE (WHITE)
4913597,0.9490,필립페이커,비엠씨 미니 버스 크레용 반팔티셔츠 피그먼트 빈티지 핑크
2437078,0.9489,스터프,타이거 루즈핏 헤비 반팔티 블랙
6079437,0.9488,아스파라거스,샌드 메쉬 크로스 지퍼 바라클라바 후디_브라운
6190168,0.9486,휠라,Coldwave+ 우븐 반팔 아노락(FS262JK02X001330)
4678421,0.9485,엄브로,웨이파인더 우븐BIT 니트 후드 티셔츠 블랙(UQ121CHD13)
5229888,0.9485,원헌드레드퍼센트,OHPxGOODD 1983 세미오버 반팔티
5240526,0.9485,로우랩,텐 박스 져지 탑 - 핑크
6449892,0.9485,루저스클럽,슬로건 링거 반팔티셔츠 화이트
3242202,0.9484,어뉴브로스,라이프아치 오버핏 반팔티셔츠 4 Color [ANSE_2002]
4315029,0.9484,챔피온,C로고 나그랑 긴팔 티셔츠 Dark Green
4796990,0.9484,펀치라인,번치 피그먼트 후드 브라운 ISHD9189
5418170,0.9484,원헌드레드퍼센트,OHPxHARMONIA4 불독할로윈 베이직 긴팔티셔츠
6178557,0.9484,더바이닐하우스,BLEED STRIPE TEE RED
2689885,0.9483,돌돌,FICO_tshirts-04 익스트림 바다 낚시 앵글러 코끼리 피코 캐릭터 그래픽 디자인 티셔츠
6021536,0.9483,김익,비스토우 피케 반팔 (검정)
6093550,0.9483,빈폴 멘,기본 브이넥 반소매 티셔츠  블랙
6632593,0.9483,스노우피크 어패럴,[스노우피크 I 도라에몽] 캠핑 반팔 티셔츠 (S26MUFTS94) Off White
3190202,0.9482,프랑켄모노,(20수 오버핏) 투톤크라운 반팔티
2495384,0.9481,돌핀웨이브어패럴,돌핀 어센틱 로고 티셔츠
5011042,0.9481,꼼소넛,Los Angeles Printing Half Cotton T shirt CSOt-309 (ivory) [Unisex]
5528368,0.9481,더블유브이프로젝트,비기너 후드 브라운 HSHD7810
5960349,0.9481,지블랙,스프레이 그래피티  7부 티셔츠(WHITE)
6190214,0.9481,휠라,Coldwave+ 링거 그래픽 반팔티(FS262RS01U001442)
6624362,0.9481,슬레이즈,에이팩스 사인 티셔츠 (화이트) + 8LOCK (1P)
6047330,0.9480,써클 스포츠웨어,써클 에센셜 CAF 긴팔 티셔츠 2.0 오닉스 블랙 공용
6026084,0.9479,엄브로,더비독 레프리 반팔 티셔츠 블랙 UR123CRS36
6440358,0.9479,뮤직프리크,Dragon Amplified T-Shirt - White
5010179,0.9478,1993스튜디오,[LG트윈스x1993스튜디오] 트윈스 아치 로고 그래픽 티셔츠_화이트
3966885,0.9477,문선,"MJ S2 01 M.C UNISEX, Stripe PK Shirt / Pink"
5994456,0.9477,할리데이비슨 컬렉션스®,[BV] 어센틱 이글 반팔티 블랙_HH16111056
3064985,0.9476,클레버필드,드로잉 컬러 그래픽  레빗 티셔츠 [화이트]
3833481,0.9476,폴루션,유턴 후디_BK/PK
4254670,0.9476,플랫웨이브 인 서울,Blou Print T-Shirt Brick
4150933,0.9475,스포츠 일러스트레이티드,CYCLING WOVEN POCKET HALF SLEEVE (DARK KHAKI)
5739729,0.9475,수아트,페르소나 팝 티셔츠
6488999,0.9475,오티디,에비뉴레터링 오버핏 반팔 티셔츠 블랙
2628150,0.9474,폴루션,No Plan B Half T-Shirt(PUNCMTS009_RD)
4151009,0.9474,메이킷투,[SQUARE LOGO] CREW NECK TEE_WINE
4040792,0.9473,누벨르미에르,더블로고 롱슬리브 맨투맨 블랙
5583594,0.9472,아웃도어 프로덕츠,(기모) ARCHED LOGO HOODIE (IVORY)
4673630,0.9471,알브이디,(American Casual Campaign) 알브이디 피그먼트 오버핏 크루넥 롱슬리브 (베이비블루)
5165705,0.9469,필립페이커,비엠씨 미니 버스 크레용 반팔티셔츠 피그먼트 빈티지 베이지
4148427,0.9468,챈스챈스,FOOTBALL T-SHIRT
4861735,0.9468,엄브로,레이트 체크아웃 와플 반팔 카라 하프집업 맨투맨 베이지(UQ221CTS49)
6078852,0.9467,아스파라거스,멀티 홀 티셔츠_빈티지블랙
1058852,0.9466,챈스챈스,MINI CEC T-SHIRT(OATMEAL)
2759974,0.9466,엠엑스리덕터,MX-TSEP01-11 WHITE
5848995,0.9466,타미진스,플러피 폴로 스웨터 (T32G0KTO12TWT1C1G)
2195128,0.9464,리즈리스,오버핏 스웻후드 [크림샌드]
5887385,0.9463,지블랙,글로벌 시티  오버핏 파리 후드 퍼플
1432632,0.9462,폴루션,Continent LOGO OVERSIZE T
3353977,0.9462,메리제임스,BLUE COLLA HALF SLEEVE - BURGUNDY
5528361,0.9462,더블유브이프로젝트,비기너 후드 네이비 HSHD7810
6475641,0.9462,엄브로,[COOLING] 아이스코튼 루즈핏 그래픽 반팔 티셔츠 라이트 그린 UR221CRS62
3193272,0.9461,프랑켄모노,(20수 고퀄) 컬러라운드 반팔티
5950517,0.9460,그루브라임,SPORTS FINALISTS HOODIE (LRSFCTH721M)
6331404,0.9457,라임라잇 어패럴,LLR 아치 로고 러닝 슬리브리스 (화이트/그레이)
2148564,0.9456,스터퍼,Reverse HOODIE
6363590,0.9456,1011갤러리,Only Artist T-Shirts - Charcoal
5551369,0.9455,쿠톤,[기모선택] 모먼트 오버핏 후디 3COLOR
5551375,0.9455,쿠톤,[기모선택] 어웨어 오버핏 후디 3COLOR
5942542,0.9455,르꼬끄,유니 르프레쉬 2pack 반팔티 - 화이트 QR213JRS41
879733,0.9454,피피피,EXPRESS HOODED SWEATSHIRTS (GREY)
5443630,0.9454,프라임에이트,[기모/NO기모] RUNIC 오버핏 후드 티셔츠 11 COLORS
6391862,0.9454,낫유즈얼,드로잉래빗 링거 반팔티 4color
1914458,0.9453,리즈리스,베이식 로고 자수 반팔 티셔츠 [화이트]
6116884,0.9453,와일드락,선버스트 오버핏 후드_8 COL
2996505,0.9452,카비시,CFT STITCH POINT HOODIE PINK(CV2DSUM404A)
6079309,0.9452,아스파라거스,브이 라인 플러스 슬리브 후드 티셔츠
1412129,0.9451,어반드레스,MINI LAUREL T-SHIRT - 5COL
6440367,0.9451,뮤직프리크,Lightning Riff Skull T-Shirt - White
4450850,0.9450,더블유브이프로젝트,[SET] 럭키 후드+퓨어 딜라이트 후드 (JIHD7747+MJHD7753)
6313382,0.9450,더블유브이프로젝트,썬커브 반팔티셔츠 그레이 JIST7863
4092601,0.9449,게인스보로,엠버더리 헤리티지 티셔츠_네이비
4825507,0.9449,리트리버클럽,I LOVE TEE [PIGMENT BLACK]
5836914,0.9449,엄브로,헤리티지 레터링 와플 긴팔 티셔츠 차콜 UR121CRL21
6384014,0.9449,스노우피크 어패럴,[스노우피크 I BT21] 그래픽 반팔 티셔츠 (S26MUFTS90) Dark Charcoal
564834,0.9447,콴토데로코스,BRUSH_TEE_BLACK
5076739,0.9447,본챔스,[3 COLORS] SPROTY UF 오버핏 카모 반팔티셔츠 B25ST75
4744001,0.9444,엔비에이,팀 백 레터링 후드 티셔츠(N251TH030P) 블루
6015017,0.9444,엄브로,맥스핏 레터링 그래픽 반팔 티셔츠 그레이 UR121CRS32
6434792,0.9444,크림소다랩,카모 메쉬 파이핑 오버핏 브이넥 반팔 티셔츠 카키
6489365,0.9444,오티디,컬리지레터링 오버핏 반팔 티셔츠 그린
4538315,0.9443,인스턴트펑크,등판 변형 로고 포인트 공용 티셔츠
6294558,0.9443,크림소다랩,피그먼트 카라 반팔 티셔츠 블랙
6374320,0.9443,리복,어센틱 로고 쿨링 반팔티 - 블루
2506004,0.9442,크림소다랩,파쿠 로고 반팔티 아이보리 버건디
4437072,0.9441,제너럴아이디어,포스트맨 롱 슬리브 티 [VINTAGE KHAKI] / SBD3U01005
6047329,0.9441,써클 스포츠웨어,에센셜 CAF 긴팔 티셔츠 2.0 클레이 공용
4499553,0.9440,매버릭,빈티지 피그먼트 워싱 후드 티셔츠 그레이
4913598,0.9440,필립페이커,비엠씨 미니 버스 크레용 반팔티셔츠 피그먼트 빈티지 모카 무스
5044784,0.9440,디아도라,스트라이프 카라 반팔 티셔츠 KHAKI
6159616,0.9440,엄브로,[QUICK-DRY] 팝러쉬 프레쉬 그래픽 반팔 티셔츠 블랙 UR121CRS35
3081856,0.9439,더블유브이프로젝트,노스웨스트 후드 오트밀 MJHD7642
3814192,0.9438,에즈카톤,유포리아 헤비코튼 후드 화이트오트밀 KMHD6760
5161965,0.9435,빅유니온,멜티드 애플 그래픽 티셔츠 (그레이)
1058825,0.9434,챈스챈스,MINI CEC T-SHIRT(WHITE)
2402582,0.9434,엠엑스리덕터,MX-MTMEP01-02 NAVY
5273342,0.9434,트립션,Outing Rabbit 그래픽 티셔츠 - 8 컬러
5435714,0.9434,할리데이비슨 컬렉션스®,클래식B&S 티셔츠 다크 옐로우 HH16111331
4788474,0.9433,리복,클럽C 40주년 그래픽 티셔츠 - 네이비
5495755,0.9433,더블유브이프로젝트,트윈스카모 후드 베이지 HSHD7830
5063523,0.9432,본챔스,[3 COLORS] 808TRIBAL 오버핏 카모 반팔티셔츠 B25ST70
6322684,0.9432,히피하우스,Gray Stripe Sleeve T-shirt
5053070,0.9431,브이투,조깅 스누피 피그먼트 티셔츠 (NAVY)
5377351,0.9431,돌돌,DMK_T-shirts_56 데블몽키 타이거 코리아 그래피티 티셔츠 반팔티
5446606,0.9431,아카이브 볼드,CUTOUT PANEL HENLEY T-SHIRTS (KHAKI)
5192562,0.9430,이에스씨 스튜디오,jumbo collar t-shirt (brown)
5402342,0.9428,모즈모즈,노이즈번 더티워싱 오버핏 기모 후드 블랙
5446620,0.9428,아카이브 볼드,UNDEFEATED CROP HOOD (BLACK)
5942570,0.9428,르꼬끄,유니 루즈핏 피스테 - 그린 QR123LWT21
6411903,0.9428,폴루션,[제이쇼고] 예맨 보드패피 라글란 티 화이트
6624864,0.9428,유라이프지,인모션 피그먼트 다잉 반팔 티셔츠 5 Color [ULZF_1002]
4750578,0.9427,엔비에이,라글란 배색 긴팔 티셔츠(N251TS021P) 아이스
4880668,0.9426,갈렉스,95 그래픽 숏슬리브 블랙 GA5626 BK
5153768,0.9426,꼼파뇨,DTP 미도우 레인 반팔티 블랙
6082676,0.9426,스노우피크 어패럴,에어로쿨 두들 그래픽 반팔 티셔츠 (S26MUFTS30) White
3365188,0.9425,어레이드,A.G.I 블루 그레이 큐브 티셔츠 [WHITE]
4972013,0.9425,페이크캠퍼,크랙 써클 링거 티셔츠 [IVORY]
6245406,0.9425,커버낫,[커버낫 X 미즈노] 쿨 코튼 모티베이션 그래픽 티셔츠 브라운
6302184,0.9425,스노우피크 어패럴,씬테크 레터링 반팔 티셔츠 (S26MUSTS31) Fog Gray
6812400,0.9425,그루브라임,피그먼트 그래픽 반팔 티셔츠 - 핑크 (LRBMCTR700M)
4099280,0.9424,그레일즈,RACING EMBLEM T-SHIRTS [CHARCOAL]
6356988,0.9424,엠오오,베이스 로우 크롭 반팔티 - 그레이
2263371,0.9423,원헌드레드퍼센트,OHP X YANGCASO  퍼플캣츠 기모 후드
6066613,0.9422,하이타이드 프랭키,Pink Punk Long Sleeve Tee Charcoal
1998496,0.9421,러스티치,APPLIQUE TEE (NAVY)
2138853,0.9421,어퍼스트로피 콤마,베이직 풀 네임 로고 후디 (아이보리/레드)
6363589,0.9421,1011갤러리,Gallery Sylvester Cat T-Shirts - Washed Blue
6743169,0.9421,디아도라,텔레토비 워싱 그래픽 긴팔 티셔츠 GREY
1879773,0.9420,코랄리안,런오프 스트릿 반팔 면 티셔츠 퍼플
6339479,0.9420,원헌드레드퍼센트,OHPxVORIN 베이비이노센트걸no.2 세미오버 반팔티6
2504219,0.9419,티니타이거,Whyrano Short Sleeve T-shirts (White)
2851169,0.9419,덕다이브,오프로드 메쉬 롱슬리브 블랙
5223449,0.9419,랜덤오프,SIGNAL CAMO OVER FIT T-SHIRT (3color)
6026394,0.9419,문선,Tie-Up Jersey Polo Shirt / BROWN
6126064,0.9419,웰터 익스페리먼트,CLIMAFLOW LONG SLEEVE T-SHIRT_BLACK
6182197,0.9419,디아도라,아톰 그래픽 슬리브리스 OFF WHITE
6228482,0.9418,엄브로,크리스피 타슬란 반팔 피스테 네이비 UR224CWT58
3938592,0.9417,컬러블라인드,만트라 긴팔티셔츠 화이트
6388253,0.9417,엄브로,콘크리트 블룸 다잉 반팔 티셔츠 아이보리 UR221CRS55
6394703,0.9417,챌린저,남성 포켓 포인트 카라 반팔 우븐탑 라이트그레이
5495754,0.9416,더블유브이프로젝트,트윈스카모 후드 다크카키 HSHD7830
6075327,0.9416,코브마스터,BRITISH LOGO T-SHIRT [MELANGE]
6910255,0.9415,스파오,[다마고치] 긴팔티(Blue)_SPLAG49U01
565886,0.9414,콴토데로코스,STAY GOLD_TEE_NAVY
5642337,0.9414,앨빈클로,카타리스트 래글런 크롭 후드티 AVH330 (3 COLOR)
6011496,0.9414,스트리트 스탠다드,STSD 에어로쿨 롱슬리브 티셔츠 블랙
5853290,0.9413,후크,Nus 로고 반집업(그레이)
6475721,0.9413,챔피온,챔피온 X 루니툰즈 반팔 티셔츠 마빈 Black
6347126,0.9412,칼렉,올데이 그래픽 슬리브리스 (라이트 그레이)
4355057,0.9411,아크메드라비,BLOCK BEAR HOODIE (2COLOR)
4784398,0.9411,아크메드라비,HEART ALIEN HOODIE (4 COLOR)
5550321,0.9411,더블유브이프로젝트,[2PACK] 피스닉캣 후드 4종 + 와이키 후드 4종 (JJHD7819+JIHD7822)
4835981,0.9408,더마일,어토믹 스웨트 후드 [GRAY]
2403638,0.9406,엠엑스리덕터,MX-MTMEP01-03 PURPLE
5114777,0.9406,더블유브이프로젝트,릴렉션 반팔티셔츠 라이트블루 MJST7798
5810205,0.9406,더랭크,DIABLO TRACE OVER FIT T-SHIRTS [VER.1]
6643179,0.9406,이우트,PAINTED SHOES GALLERY T-SHIRT / WHITE
1868922,0.9405,코랄리안,런오프 플레이어 매쉬 면  반팔 티셔츠 화이트
3945225,0.9405,록히드마틴,HALF ZIP MESH HOODIE PULLOVER (WHITE)
5457663,0.9405,어센더,03바스켓 헤비 오버핏 후디 [블랙]
6338894,0.9402,할리데이비슨 컬렉션스®,플랫트랙 스트라이프 티셔츠 오렌지_HH16111060
6708993,0.9402,크림소다랩,가먼트 다잉 피그먼트 반팔 티셔츠 스모크 차콜
6851932,0.9402,펜듈럼,시그니처 백로고 반팔티 LR2TU254_WHITE
833604,0.9401,플라스크,에센셜 하프 터틀넥 woman-WT
6410606,0.9401,더블유브이프로젝트,뉴프론티어 반팔티셔츠 크림그레이 HSST7864
6070910,0.9400,어널로이드,레이어드 슬리브 카모 티셔츠 / 베이지
6252143,0.9400,할리데이비슨 컬렉션스®,할리 스프레이 오버핏 티셔츠_다크 그레이 HH16111071
6489043,0.9400,오티디,캣사이클론 오버핏 반팔 티셔츠 차콜
1438846,0.9399,오드닷,스트라이프 밑단 배색 티셔츠 (베이지)
4475615,0.9399,더마일,피그먼트 898 크로스 스타 스웨트 후드 PIGMENT D.GREY
4569688,0.9397,유라이프지,클래식이즈 오버핏 후드티셔츠 6 Color [ULZI_5002]
2523920,0.9396,크림소다랩,캠핑 클럽 반팔티 화이트 라임
2760253,0.9396,크림소다랩,어센틱 로고 후드티 그레이
5166862,0.9396,베이프,피그먼트 프린트 에이프 헤드 릴렉스드 핏 티셔츠(M) OLIVE DRAB
5560050,0.9393,쿠톤,리디스커버 피그먼트 롱슬리브 티셔츠 3COLOR
6182173,0.9393,디아도라,아톰 스트라이프 반팔 티셔츠 BLUE
6754266,0.9393,스노우피크 어패럴,Elemental Balance 그래픽 반팔 티셔츠 (S26FUBTS40) Ivory
5468101,0.9392,더블유브이프로젝트,뮤트온 후드 네이비 JIHD7834
1914456,0.9391,리즈리스,큐피트 프린팅 반팔 티셔츠 [화이트]
2004195,0.9391,플루크,어드벤쳐 폰트 피그먼트 오버핏 반팔티셔츠 오렌지 FST705
3234567,0.9390,티떠블유엔,선번 반팔 네이비 HHST3489
5295547,0.9388,랜덤오프,[Unisex] BASIC LINE LONGSLEEVE T-SHIRT (2color)
638726,0.9387,발란트,포인트B 코스모스라인 티셔츠 블루
5231224,0.9386,더마일,SUFFERPAIN MILE CREW [OATMEAL]
5528422,0.9386,더블유브이프로젝트,비기너 후드 그레이 HSHD7810
5025945,0.9384,어굿데이,MINTIA CLOUD TSHIRT (WHITE)
5373087,0.9384,발란트,클래식 컬러 블록 플리스 후드 - 베이지
5550267,0.9384,더블유브이프로젝트,슬럼버 후드 네이비 HSHD7814
6068829,0.9384,토치,NEVER HILL Long Sleeve［WHITE］
4148409,0.9383,챈스챈스,RABBIT T-SHIRT
5969771,0.9383,아크메드라비,TWO TONE THICK PRINT HOODIE (2 COLOR)
6061547,0.9383,무드인사이드,와플 세미 크롭 롱슬리브_White
5443372,0.9382,프라임에이트,[기모/NO기모] NUMBER.888 오버핏 후드 티셔츠 11 COLORS
6356742,0.9382,엠오오,페이드 아가일 크롭 반팔티 - 블랙
1413239,0.9381,스트리트 스탠다드,SD-LOGO S/SLV T-SHIRTS
1879912,0.9381,코랄리안,런오프 럭비 반팔 면 티셔츠 레드
5658576,0.9381,더마일,MAISON DE MERCI MILE  HOODIE [OATMEAL]
5813144,0.9381,엄브로,에센셜 스몰로고 후드 티셔츠 스카이블루 UR123CHD19
6375176,0.9381,제이엑스피,Askin Cooling Big Logo T-Shirt (JR2TSU170OR)
6649479,0.9381,마크곤잘레스,코리아 에디션 스모킹 타이거 반팔티셔츠 - BLACK
2051936,0.9379,클라만,페이스 아트웍 티셔츠
2812617,0.9379,본챔스,CHMPS 패치 니트 후드 B22FT12BK
3738879,0.9379,제멋,아웃라인 오버핏 기모 후드 5종 버건디 OYHD2537
4161339,0.9379,리에마르,시그니처 리에마르 후드 핑크
5398939,0.9379,골스튜디오,ESSENTIAL LAYERED LONGSLEEVE TEE-BLACK
5503604,0.9378,티떠블유엔,도우티 후드 블랙 HSHD3626
2546355,0.9376,드마크,컬러배색 그래픽로고 반팔티셔츠 블랙
5127739,0.9376,마크엠,여성 스몰 로고 루즈핏 후디 (MJIBH8651)
6190589,0.9375,휠라,올데이 반팔 아노락(FS262JK02X005360)
6313387,0.9375,더블유브이프로젝트,썬커브 반팔티셔츠 블랙 JIST7863
2152455,0.9374,스터퍼,Stuffer he comes Hoodie
3293060,0.9374,돌돌,FICO_tshirts-158 익스트림 낚시 브랜드 피코 시즌2 캐릭터 그래픽 디자인 티셔츠
1879668,0.9373,코랄리안,런오프 빅로고 반팔 면 티셔츠 화이트
5128234,0.9371,마크엠,여성 스몰 로고 크롭 후드 집업 (MJIBI8652)
5145111,0.9371,말렌,유니섹스 카울넥 티셔츠 블랙
5322381,0.9371,리,빅 트위치 로고 후드 티셔츠 터키
2680759,0.9370,오버그로우,다 태웠어 세미 오버핏 티셔츠 [카키]
4499911,0.9370,더마일,마일스 로우 스웨트 후드 GREY
4989814,0.9368,오프로드,유니 로고 자수 MTM (인디 퍼플)_5LG5912
4584310,0.9367,크리스첼로,무지 후드 2WAY ZIP-UP_블랙
4862500,0.9366,1993스튜디오,어센틱 로고 자수 티셔츠_화이트
5550261,0.9366,더블유브이프로젝트,스탠다드 후드 네이비 SMHD7842
2195122,0.9365,리즈리스,줄리앙 프린팅 롱슬리브 [화이트]
4162422,0.9365,낫유즈얼,토마토팩 반팔티[BLACK]
4300235,0.9365,이스트쿤스트,G&C HOODIE_CHARCOAL(IK2ESMM407A)
4833905,0.9365,애스플래폼,AW51TN04 W_리브드 슬리브리스 탑_블랙
5656912,0.9365,스포츠 일러스트레이티드,아트웍 가이롭빠 후드 티 (라이트 그레이)
2917214,0.9364,티니타이거,소주한잔 후드티 화이트
6126130,0.9364,웰터 익스페리먼트,AEREN T-SHIRT_BLUE
6160397,0.9362,슬레이즈,트라이벌 크로스 롱슬리브 티셔츠 (블랙)
1020887,0.9361,메리제임스,[남녀공용-오버핏] SPLIT BREAK HALF SLEEVE (5 COLOR)
5080102,0.9361,아크메드라비,BAD BUNNY LOGO SHORT SLEEVE T-SHIRT (3COLOR)
4499854,0.9358,더마일,블루밍 더스트 스웨트 후드 [피그먼트 KHAKI]
2563486,0.9357,엠엑스리덕터,EPISODE 01 / LOOK 11
2624328,0.9357,플루크,피그먼트 오버핏 반팔티셔츠 인디핑크 FST701
5826410,0.9357,스케쳐스,여성 골지 후드 티셔츠_SL3WTCFW031
6129590,0.9357,블루잉,SLOWLY SILENTLY SHINE GRAPHIC TEE [WHITE]
6282406,0.9357,지블랙,서울 시그니쳐 반팔  티셔츠(BLACK)
6330265,0.9357,블로우,PIGMENT_TYPOGRAPHY T-SHIRT [PINK LOGO]
1876993,0.9356,돌돌,RUNCH-T-08 런닝 치타 런치 캐릭터 그래픽 티셔츠
5495713,0.9355,더블유브이프로젝트,스투니 후드 빈티지로즈 JIHD7821
3749006,0.9354,그라픽,코아 트랙 오버핏 후드티셔츠 4 Color [GRPI_7001]
4081135,0.9353,그레일즈,FORWARD HORSE T-SHIRTS [BLACK]
5841490,0.9353,디아도라,폴라텍 알파 다이렉트90 후드티셔츠 SKY BLUE
5229243,0.9352,모빈스알,GLORIA SOCCER JERSEY SEASON2 RED
4327919,0.9351,보나츠 팔레트,BP 팔레트 클럽 오버핏 후디_WHITE MELANGE
4358157,0.9351,빌라봉,여성 티셔츠 BB536GWST
4450863,0.9348,더블유브이프로젝트,아이두 후드 페일퍼플 MJHD7754
4206848,0.9347,캑터스도넛마켓,SnackBar Raglan T-Shirt - White
5995352,0.9346,필립페이커,비엠씨 러블리언 반팔티셔츠 피그먼트 빈티지 그레이
6068808,0.9346,토치,RESISTANCE T-SHIRTS ［BLACK］
1116524,0.9345,프랑켄모노,크리에이티브 후드티셔츠
5430312,0.9343,언타이틀 서울,녹턴 드림 롱슬리브 화이트
6397760,0.9342,더바이닐하우스,ADULTS ONLY TEE GREY
4543173,0.9341,라이크더모스트,소프트 LTMT 오버 후드_와인
4407066,0.9340,스타일릭스,포르쉐디자인 순면 오버핏 반팔 티셔츠2COLOR
6803364,0.9340,온다웨이브,Slogan Blurry 그래픽 후드티 (백 멜란지)
2631916,0.9339,크림소다랩,멀티 아크 반팔티 화이트 그린
5009100,0.9338,낫띵이즈베럴댄미,HAMBURGER STORE TEE_charcoal
6786713,0.9338,떼떼떼,올림픽공원 그래픽 반팔티 (라임)
5229887,0.9337,원헌드레드퍼센트,OHPxGOODD 볼륨100 세미오버 반팔티
5282089,0.9333,컨텐트먼트,Ringer Tee Gray
6053410,0.9333,코리아몬스터,KM23 MONSTER POWER STRENGTH 오버핏 반팔티 블랙
5400159,0.9331,챔피온,빅 로고 피그먼트 오버핏 후드 티셔츠 Purple
5497466,0.9331,블랙모먼트,오드람프 스트링 크롭 후디 [그레이 멜란지]
1165766,0.9330,오드닷,유니섹스 서클 로고 오버사이즈 기모 후드(스카이블루)
5849005,0.9330,타미진스,플러피 폴로 스웨터 (T32G0KTO12TWT10EN)
5490246,0.9329,포스333,Rebellion 333 Hoodie/Melange White
5961011,0.9327,지블랙,제니스 블랙 UNIVERSAL EARTH7부 티셔츠(NAVY)
6380872,0.9327,엄브로,[COOLING] 슬로우킥 냉감 메쉬 레터링 슬리브리스 티셔츠 차콜 UR221SSL53
5841430,0.9326,엄브로,HBL 네오 브릿 스트라이프 반팔 티셔츠 아이보리 UR121CRS22
2387821,0.9325,유쓰배쓰,RAGLAN KNIT T-SHIRT_EUGENE PINK
4919794,0.9325,엠오오,빅타이포 레터링 반팔티 - 다크그레이
4463763,0.9324,현 스튜디오,EARTH BLACK HOODIE [UNISEX]
4511295,0.9323,레큘리,피케 카라 크롭 맨투맨 셔츠 Burgundy
2436813,0.9322,문선,My Granny’s Short Sleeve Sweatshirt [Sky Blue]
6070781,0.9322,어널로이드,웨스턴 하트 티셔츠 / 핑크
6357728,0.9322,아웃도어 프로덕츠,서핑 베어스 아플리케 티셔츠 (네이비)
3021120,0.9321,피피피,EXPRESS LONG SLEEVE (BLACK)
3999933,0.9321,오리지널데이,드로잉 플라워 그래픽 반팔 티셔츠 남녀공용 오버핏_White
6338549,0.9320,무븐,무븐 나이트 그래픽 반팔 티셔츠 블랙
5099869,0.9319,웰터 익스페리먼트,BRISA PULLOVER HOODIE_BLACK
5808580,0.9319,라디네오,멜팅다운 러브 후드 블랙
2448279,0.9316,크림소다랩,모토 캠프 반팔티 화이트 퍼플
4581687,0.9315,그레이버,[UNISEX]웨이브 스타 로고 후드티_그린
4914004,0.9315,더블유브이프로젝트,어스 썸홀 긴팔티셔츠 블랙 JILT7785
153454,0.9313,메가폰,[UNISEX]BASIC LOGO TALL HOOD - blue (기모후드티)
5398935,0.9312,골스튜디오,ESSENTIAL LAYERED LONGSLEEVE TEE-OFF WHITE
5304266,0.9311,골라,SWEAT ZIP HOODIE [DEEP GREEN]
6169131,0.9311,에버루프,스테이쿨 반팔티P EL
6134175,0.9310,지블랙,스타셀렉션 센타포인트 스타 오버핏 반팔(CORAL)
3881697,0.9309,아페고 스포츠,Raglan Logo Hoodie Melange Grey
6440365,0.9308,뮤직프리크,A Pied joker T-Shirts - White
6469809,0.9308,엔엔피스,Skull Stud Sleveless
2703142,0.9307,플루크,슬램 로고 긴팔 티셔츠 화이트 FLT119
6068819,0.9307,토치,F/FEAR T-SHIRTS ［BLACK］
6090329,0.9307,엠오오,레터링 레이어드 후드 롱슬리브 - 블랙
4540115,0.9306,갈렉스,파이핑 컬러블록 웜업 피스테 롱슬리브 버팔로블루 GA4731 BL
4355056,0.9305,아크메드라비,RETRO RABBIT HOODIE (3 COLOR)
4855360,0.9305,1993스튜디오,복싱 클럽 빈티지 그래픽 티셔츠_크림
5076691,0.9305,본챔스,[5 COLORS] CHILL BUNNY 오버핏 래글런 반팔티셔츠 B25ST73
6190300,0.9305,휠라,Drywave 빅리니어 레터링 반팔티(FS262RS01X021001)
6065608,0.9304,쿠톤,덴덜라이언 씨드 오버핏 헤비 반팔티셔츠
5852595,0.9303,후크,Nus 로고 후드티 (아이보리)
1568130,0.9301,스트리트 스탠다드,ARCH-LOGO RAGLAN T-SHIRTS
5379682,0.9301,프라임에이트,[기모/NO기모] TAPE 오버핏 후드 티셔츠 6 COLORS
4540138,0.9300,써치410,휴머니즘 롱슬리브 블랙
4549741,0.9300,롬프,TV STAR HOODIE (BURGUNDY)
4468445,0.9299,챔피온,스몰 스크립트 로고 후드 티셔츠 Normal Grey
5858705,0.9299,원헌드레드퍼센트,OHPxJOY4 b그리움 기모 후드집업
6563031,0.9299,험블아카이브,Archive02 HAHA 반팔 티셔츠
5911718,0.9298,지블랙,유니버설 그래피티  롱슬리브(BLACK-WHITE PRINT)
2133882,0.9297,스텝온리,SUNNY HILLS LOGO HOODIE (MELANGE GREY)
3843036,0.9297,엘무드,디멘션 그래픽 하프 니트 쿨그레이
3755503,0.9296,그라픽,키키 오버핏 후드티셔츠 5 Color [GRPI_6002]
5328249,0.9296,슬레이즈,슬레이즈 코튼 베이직 반팔티셔츠 (화이트)
3537024,0.9295,로얄라이프,RLPH3001 OG 자수 로고 기모 후드티 - 다크그레이
4685506,0.9295,수아트,원투나인 후디
2825965,0.9294,페프스튜디오,에프로고 긴팔 티셔츠 (블랙)
564064,0.9293,콴토데로코스,QANTOS LAND_TEE_BLUE
5162027,0.9290,빅유니온,루즈핏 리브드 슬리브리스 (카키)
4474631,0.9289,플랫웨이브 인 서울,Ziii Print Hoodie Grey Melange
4930494,0.9287,리플레이컨테이너,earth cotton tee (white)
6497131,0.9287,리복,그라데이션 다잉 반팔티 - 와인:민트
5396859,0.9286,노앙,SOFT LAYERED HOODIE T-SHIRT BROWN
5446617,0.9286,아카이브 볼드,UNDEFEATED CROP HOOD (BURGUNDY)
4206850,0.9284,캑터스도넛마켓,Summer Vibe Raglan T-Shirt - White
5826674,0.9283,베이스먼트 아카이브,소프트 나일론 오버핏 스웨트셔츠 블랙
6070621,0.9281,어널로이드,웨스턴 스트라이프 슬리브리스 / 화이트
3609903,0.9279,헤레틱,WAVE HOODIE / mint
1632510,0.9278,리즈리스,러브리스 롱슬리브  [white]
5836757,0.9278,라디네오,크롬 베리 후드 블랙
5911679,0.9278,지블랙,유니버설 그래피티  롱슬리브(KHAKI-BLACK PRINT)
6350998,0.9278,스핏싯,Synthetic Error 티셔츠 5 COLOR
2191147,0.9277,서키,패드록 시그니처 래글런 소매 후드(블랙)(남녀공용)
5219756,0.9277,케이엔드,VTG CHOOPA 스트라이프 티셔츠
2049538,0.9276,클라만,화이트 실켓 심벌 티셔츠
5944762,0.9276,커버낫,버튼 하프넥 후디 옐로우
6229870,0.9274,지플리시,에센셜 슬림핏 티 블랙
6038210,0.9272,유에프씨 스포츠,UFC 불가항력 다잉 릴렉스핏 후드티 그레이 U2HDX1303GR
6364062,0.9272,휠라,Drywave 베이직 빅리니어 반팔티(FS262RS01X018001)
5664657,0.9271,더마일,MAISONDE MILE HOODIE [PIGMENT D.GRAY]
5813137,0.9271,엄브로,에센셜 스몰로고 후드 티셔츠 블랙 UR123CHD19
5984286,0.9271,커버낫,슬럽 아치 로고 롱슬리브 헤더 그레이
6277678,0.9271,디터민드,레드홀스 오버핏
4668805,0.9270,에스터시스,수레국화 오버핏 후드티
4856799,0.9269,이예,Washed Spiral Seam Long Sleeve White
5399269,0.9268,디아도라,벤토 스탠넥 아노락 OFF WHITE
5626864,0.9268,와일드락,(기모추가) 블랙홀 스타 오버핏 후드_10 COL
771275,0.9265,레이든,HIGHEND LAYGOM S/S TEE-NAVY
2415783,0.9265,젠사이,z자카드 하이넥 풀오버 화이트
6172647,0.9264,플랫웨이브 인 서울,Elva Print Longsleeve T-Shirt White
1879847,0.9263,코랄리안,런오프 피켓 반팔 면 티셔츠 민트
6178575,0.9263,더바이닐하우스,NECKLACE VINTAGE SLUB TEE BEIGE
1047823,0.9262,발란트,시그니처 슬로건 베이직 티셔츠 - 블랙
4467973,0.9261,쿠톤,[기모선택] 더엔젤릭 오버핏 후디 3COLOR
4700984,0.9261,수프라,카모 스퀘어 그래픽 반팔 티셔츠(WHITE)
6268715,0.9261,디에스엠티,(M) CORE WARMER LONG SLEEVE_BLACK
2733806,0.9260,러플,프리 스텝 점자 블록 티셔츠 블랙
4898164,0.9259,엠오오,스트라이프 아플리케 레이어드 긴팔티 - 블랙
4152158,0.9257,메이킷투,[HARD WORK] CREW NECK TEE_WINE
5537625,0.9257,아크메드라비,A SYMBOL CIRCLE NAPPING HOODIE ZIP UP (3COLOR)
5032496,0.9256,더스티화이트,블랙 코튼 부클 카라 니트웨어
5450020,0.9256,아오비언스,ABAC 로고 나그랑 후드티 (블랙)
6119285,0.9256,골든선샤인,G.D.S LOW TEE_BLUE
1948213,0.9255,맥나인도씨,불꽃 라벨 오버핏 티셔츠_화이트
6527691,0.9255,어센더,심플 로고 오버핏 후디 2color
6442665,0.9254,와이쏘씨리얼즈,우리 같이 놀자 Hoodie (차은실)
3941212,0.9252,에프디알,[FDRx조계주 of MPQ] Arch Monster Hood_Navy
5838335,0.9252,엄브로,HBL 브릿 캐주얼 크래프트 후드 티셔츠 아이보리 UR111CHD22
6278596,0.9252,디터민드,포효2 오버핏
4355649,0.9251,로얄블러드,수자문 로고 티셔츠
5333329,0.9251,그리디어스,No 1950 Hoodie
6294121,0.9249,인템포무드,뱅가드 마크 슬리브리스 : 2컬러
6652348,0.9248,이에스씨 스튜디오,spnfd t-shirt (mint)
2757827,0.9247,엠엑스리덕터,MX-MTMEP01-03 NAVY
5383090,0.9247,아인플란진,러브 인더스트리 오버핏 후디 (그레이)
6075492,0.9247,더바이닐하우스,LETTERING SLUB HOODIE LS TEE CHARCOAL
6260042,0.9247,이피티,STUDDED EPT T-SHIRT (WHITE)
6397740,0.9247,더바이닐하우스,FONT-HOUSE TEE WHITE
6415291,0.9247,아웃도어 프로덕츠,플렉스 플래그 티셔츠 (네이비)
6220295,0.9243,디오디,토락원 램프 반팔 티셔츠(CREAM)
2755285,0.9240,유니온발란트,앵무새 롱슬리브 티셔츠 그레이
5165690,0.9240,필립페이커,미니 버스 크레용 와이드핏 크롭 롱슬리브 티셔츠 화이트
4148439,0.9239,챈스챈스,PARROT T-SHIRT
4813748,0.9238,라이프워크,라독 빅로고 맨투맨
4298817,0.9237,어뉴브로스,카모스트리트 오버핏 후드티셔츠 5 Color [ANBI_9005]
6528345,0.9236,엄브로,챈트 메쉬 그래픽 스프라이프 슬리브리스 티셔츠 화이트 UR321CSL71
1165765,0.9235,오드닷,유니섹스 서클 로고 오버사이즈 기모 후드(블랙)
6573564,0.9235,쿠톤,바이빙 피그먼트 오버핏 반팔티셔츠
5119921,0.9233,그레이버,[UNISEX]싸인 블루 레터링 백로고 반팔티_3color
5463019,0.9233,콜드웜,Waffle Warmer Hoodie (Black Color) -Women-
3126448,0.9231,돌돌,Roduck_T-shirts_10 로드자전거 오리 로덕 캐릭터 그래픽 티셔츠
5290667,0.9231,원헌드레드퍼센트,OHPxGOODD 피치하트 베이직 긴팔티셔츠
5562943,0.9231,토치,TORCH PRAY HOODIE ［MELANGE GREY］
5994735,0.9231,엄브로,레이스업 메쉬 긴팔 티셔츠 블랙 UR121CRL32
6081450,0.9231,유니폼브릿지,pin stripe s/s t-shirt(womens) black
1868795,0.9230,코랄리안,런오프 코인 반팔 면 티셔츠 오렌지
4975956,0.9230,코닥,에어크롬 소로나 반팔 티셔츠 WHITE
5010365,0.9230,1993스튜디오,[LG트윈스x1993스튜디오] 93 빅 스트라이프 티셔츠_레드
5328318,0.9230,슬레이즈,그레이트 후크고리 반팔티 (화이트)
6070780,0.9230,어널로이드,아뜰리에 티셔츠 / 옐로우
2138896,0.9228,어퍼스트로피 콤마,CONVEX 센터 로고 후디 (블랙/챠콜)
2506002,0.9228,크림소다랩,파쿠 로고 반팔티 화이트 블루
2818693,0.9227,유에프씨 스포츠,UFC 워딩 오버핏 긴팔 티셔츠 화이트 U2LST3334OW
3190252,0.9226,프랑켄모노,(20수 고퀄) 에프와펜 반팔티
5975411,0.9226,에이치덱스,넘버8 래글런 블럭 롱 슬리브 (Melange White)
5658575,0.9225,더마일,MAISON DE MERCI MILE  HOODIE [PIGMENT KHAKI]
6363944,0.9223,토니로렌스,카모 그래픽 반팔 티셔츠
6299672,0.9222,커버라이즈,YCEM 그래픽 티셔츠
6371248,0.9222,엄브로,콘크리트 블룸 레터링 그래피티 반팔 티셔츠 블랙 UR211CRS57
6251015,0.9221,엄브로,HBL 풋볼 푸치보우 베이직 반팔 티셔츠 화이트 UR221CRS53
4977305,0.9219,바쥬비쥬,HOUSE PARTY T-SHIRT [BLUE]
2256362,0.9218,원헌드레드퍼센트,OHP X IROKIBOU 퓨리 기모 후드
5378101,0.9218,롬프,TS SNOW HOODIE (YELLOW)
5835547,0.9218,엄브로,HBL 킹 오브 더 피치 반팔 티셔츠 그린 UR121CRS24
2461954,0.9217,윌리엄스버그 뉴욕시티,Classic Logo Needlework Hoodie_Green
6480484,0.9217,비엘알,(Batman Edition) Harley Quinn Box-logo Graphic Sleeveless Black
5479597,0.9216,나이스고스트클럽,FFATS ROUND COLLAR HOODIE_RED(NG2FFUM410A)
4989115,0.9215,플루크,러닝크루 반팔 티셔츠  네이비 FST339
5742799,0.9215,아크메드라비,AC BEAR FRIEND X-MAS HOODIE (2COLOR)
5075165,0.9211,더블유브이프로젝트,컬러미니 반팔티셔츠 화이트오트밀 MJST7790
771279,0.9210,레이든,NOBODY KNOWS S/S TEE-BLACK
5402414,0.9209,아크메드라비,WOVEN QUILTING WIDE HOODIE (3 COLOR)
6415465,0.9209,온다웨이브,Trace 백 프린팅 티셔츠 (라이트 그린)
5656906,0.9208,스포츠 일러스트레이티드,피그먼트 집업 후드 티 (블루)
2496052,0.9205,돌핀웨이브어패럴,돌핀 라이프가드 티셔츠
5594518,0.9205,텐 패스트 세븐,베이직 로고 반팔 티셔츠 - 화이트
4978751,0.9203,바쥬비쥬,HOUSE PARTY T-SHIRT [BLACK]
6344738,0.9203,말렌,유니섹스 자수 로고 티셔츠 화이트
5148482,0.9202,엠오오,레오파드 아플리케 링거 반팔티 - 베이지
4549761,0.9201,롬프,TV MELT HOODIE (BLACK)
5214655,0.9201,헬리오스,오버핏 티셔츠 시그니처.1 [화이트/오렌지]
1627400,0.9200,코랄리안,런오프 브라운베어 반팔티 블랙
6747496,0.9200,크림소다랩,쿼터 팀플레이 가먼트 다잉 피그먼트 반팔 티셔츠 스모크 차콜
6365631,0.9197,루저스클럽,스타 로고 슬리브리스 민트
4468428,0.9196,챔피온,빅 스크립트 로고 후드 티셔츠 Black
5377465,0.9196,발란트,클래식 컬러 블록 플리스 후드 - 라이트블루
4229472,0.9194,테이크폼,퀵버니 오버핏 반팔티 화이트
4298020,0.9194,에프디알,Washing Applique USA Micro Disk Hoodie Black
4230002,0.9193,엄브로,크리스피 타슬란 긴팔 피스테 네이비(UQ321CWT92)
5357370,0.9191,프라임에이트,[기모/NO기모] PETTY 오버핏 후드 티셔츠 9 COLORS
3112103,0.9189,더블유브이프로젝트,그레이트 후드 블랙 JIHD7648
6078715,0.9188,아스파라거스,플러스 슬리브 티셔츠 ASP 글로시
6536938,0.9188,613서울,크랙 식스 포인트 로고 반팔 티셔츠 (화이트/카모)
6079471,0.9187,아스파라거스,크리즈 밴딩 슬리브리스 후디
4856794,0.9183,이예,Marvle Washed Signet Hoodie Gray
6938446,0.9181,아틀란틱그래픽스,AG 4003 스탠다드 반팔티 (2컬러)
5004176,0.9180,프리덤,사이드 체스트 맨 프린팅 티셔츠 (화이트)
5231329,0.9177,테켓,Stumble Noise Block L/S Tee Purple
1347681,0.9176,큐디엠엠,로고 디숄더 숏슬리브_화이트
6278804,0.9175,1011갤러리,Gallery Muse T-Shirts - Black
1868862,0.9174,코랄리안,런오프 브라운베어 매쉬 면 반팔 티셔츠 화이트
5852547,0.9174,후크,Nus 로고 후드티 (그레이)
4499904,0.9173,더마일,ML 가먼츠 스웨트 후드 [피그먼트 KHAKI]
6815094,0.9173,코드그라피,CGP 스퀘어 로고 후디_라이트그레이
5273797,0.9172,아크메드라비,COLOR LOGO HOODIE (3 COLOR)
5266795,0.9170,디아도라,퍼포먼스 카라 반팔 티셔츠 OFF WHITE
5563315,0.9170,토치,TORCH BEGINS HOODIE ［NAVY］
6190286,0.9170,휠라,Coldwave+ 아카이브 반팔티(FS262RS01X013175)
6190578,0.9170,휠라,올데이 반팔 아노락(FS262JK02X005051)
4450862,0.9168,더블유브이프로젝트,아이두 후드 인디핑크 MJHD7754
6505445,0.9167,엄브로,[COOLING] 아이스코튼 슬리브리스 티셔츠 블루 UR221CSL61
1569642,0.9166,스트리트 스탠다드,D47 EMBO L/SLV STRIPE TOP
6411136,0.9166,폴루션,[제이쇼고] 체게바라 프린팅 반팔티 그레이
5503575,0.9163,티떠블유엔,테네시티 후드 오트밀 HHHD3625
4249408,0.9161,수프라,빅 크라운 로고 긴팔 티셔츠(YELLOW)
6178574,0.9161,더바이닐하우스,EYES DOWN TEE CHARCOAL
6070917,0.9160,스노우피크 어패럴,소로나 기어 반팔 티셔츠 (S26MUFTS06) Mint
3904065,0.9159,챈세스노이,Basket Sweat Hoody (Mix-Blue)
5495710,0.9159,더블유브이프로젝트,스투니 후드 네이비 JIHD7821
6351860,0.9159,그레이티스트,Artist Long Sleeve Light Gray
4292282,0.9158,움파,블루바하마 스티치 반팔 티셔츠
6277919,0.9157,디터민드,호작도2 오버핏
4119922,0.9156,와일드락,와일드 레코즈 온 반팔 티셔츠_블랙
5393618,0.9156,필립페이커,비엠씨 솔리드 오버핏 피그먼트 롱슬리브 블랙
5403439,0.9155,프라임에이트,[기모/NO기모] WORK 오버핏 후드 티셔츠 11 COLORS
6065598,0.9153,쿠톤,스크립트 오버핏 헤비 반팔티셔츠
6227634,0.9153,휠라,피그먼트 워싱 레터링 반팔티(FS262RS01X001442)
3913898,0.9152,쿨트,SUNSET T-SHIRT L.BLUE
4433271,0.9152,에즈카톤,넌센스 헤비코튼 후드 블랙 SHHD6833
5240373,0.9151,로우랩,SUN 로고 반팔티셔츠 - 블랙
6163255,0.9151,송지오,송지오옴므 오리진 티셔츠 블랙 SI3TS310BK
2437058,0.9150,스터프,보스톤 타이거 레이어드 롱슬리브 티셔츠 라이트 그레이
5883949,0.9149,지블랙,글로벌 시티  오버핏 후드 런던 블랙
4151422,0.9148,메이킷투,[DESIGN CLUB] CREW NECK TEE_WINE
2452222,0.9147,윌리엄스버그 뉴욕시티,[Essential] Classic Logo Cutting Hoodie_Navy
4450853,0.9147,더블유브이프로젝트,핸디 후드 오트밀 JIHD7758
4914006,0.9147,더블유브이프로젝트,어스 썸홀 긴팔티셔츠 아이보리 JILT7785
2776602,0.9146,피파 1904,블러킹 후드 라이트그레이(FF23HD06U_120)
2628151,0.9144,폴루션,Board Half T-shirt(PUNCMTS008_BK)
4071746,0.9144,필이너프,BLUE DRAGON TEE / WHITE
6591381,0.9144,엄브로,썸머 PICK 스트라이프 반팔 티셔츠 그레이 UR321CRS71
5630199,0.9143,이알티알,[ERTR X 니들]Cosmic Horse L/S T-shirt Small Fit (white)
6279542,0.9143,메아,SUMMER HAZE LAYERED T-SHIRT [CORAL]
6402343,0.9143,버킷,BCKT FAMILY CAMPER VAN T-SHIRT [BLACK]
1874259,0.9140,노네임니드,인커리져 후드 티셔츠 네이비
1998978,0.9140,에프엠9102,FALL IN LOVE
4487651,0.9140,스포츠 일러스트레이티드,1954 후드티셔츠 (다크베이지)
6220011,0.9136,원헌드레드퍼센트,OHPxHARMONIA4 자신만의 방식 세미오버 반팔티6
4107452,0.9134,수아트,킵고잉 티셔츠 블랙
5950519,0.9134,그루브라임,GVRE TRY HEART MELTING HOODIE (LRSFCTH720M)
1660859,0.9133,랠리포인트,LongSleeve_black
5165686,0.9133,필립페이커,미니 버스 크레용 와이드핏 크롭 롱슬리브 티셔츠 그레이
5897263,0.9133,그루브라임,18수 그루브라임 아치로고 반팔 티셔츠 (8COLOR) (LRAMCTR104P)
6297411,0.9133,휠라,메쉬 반팔티(FS262RS01X014002)
565905,0.9132,콴토데로코스,STRIPE RAGLAN_TEE_YELLOW
5067019,0.9132,블랙모먼트,소로나 스트링 포켓 티셔츠 [코발트 블루]
5581950,0.9132,어앰비션,AMB 레이어드 롱슬리브 (블랙)
5692379,0.9132,그랜피니,레터링 고릴라 기모 후드 티셔츠- 화이트
5273807,0.9131,아크메드라비,DOUBLE LAYER LOGO HOODIE (3 COLOR)
2138862,0.9127,어퍼스트로피 콤마,베이직 풀 네임 로고 후디 (그레이/퍼플)
6643234,0.9126,이우트,ALL OVER PRINT GALLERY T-SHIRT
3205445,0.9125,에이오엑스,Land Miracle T-shirt (White)
3030555,0.9124,더블유브이프로젝트,러프 페인팅 후드 코코아 JIHD7643
4788478,0.9124,리복,클럽C 40주년 그래픽 티셔츠 - 버터
6241349,0.9124,할리데이비슨 컬렉션스®,[MOT] 할리 레이싱 모토 져지 다크그레이_HH16111005
6534223,0.9122,플랫웨이브 인 서울,Wynd Print T-Shirts Charcoal
3205197,0.9120,에이오엑스,White Sculpture and Apple T-shirt (Black)
5285375,0.9120,수아트,솔라시스템 모노 티셔츠
3534908,0.9119,디아도라,AC/DC  스냅 후디 LIME
4788480,0.9116,리복,클럽C 40주년 그래픽 티셔츠 - 화이트
5053081,0.9116,브이투,찰리 브라운 피그먼트 티셔츠 (BURGUNDY)
5402130,0.9116,아웃도어 프로덕츠,MULTI LOGO HOODIE (IVORY)
2240787,0.9115,원헌드레드퍼센트,OHP X DK.JOON 핑크로즈 기모 후드
4920289,0.9115,엠오오,DMC 스트라이프 아플리케 반팔티 - 블랙
2208537,0.9114,어퍼스트롭,[UP9012] 콤마 로고 그래픽 후디 다크 바이올렛
2496045,0.9112,돌핀웨이브어패럴,돌핀 서퍼 그래픽 티셔츠
5468088,0.9111,더블유브이프로젝트,러닝나우 후드 블랙 JJHD7816
1916851,0.9109,누스카,스몰 루디 남녀공용 오버핏 반팔 티셔츠(블랙)
6363945,0.9105,토니로렌스,레터링 로고 반팔 티셔츠  오프화이트
6798037,0.9105,이피티,STRIPED LAYERED T-SHIRT (H/GREY)
3851676,0.9104,엑스트라오디너리,헤비코튼 OLD FASHIONED PRINT HOODIE
6080070,0.9104,디써티원,멀티 스트라이프 반소매 티셔츠(아이보리)
1803402,0.9103,스텝온리,NEWPORT HOODIE (MELANGE WHITE)
6308574,0.9102,코브마스터,[COB X ODP] SUPIMA VARSITY T-SHIRT [GREEN]
4919706,0.9101,엠오오,디스코 그래픽 반팔티 - 블랙
6228489,0.9100,엄브로,크리스피 타슬란 반팔 피스테 와인 UR224CWT58
2683121,0.9099,크림소다랩,연애시대 반팔티 화이트 네이비
5322379,0.9099,리,스몰 트위치 로고 후드 티셔츠 네이비
5116437,0.9097,무라,에어리어 51 티셔츠 블랙
6070870,0.9096,어널로이드,반다나 티셔츠 / 블랙
3269618,0.9095,브라바도,GNR AFD Outline BK (BRENT2350)
5495715,0.9095,더블유브이프로젝트,스투니 후드 크림그레이 JIHD7821
6007551,0.9095,와이오와이,오픈 칼라 반소매 플리츠 티셔츠_3colors
4433654,0.9094,카트리나케이,아이 러브 캣 후드 티셔츠-4color
5264785,0.9093,언타이틀 서울,언타이틀 스테리나잇 슬럽 헨리넥 반팔 워시드 블랙
5503569,0.9092,티떠블유엔,할로우 컬리지 후드 올리브 KJHD3624
5393641,0.9091,필립페이커,슈퍼 듀프 후드티 그레이
4345662,0.9089,웹하우스,컬리 스타 롱슬리브 - 화이트
6065595,0.9086,쿠톤,뮤직시트 오버핏 헤비 반팔티셔츠
6357838,0.9086,커버라이즈,BEST FRIEND 캐릭터 티셔츠 (GRAY / WHITE / BLACK)
5402662,0.9085,아크메드라비,CABLE KNIT HOODIE ZIP UP (2 COLOR)
1954655,0.9084,색 스튜디오,리조트 티셔츠 스카이블루
5487285,0.9084,블랙모먼트,오드람프 스트링 크롭 후디 [문 밀크 멜란지]
5594562,0.9084,텐 패스트 세븐,TP7 프린트 반팔 티셔츠 - 블루
1395669,0.9082,파베르핑거,846 T-SHIRT (WHITE)
6190304,0.9082,휠라,Drywave 빅리니어 레터링 반팔티(FS262RS01X021191)
781888,0.9078,아파트먼트,Desolate Dream Half Sleeve (4 COLOR)
6487433,0.9078,오티디,슈팅스타 오버핏 반팔 티셔츠 블랙
5060335,0.9076,더블유브이프로젝트,컬러블록 반팔티셔츠 빈티지옐로 MJST7788
5375996,0.9076,아웃도어 프로덕츠,STRIPE ZIP-UP HOODIE (RED)
6397851,0.9074,할리데이비슨 컬렉션스®,어센틱 스컬 피그먼트 티셔츠 챠콜 HH16111062
2523925,0.9073,크림소다랩,하와이 백프린트 반팔티 라이트 그레이
5278546,0.9069,꼬모니노즈,WAFFLE LONG SLEEVES T-SHIRT [OATMEAL]
5302729,0.9068,수아트,달 그리고 행성 티셔츠 컬렉션
4756261,0.9067,올어바웃뉴,피그먼트 긴팔티 스톤 ANZ1TR03AST
2297296,0.9065,레이버러스,사인 보드 후드티 머스타드
5883943,0.9065,지블랙,글로벌 시티  오버핏 서울 후드 멜란지 그래이
3456277,0.9061,디써티원,Dit Signal boy DTO Hoodie_Black
4972640,0.9061,믹쓰제이,MIXXJ CHAOS ANGEL TEE (BROWN)
5457120,0.9061,엠페브,우먼스 이지 플레이 숏슬리브 블랙
6402257,0.9061,버킷,BUSAN T-SHIRT [BLACK]
5992042,0.9058,디아도라,크로셰 스트라이프 카라 반팔 풀오버 GREEN
6320265,0.9058,엄브로,[COOLING] 슬로우킥 냉감 반팔 피스테 라이트 그레이 UR221SWT53
5528377,0.9057,더블유브이프로젝트,카인드캣 후드 블랙 JJHD7829
2437059,0.9055,스터프,스터프x주재범 픽셀 디티 로고 레이어드 롱슬리브 티셔츠 라이트 그레이
4836284,0.9054,코닥,코튼 워싱 반팔 티셔츠 PINK
5530631,0.9054,티떠블유엔,글라이드트릭 후드 그레이 HSHD3634
6278833,0.9053,디터민드,포효2 오버핏
4682277,0.9052,코닥,빅로고 그래픽 긴팔 티셔츠 GREY
5664179,0.9051,더마일,IT LOVES MILE HOODIE [OATMEAL]
5820254,0.9051,앤더슨벨,LAYERED LIVE PRINTED T-SHIRT atb1510w(CHARCOAL)
6065609,0.9050,쿠톤,덴덜라이언 오버핏 헤비 반팔티셔츠
5588494,0.9048,에이치덱스,컬러 블럭 저지 롱 슬리브 (White)
570695,0.9045,콴토데로코스,MAD TIGER_TANKTOP_WHITE
2593399,0.9045,사운즈 비뮈에트,SOUNDS 레이어드 티셔츠
5826661,0.9044,베이스먼트 아카이브,소프트 나일론 오버핏 스웨트셔츠 베이지
1486679,0.9041,니어러스,반팔티셔츠NEON LOGO OVER TEE
6167657,0.9041,크림소다랩,라우드 스케이터 그레이  빅프린트 반팔 티셔츠 카키
1148286,0.9040,드마크,언발란스 오버핏 티셔츠 블랙
2797439,0.9039,퍼스텝,캄 후드 블랙 [쭈리/기모] JUHD4519 / JUHD4531
5573156,0.9038,쿠톤,[쿠톤XIGEON] 언더씨 오버핏 후디 3COLOR
762005,0.9035,브라바도,DAVID BOWIE ALADDIN SANE (BRENT1686)
3794090,0.9033,에즈카톤,모터라커 헤비코튼 후드 카키 SHHD6751
4391218,0.9033,제멋,프리덤 오버핏 테리 후드 블랙 OYHD2585
1293156,0.9032,팽고,GOD AND NIETZSCHE 티셔츠 light yellow
6078950,0.9032,아스파라거스,플러스 슬리브 멀티 홀 티셔츠_브라운
6557435,0.9032,에즈아이원,스낵타임  레귤러 핏  긴팔  티셔츠
5127712,0.9030,마크엠,여성 하트 캣 맨투맨 (MJIBH8450)
6363789,0.9028,토니로렌스,아플리케 자수 반팔 티셔츠 오프화이트
3282267,0.9027,돌돌,FICO_tshirts-141 익스트림 낚시 브랜드 피코 시즌2 캐릭터 그래픽 디자인 티셔츠
6279012,0.9026,디터민드,바벨컬 타이거 오버핏
6364088,0.9024,휠라,Coldwave+ 썸머 일러스트 반팔티(FS262RS01X026442)
2881923,0.9023,플루크,레인보우 선셋 후드티셔츠 네이비 FHT2008-Z
4257606,0.9023,캉골,헤비 싱글 롱슬리브 티셔츠 3530 화이트
6724442,0.9023,피치블랙,RE ZERO CROP TEE (BLACK)
5309530,0.9022,캉골,우먼스 스트라이프 긴팔 티셔츠 3542 아이보리
5161962,0.9021,빅유니온,멜티드 애플 그래픽 티셔츠 (화이트)
6081451,0.9018,유니폼브릿지,anchor boy stripe s/s t-shirt(womens) ivory
6232007,0.9018,더 오피셜 레퓨지,HAND BRUSHED BLEECH SHIRT BLACK
5400148,0.9016,챔피온,스몰 로고 루즈핏 후드 티셔츠 Light Grey
5969790,0.9016,아크메드라비,AC BEAR CAMO ALLOVER HOODIE ZIP UP
6190201,0.9016,휠라,Coldwave+ 링거 그래픽 반팔티(FS262RS01U001006)
6190282,0.9016,휠라,Coldwave+ 아카이브 반팔티(FS262RS01X013001)
5528420,0.9014,더블유브이프로젝트,카인드캣 후드 머드베이지 JJHD7829
5400160,0.9012,챔피온,빅 로고 피그먼트 오버핏 후드 티셔츠 Blue
3236365,0.9010,리브레너,유브갓메일 하프슬리브 화이트
1998491,0.9007,러스티치,PATCH POCKET TEE (NAVY)
3932298,0.9004,레큘리,하프&하프 반팔 로고 티셔츠 Red
5498653,0.9003,더블유브이프로젝트,트윈스카모 후드 그레이 HSHD7830
6556905,0.9003,수아트,스테레오타입 모노 티셔츠 피그먼트워싱 챠콜
5995286,0.9002,필립페이커,비엠씨 러블리언 후드티 피그먼트 빈티지 그린
5148428,0.9001,엠오오,카모 아플리케 링거  반팔티 - 네이비
5788857,0.9001,유씨엘에이,남녀공용 프레피 씰로고 긴팔 폴로셔츠[NAVY](UB9LT35)
2396843,0.8999,카멜워크,웨이크보드 반팔티셔츠(네이비)
5495753,0.8997,더블유브이프로젝트,프리키 후드 차콜 JIHD7825
6147808,0.8997,1011갤러리,Pixel Gallery Long Sleeve T-Shirts  - Dark Red
5320696,0.8994,커버낫,베이직 포켓 롱슬리브 Dusty Blue
5630198,0.8990,이알티알,[ERTR X 니들]Cosmic Horse L/S T-shirt Small Fit (navy)
5664170,0.8990,더마일,IT LOVES MILE  HOODIE [PIGMENT GRAY]
3738869,0.8989,제멋,클로버 오버핏 기모 후드 5종 블랙 SOHD2538
4161341,0.8986,리에마르,시그니처 리에마르 후드 머스타드
6075052,0.8986,코브마스터,[양갱 PICK][COB X ODP] SOFTCOOL BEAR T-SHIRT [LIGHT GRAY]
6330210,0.8986,엄브로,[QUICK-DRY] 슬로우킥 프레쉬 다잉 반팔 티셔츠 스카이블루 UR221SRS52
564065,0.8985,콴토데로코스,QANTOS LAND_TEE_GREEN
6329066,0.8984,블로우,PIGMENT_TYPOGRAPHY T-SHIRT [NAVY LOGO]
4184748,0.8983,룰라쿨라,터틀 티셔츠 화이트
5424609,0.8983,제멋,플레인 에센셜 후드 네이비 KJHD2674
5257774,0.8982,엄브로,클래식 긴팔 피스테 차콜(UQ321CWT94)
5836920,0.8981,엄브로,스트라이프 럭비 티셔츠 레드 UR121CTL11
6908438,0.8980,언더클링,NOT HARD 세미 크롭 링거 티셔츠 (블랙)
1903842,0.8978,랠리포인트,Customize Tshirt_White
5088942,0.8976,코닥,스테디움 스트라이프 반팔 티셔츠 NAVY
6397757,0.8975,더바이닐하우스,THE LAZY TEE MINT
5887393,0.8973,지블랙,글로벌 시티  오버핏 밀라노 후드 멜란지 그래이
4445131,0.8971,쿠톤,아스론가 래글런 배색 후드 3COLOR
5673323,0.8971,헬로우,PULSE HOODY 25 BLACK
6606759,0.8971,낫유즈얼,심플스쿨폰트 오버핏 반팔티 4color
4499704,0.8970,더마일,컴파운드 에트 스웨트 후드 GREY
6397769,0.8967,더바이닐하우스,FADED STAR TEE RED
1939907,0.8965,돌돌,WOOPS-T-120  스케이트보드 고양이 웁스 캐릭터 그래픽티셔츠
3843072,0.8965,엘무드,ROCK A BILLY 슬러브 스쿱넥 하프 티셔츠
2631711,0.8964,폴루션,Whale Series-2 Half T-Shirt(PUNCMTS018_RD)
5808564,0.8963,라디네오,멜팅다운 러브 후드 크림
1896931,0.8955,브라이언베리,PALATINO WAPPEN TEE _GREEN
2592902,0.8955,챈스챈스,MINI CEC T-SHIRT(IVORY)
4302859,0.8955,캉골,그라데이션 로고 후디 5148 핑크
5883938,0.8955,지블랙,글로벌 시티   오버핏 서울 후드 퍼플
5273800,0.8952,아크메드라비,BASKET BALL PIGMENT WIDE HOODIE (2 COLOR)
5071609,0.8949,글랙,GT151 몰타 반팔 래쉬가드 (BLACK)
4959305,0.8948,그레이버,[UNISEX]도트하트 래글런 롱슬리브 티셔츠_2color
5563423,0.8947,토치,TORCH BEGINS HOODIE ［BLACK］
6625337,0.8947,원헌드레드퍼센트,OHPxHARMONIA4 물개 세미오버 반팔티P
6075384,0.8942,더바이닐하우스,VINYL ARC LOGO SLUB LS TEE CHARCOAL
5161972,0.8941,빅유니온,시그니처 다잉 티셔츠 (블랙)
5556303,0.8940,쿠톤,더어라운드 피그먼트 오버핏 후디 3COLOR
3236282,0.8939,리브레너,유어셀프  반팔티셔츠 블랙
2776739,0.8937,프랑켄모노,(쭈리기모) 반사로고 후드티
5231264,0.8937,테켓,Overthinking Sounds Tee Orange
4450859,0.8933,더블유브이프로젝트,아이두 후드 네이비 MJHD7754
5976064,0.8933,디써티원,멀티 스트라이프 롱슬리브 티셔츠(차콜&아이보리)
2106705,0.8931,티떠블유엔,슬레이크 후드 올리브 HHHD3397
6293989,0.8930,더왈드,시스템 왈드 로고 코튼 반팔 티셔츠 (화이트)
5503601,0.8929,티떠블유엔,도우티 후드 그레이 HSHD3626
5756113,0.8928,언타이틀 서울,유니콘 바시티 엠블럼 후드티 블랙
3260155,0.8926,그레일즈,MULTI LOGO T-SHIRTS [KHAKI]
5273789,0.8926,아크메드라비,AC BEAR STATUE OF LIBERTY HOODIE (3 COLOR)
2240789,0.8925,원헌드레드퍼센트,OHP X MOAI 스쿠터보이no.2 기모 후드
5572671,0.8924,쿠톤,[쿠톤XIGEON] 어컴플리쉬 오버핏 후디 3COLOR
1431184,0.8922,제너두웍스,행오버 몽키 그래픽 오버핏 반팔 화이트
2487442,0.8922,아카우,오버핏 테리타올 티셔츠 (화이트)
5995275,0.8920,필립페이커,비엠씨 에이치더블유씨 후드티 피그먼트 빈티지 블랙
2253370,0.8917,어퍼스트로피 콤마,풀네임 드로잉 로고 후디 (소라/화이트)
5904642,0.8916,타미진스,박시 배지 후디 (T32G0TTO01TMT2P08)
2090847,0.8914,스텝온리,STAFFONLY COUNTRY CLUB HOODIE (MELANGE GREY)
2523926,0.8912,크림소다랩,하와이 백프린트 반팔티 화이트
2727943,0.8911,돌돌,FICO_tshirts-21 익스트림 바다 낚시 앵글러 코끼리 피코 캐릭터 그래픽 디자인 티셔츠
3208452,0.8911,세인트페인,SP 에슬레틱 SNTPN 로고 티셔츠-화이트 블루
5528352,0.8910,더블유브이프로젝트,블로우하드 후드 버건디 HSHD7837
6528342,0.8906,엄브로,챈트 메쉬 그래픽 로고 슬리브리스 티셔츠 네이비 UR324CSL72
5161958,0.8905,빅유니온,차일드후드 그래픽 티셔츠 (그레이)
877903,0.8902,코드아이엠,SOLAR SYSTEM VERSION2 HOOD MTM WHITE
2448280,0.8901,크림소다랩,모토 캠프 반팔티 블랙 화이트
2364774,0.8898,플루크,마운틴 캐번 그래픽 반팔티셔츠 블랙 FST157
6070625,0.8898,어널로이드,레이어드 디스트로이드 카모 슬리브리스 / 카키
5059649,0.8897,펜필드,우먼즈 컬러 스트라이프 50주년 자수 슬리브리스 레드_FR2KV75F
5836482,0.8896,클래씨클럽,디어 프렌즈 티셔츠 (Black)
2655681,0.8895,비피피,love city tee_ white
6226851,0.8894,굿니스,라이브 굿  티셔츠
3475291,0.8893,리브레너,오버핏 피그먼트 러브도그 롱슬리브 퍼플
6065596,0.8893,쿠톤,익스크루시브 오버핏 헤비 반팔티셔츠
2256364,0.8889,원헌드레드퍼센트,OHP X IROKIBOU 푸우의 반항 no.2 기모 후드
1402551,0.8883,모즈모즈,마운틴 피그먼트 오버핏 티셔츠_민트
4450860,0.8883,더블유브이프로젝트,아이두 후드 블랙 MJHD7754
1329127,0.8882,밀린,유니섹스 그래픽 아카이브 티셔츠(블랙)
4229433,0.8882,테이크폼,나이프 오버핏 반팔티 화이트
4834041,0.8882,티떠블유엔,뉴포인트 후드 카멜 JYHD3611
4880294,0.8879,슬로우애시드,SAC 빈티지 그래픽 롱슬리브 [네이비]
4370314,0.8878,바스락,아치 로고 롱 슬리브 미드나잇
4152364,0.8877,리에마르,시그니처 리에마르 후드 그레이
4223468,0.8877,테이크폼,이글 오버핏 반팔티 블랙
6528255,0.8876,엄브로,챈트 메쉬 그래픽 로고 긴팔 티셔츠 스카이블루 UR321CRL71
5087397,0.8874,믹쓰제이,SLOT MACHINE TEE (BLUE)
6798044,0.8874,이피티,HEART NIBBLE SLEEVELESS (BLUE)
3904057,0.8871,챈세스노이,Basket Sweat Hoody (Mix-Black)
5653643,0.8870,아크메드라비,NEW ADLV BABY FACE BUBBLE HOODIE BLACK
305556,0.8866,코로츠,CRT 기모 아노락 후드 머스타드
4715913,0.8866,원헌드레드퍼센트,OHPxGOODD4 아스트로넛 세미오버 반팔티
3780653,0.8863,이스트쿤스트,HIDEOUT HOODIE_LIGHT GREY(IK2ESMM403A)
3738877,0.8858,제멋,아웃라인 오버핏 기모 후드 5종 블랙 OYHD2537
3715886,0.8857,펀치라인,시큐어 후드 4종 버건디 ISHD6228
3316582,0.8855,돌돌,FICO_tshirts-186 익스트림 낚시 브랜드 피코 시즌2 캐릭터 그래픽 디자인 티셔츠
3966872,0.8852,문선,"01 M.C UNISEX, Stripe PK Shirt / Beige"
3854021,0.8850,아웃도어 프로덕츠,우븐 카라 롱슬리브 탑 WOVEN COLLAR LS TOP
6386587,0.8850,캐주얼 매뉴얼,클럽 넘버7 멤버스 티셔츠 화이트
1781570,0.8848,세스띠,서클로고 롱슬리브 BLACK
6050121,0.8848,노앙,LONELY/LOVELY SALT WASHED HOODIE NAVY
5402140,0.8847,아웃도어 프로덕츠,STANDARD LOGO HOODIE (BLACK)
6305102,0.8845,더블제이디,웨이크 업 베어 반팔티
6468337,0.8841,엔엔피스,Pistols Tee (WHITE)
2840561,0.8837,스캐치드,시그니쳐 그래피티 로고 프린팅 롱슬리브 블랙
5133733,0.8833,마크엠,베이직 로고 후드 (MKIBA8601)
4756200,0.8832,캠브리지 유니버시티,[25SS] 시그니처 반팔 럭비티셔츠 퍼플
6054422,0.8832,커버낫,슬럽 빈티지 카 그래픽 티셔츠 아이보리
4118910,0.8829,리트리버클럽,RUNNING HOWLING TEE [WHITE]
2012714,0.8826,88리미티드,BREATHBRIC T-shirt (GREEN)
5503596,0.8826,티떠블유엔,베러 데이즈 후드 화이트오트밀 SJHD3629
4923796,0.8823,디써티원,Telegram Letter T-Shirt (White)
5145718,0.8823,컬럼비아,공용 PFG 바하마II 반팔 셔츠
6065601,0.8823,쿠톤,스플래시 오버핏 헤비 반팔티셔츠
4298814,0.8822,어뉴브로스,포인트스타 오버핏 후드티셔츠 6 Color [ANBI_9006]
5436299,0.8820,쉬스,맥주사랑해 티셔츠 I LOVE MZ PRINTING T-SHIRTS_25SS
4774255,0.8818,웹하우스,헤븐 파이브 링거티 - 그레이
4822807,0.8818,칼라파타르,KP Signature Logo Loosefit Long Sleeve - BLACK
5213516,0.8818,커스텀멜로우,Black Graphic Half Sleeve T-shirt CWTAM25624BKX
5883942,0.8818,지블랙,글로벌 시티  오버핏 서울 후드 코랄
4391222,0.8816,제멋,프리덤 오버핏 테리 후드 다크그린 OYHD2585
3537027,0.8813,로얄라이프,RLPH3001 OG 자수 로고 기모 후드티 - 핑크
6686128,0.8813,나이키,ACG 드라이 핏 티셔츠 M - 서밋 화이트 / IM5310-121
6070903,0.8811,스노우피크 어패럴,에어로쿨 우븐 패치 반팔 티셔츠 (S26MUFTS24) White
4998925,0.8809,바쥬비쥬,SPORTY JERSEY T-SHIRT [WHITE]
4120932,0.8807,미스터차일드,그래피티 엠씨  티셔츠 마젠타
6626061,0.8805,커먼즈,러닝 베어 반팔티셔츠_블랙
6625220,0.8801,솔넬리아 가브리엘,number 12/REGULAR SLIM FIT SLEEVELESS TOP-BLACK
5793057,0.8800,언더오프,피치스킨 에센셜 컬러 배색 웰메이드 기모 후디
3585543,0.8799,더블유브이프로젝트,캐치 후드 라이트블루 JIHD7688
6402353,0.8797,버킷,BCKT FRIENDS SURF BEACH T-SHIRT [LEMON]
6440368,0.8794,뮤직프리크,Lightning Riff Skull T-Shirt - Charcoal
5053088,0.8793,브이투,찰리 브라운 피그먼트 티셔츠 (KHAKI)
4743801,0.8786,유씨엘에이,남녀공용 스몰로고 베이직 후디[M-GREY](UBRLT82)
5560038,0.8785,쿠톤,잇썬 피그먼트 롱슬리브 티셔츠 3COLOR
4180093,0.8783,낫유즈얼,천명 반팔티 [BLACK]
4876635,0.8779,쿠톤,올디널리 오버핏 헤비 반팔티셔츠
5550957,0.8779,플랫웨이브 인 서울,Tyde Waffle Pigment Longsleeve T-Shirt Charcoal
1875309,0.8778,노네임니드,인커리져 후드 티셔츠 스카이블루
2090820,0.8777,스텝온리,STAFFONLY COUNTRY CLUB HOODIE (NAVY)
5402135,0.8777,아웃도어 프로덕츠,STANDARD LOGO HOODIE (IVORY)
6125544,0.8777,커버낫,온 어 트립 그래픽 링거 티셔츠 세이지 그린
6157378,0.8777,골든선샤인,2G RAGLAN TEE_CHOCOLATE BROWN
1953145,0.8776,카트리나케이,페이퍼 스코티쉬 캣 반팔티셔츠-블랙
2883919,0.8776,챈스챈스,GRANNYS HOODIE(GRAY/기모)
6164289,0.8776,아모우,Cali Bear Half T-Shirts White
1954411,0.8774,색 스튜디오,아뜰리에 티셔츠 블랙
5594500,0.8772,텐 패스트 세븐,베이직 로고 반팔 티셔츠 - 블루
5073242,0.8771,브이투,선글라스 스누피 피그먼트 티셔츠 (BLUE)
3160036,0.8761,슈브토,Space ghost white t-shirt
3989050,0.8759,랜덤오프,BASIC LOGO 후드티 [네이비]
1954628,0.8757,색 스튜디오,리조트 티셔츠 화이트
6929193,0.8752,아디다스,adi365 클라이마쿨 탱크 KE6843
6996729,0.8749,에잇세컨즈,키치 핸드드로잉 그래픽 반소매티  아이보리
4592609,0.8748,유씨엘에이,남녀공용 기모 시그니처 스웨트셔츠[YELLOW](UABLT90)
2749358,0.8746,모즈모즈,로럴 오버핏 기모 후드 메란지
4682278,0.8746,코닥,빅로고 그래픽 긴팔 티셔츠 IVORY
5503551,0.8746,티떠블유엔,시커 후드 네이비 HSHD3622
5650883,0.8745,밀레,moss collec millet knit_MLUFN913
6329884,0.8745,커버라이즈,써핑_BULL TREEIER  캐릭터 티셔츠
3219165,0.8743,쿨트,FISH T-SHIRT 화이트
5318574,0.8742,프레드페리,[M3636] 롱 슬리브 트윈 팁 프레드페리 셔츠 - 옥스블러드/에크루 AFPM2533636-597
6322144,0.8742,히피하우스,Gray Stripe Sleeve T-shirt w. H.H Print
2523916,0.8739,크림소다랩,그레이 로고 반팔티 라이트 그레이 다크브라운
5897271,0.8739,그루브라임,덤비베어 서핑 그래픽 반팔 티셔츠 (5COLOR) (LRBMCTR701M)
5127834,0.8738,마크엠,여성 스몰 로고 크롭 맨투맨 (MJIBH8751)
6016656,0.8736,르꼬끄 골프,[COQ ATTI TAB] 남성 라운드넥 에센셜 티셔츠 민트 GR121MRS21
6528305,0.8735,엄브로,챈트 메쉬 플레임 긴팔 티셔츠 화이트 UR321CRL72
1383931,0.8733,메리제임스,[남녀공용-오버핏] ATHLETIC DONO RUN HALF SLEEVE (4 COLOR)
6402304,0.8733,버킷,SEA YOU WAVE DYED T-SHIRT [SKY BLUE]
3316147,0.8732,문선,UNISEX M.S.S Nachtklub Tee [White]
4873798,0.8731,엘무드,쥬얼 트리밍 하프 티셔츠 화이트
2311595,0.8724,원헌드레드퍼센트,OHP X IROKIBOU 모모 기모 후드
6418483,0.8724,에버루프,b데이즈고바이 반팔티 EL
771273,0.8721,레이든,HIGHEND LAYGOM S/S TEE-BEIGE
5364047,0.8719,리복,헤리티지 우븐 피스테 - 화이트:네이비
6065603,0.8715,쿠톤,해피니스 오버핏 헤비 반팔티셔츠
3852361,0.8714,에즈카톤,그랑프리 피그먼트 긴팔티셔츠 더스트핑크 KMLT6769
2012738,0.8708,88리미티드,BREATHBRIC T-shirt (GRAY)
6408256,0.8708,케이스위스,60th 쉴드 그래픽 티_1KSTSMV905BK
4104039,0.8707,시에라디자인,로사(ROSA) 에어닷 반팔 셔츠 C.BLUE
6296878,0.8701,리복,[F45 Training] 토널 그래픽 티셔츠 - 블랙 / 100274489
5673229,0.8699,헬로우,PULSE HOODY 25 LILAC
5400151,0.8698,챔피온,스몰 로고 루즈핏 후드 티셔츠 Oatmeal
6059955,0.8698,언탭트 스튜디오,Time travel 트랙 럭비카라 오버핏 맨투맨 스웻 티셔츠 3COLOR
1931722,0.8697,데어플레이,슬로건 후드티_멜란지
5185926,0.8697,유라이프지,어스웜 우먼 오버핏 트랙 브이넥 반팔티 4 Color [ULZV_5610]
6007547,0.8696,와이오와이,베이직 라운드넥 반소매 플리츠 티셔츠_3colors
5942410,0.8694,르꼬끄,유니 선데이 루즈핏 스트레이트 팬츠 -크림 QR123LPT32
6176431,0.8694,그루브라임,큰 태양 그래픽 반팔 티셔츠(2COLOR) (LRRMCTA338M)
6130325,0.8690,지블랙,제니스 블랙 오리지널 빅로고 오버핏 반팔(NAVY)
5777917,0.8688,에이던엠,PIGMENT DYED STRIPE LINE HOODIE (CHARCOAL)
5582444,0.8687,래코드,(RE;CODE × OBJECTS IV LIFE by Daniel Arsham) Garment Layered T-shirt R0TAX25221ORX
2523919,0.8685,크림소다랩,캠핑 클럽 반팔티 올리브 네이비
5385561,0.8685,왓더퍽,WTP 오버사이즈  89넘버 져지 블랙
6048052,0.8684,헤지스,[HIS] 화이트 시너리 그래픽 티셔츠
6210033,0.8684,스튜디오 톰보이,[MEN] 보타닉 프린트 반팔 티셔츠_오프화이트 9156222322
6050714,0.8683,플랙,페퍼유 X 플랙 레터링 티셔츠 2colors
2917218,0.8682,티니타이거,세종대왕 후드티 그레이
4375034,0.8682,엘엠씨,FLOWER BUNNIES HOODIE black
4964862,0.8678,믹쓰제이,1980 MINI JERSEY TEE [GREEN]
6338824,0.8678,할리데이비슨 컬렉션스®,레이싱 이글 플래그 티셔츠 아이보리_HH16111068
5402416,0.8677,아크메드라비,DANCING AC BEAR HOODIE (2 COLOR)
4228737,0.8675,아스트랄 프로젝션,[스포츠 클럽 복싱]코튼 루즈핏 반팔 티셔츠_버터 밀크
5430300,0.8675,언타이틀 서울,쉐도우 스타 래글런 롱슬리브 화이트
3548925,0.8668,로우랩,엔조이 오버 롱슬리브 (화이트)
3585118,0.8666,더바이닐하우스,ROCK LS TEE BLUE (VH2DFUT551A)
2740434,0.8665,피파 1904,에센셜 워딩그래픽 후디 옐로우(FF23HD03U_420)
1660864,0.8660,랠리포인트,rll Hoodie_blue
5400157,0.8656,챔피온,빅 로고 피그먼트 오버핏 후드 티셔츠 Charcoal
6083790,0.8655,빅웨이브 컬렉티브,런 이즈 굿 반팔 티셔츠 (스포츠 그레이)
6402376,0.8655,버킷,DAY&NIGHT T-SHIRT [WHITE]
3867812,0.8654,베이직하우스,UNI 소로나 반팔티셔츠 화이트 LYTS3102
6129419,0.8652,마크곤잘레스,OG 계단 두들 그래픽 반팔 티셔츠 - WHITE
5327838,0.8644,슬레이즈,넘버7 메쉬 져지 반팔 티셔츠 (그린)
771272,0.8643,레이든,HIGHEND LAYGOM S/S TEE-WHITE
1116520,0.8641,프랑켄모노,아이디어스 후드티셔츠
5413987,0.8641,샌드 사운드,(UNISEX) 아플리케 그래픽 후디  퍼플
5333293,0.8636,그리디어스,1950 LOGO Hoodie
1811645,0.8635,에이오엑스,Globe Hoodie(Oversize fit) White
5240528,0.8633,로우랩,텐 박스 져지 탑 - 올리브
6325434,0.8633,리브레너,DTF 위크앤드 바이브 쿨코튼 크롭 반팔티셔츠 화이트
5495711,0.8631,더블유브이프로젝트,스투니 후드 브라운 JIHD7821
4638326,0.8630,앨빈클로,슬라이드 피쉬 오버핏 기모 후드티 AVH893 (3 COLOR)
3236340,0.8626,리브레너,유브갓메일 하프슬리브 그레이
5887396,0.8619,지블랙,글로벌 시티  오버핏 밀라노 후드 블랙
1442152,0.8618,더마일,엠엘 월드와이드 밀란 크루 오버핏 반팔 티셔츠 [화이트]
4450857,0.8618,더블유브이프로젝트,포르투나 후드 오트밀 JIHD7759
1474673,0.8613,펠스파브룩,스트라이프 후디[BLUE]
5400154,0.8613,챔피온,스몰 로고 루즈핏 후드 티셔츠 Navy
2191149,0.8612,서키,패드록 시그니처 래글런 소매 후드(네이비)(남녀공용)
6190208,0.8612,휠라,Coldwave+ 링거 그래픽 반팔티(FS262RS01U001191)
5774161,0.8611,에이던엠,PIGMENT DAILY STRIPE HOODIE (MOCKA)
5556296,0.8610,쿠톤,잇썬 피그먼트 오버핏 후디 3COLOR
1331185,0.8609,그레이티스트,GT20SS04 Youth Color Hoodie
4445594,0.8608,쿠톤,스텔라 래글런 배색 후드 3COLOR
4345533,0.8606,크레드먼스,클래식 로고 반팔티 (Black)
5949687,0.8605,에어릿,우븐 타이포 피스테 AM1221 GY
6702382,0.8601,더블제이디,드레드 부클 베어 반팔
5301472,0.8600,1993스튜디오,90S 트랙 피스테_블랙
5838340,0.8597,엄브로,HBL 브릿 캐주얼 크래프트 후드 티셔츠 카멜 UR111CHD22
4297931,0.8595,에프디알,Pattern arrangemet Hoodie Slate Gray
4454666,0.8593,로얄라이프,RLPH900 오리지널 로고 기모 후드티 - 탄
6458551,0.8591,코사지,타이포그래피 반팔티
4428057,0.8590,펜필드,[TRAILWEAR] FADED INDIGO FULL ZIP CROP HOODIE INDIGO_FQ4KH65F
6320516,0.8590,엄브로,[COOLING] 슬로우킥 냉감 긴팔 피스테 라이트 그레이 UR221SWT52
2552535,0.8585,크림소다랩,LAB캠핑 클럽 스몰로고 반팔티 블랙
6557476,0.8582,에즈아이원,아이 러브 잇  레귤러 핏  긴팔  티셔츠
771274,0.8580,레이든,HIGHEND LAYGOM S/S TEE-PINK
4465578,0.8580,더마일,센텐스 이센셜 스웨트 후드 티셔츠 [피그먼트 다크그레이]
6402355,0.8579,버킷,BCKT FRIENDS SURF BEACH T-SHIRT [LIGHT GRAY]
2364870,0.8578,플루크,카라반 캠퍼 그래픽 반팔티셔츠 블랙 FST158
2448283,0.8573,크림소다랩,모토 캠프 반팔티 라이트 그레이 블루
3269569,0.8567,브라바도,NAS Stillmatic ASH (BRENT2407)
2051937,0.8566,클라만,이모지 아트웍 티셔츠
6070863,0.8566,어널로이드,캣 드로잉 스트라이프 티셔츠 / 차콜
4707505,0.8563,아조바이아조,S=D Layered T-Shirt [CHARCOAL]
5386353,0.8562,엘리메노,EL 그라픽 래글런 라인 후드티셔츠 3Color
3123271,0.8561,돌돌,Roduck_T-shirts_05 로드자전거 오리 로덕 캐릭터 그래픽 티셔츠
6079376,0.8561,아스파라거스,브이 라인 플러스 슬리브 후드 티셔츠 메쉬
1364672,0.8556,아임낫어휴먼비잉,Double Brain Short Sleeve T-Shirt - WHITE
5560035,0.8554,쿠톤,투모로우 피그먼트 롱슬리브 티셔츠 3COLOR
6475713,0.8551,챔피온,챔피온 X 루니툰즈 그래픽 반팔 티셔츠 Blue
3989344,0.8545,어반드레스,1988 Ripply T-shirt - 4COL
6645153,0.8544,1989스탠다드,PHANTOM STAR 쿨 코튼 오버핏 반소매 (SISSTD-0265)
4118883,0.8543,리트리버클럽,RUNNING HOWLING TEE [BLACK]
4923800,0.8539,디써티원,Morse code Collage T-Shirt (White)
3990151,0.8537,블랙야크,ZERO캐빈티S_LB
2185030,0.8534,객,[SET UP] GAC LOGO JOGGER SET  yellow (기모)
2883929,0.8533,챈스챈스,GRANNYS HOODIE(GREEN/기모)
2014177,0.8532,파인드칠린,VB1221 웨일웨이브 티셔츠 밴타블랙
2184806,0.8526,마르지하우스,클래식 로고 후디 (아이보리)
6541419,0.8526,공공육이,r:enus hoodie
5969797,0.8525,아크메드라비,BLOCK AC BEAR HOODIE (3 COLOR)
3839574,0.8524,수프라,바시티 아치로고 후드(NAVY)
6097471,0.8523,스노우피크 어패럴,에어로쿨 소매 우븐 패치 반팔 티셔츠 (S26MMFTS28) Dark Khaki
6966927,0.8521,뭉,Fade out fake pocket tee bk
4843479,0.8520,그레이버,[UNISEX]GT-NEW 후드티_4color
1714927,0.8518,88리미티드,RIDING (라이딩 롱슬리브)
4629080,0.8517,바이엘,뮤지엄후드 화이트
5503553,0.8515,티떠블유엔,시커 후드 크림 HSHD3622
4298018,0.8514,에프디알,Washing Applique USA Micro Disk Hoodie M.Gray
6338795,0.8514,할리데이비슨 컬렉션스®,스포츠 레이싱 메쉬 티셔츠 화이트_HH16111074
6528266,0.8513,엄브로,챈트 메쉬 플레임 긴팔 티셔츠 블랙 UR321CRL72
5480530,0.8506,커버낫,웜온 아치로고 플리스 후디 Charcoal
5942394,0.8504,르꼬끄,여성 선데이 루즈핏 크롭 홑겹 자켓 - 크림 QR122LJK32
4980555,0.8502,펜필드,워시드 베이직 포켓 크롭 반팔티 스카이블루_FR2KT01F
1367772,0.8501,쿠르보,로고 후드_버건디 (남 여)
4936494,0.8500,믹쓰제이,TIEDYE FLAME LONG SLEEVE [GREEN]
5430562,0.8500,언타이틀 서울,디스토티드 텍스트 롱슬리브 티 화이트
3537023,0.8498,로얄라이프,RLPH3001 OG 자수 로고 기모 후드티 - 블루
6347160,0.8494,칼렉,올데이 숏 슬리브 남성 (소프트 그린)
4920980,0.8493,그레이버,[UNISEX]NEW TEAM 래글런 롱슬리브 티셔츠_2color
6321951,0.8491,이피티,STRIPED RUGBY HALF ZIP UP (BURGUNDY)
1681617,0.8486,스트리트 스탠다드,D47 LOGO HOODIE
2289477,0.8486,필드매뉴얼,캔들윅 스티키 스웨트후디 그레이
6649485,0.8484,엄브로,챈트 메쉬 베이스볼 반팔 저지 블랙 UR321CFT73
5840567,0.8483,챕터엑스,베이직 트레커 하프집업 스트레치 후디 (Light Grey)
5333288,0.8482,그리디어스,Buble baby Hoodie 02
2496061,0.8480,돌핀웨이브어패럴,돌핀 월계수 그래픽 티셔츠
4206849,0.8478,캑터스도넛마켓,SnackBar Raglan T-Shirt - Gray
2888947,0.8475,원헌드레드퍼센트,OHP X GOODD b페인트걸 베이직 헤비 후드
5040712,0.8475,리복,크랙 유니언잭 티셔츠 - 스카이
5273802,0.8474,아크메드라비,BLUE OVAL LOGO HOODIE (3 COLOR)
5446621,0.8472,아카이브 볼드,939 STAR GRAPICHS HOOD (BURGUNDY)
5594440,0.8471,텐 패스트 세븐,베이직 로고 반팔 티셔츠 - 블랙
6066822,0.8471,하이타이드 프랭키,Golden Dawn Long Sleeve Black
4283072,0.8465,제너럴아이디어,피그먼트 후드 티셔츠 [CHARCOAL] / SBD3U02002
5161960,0.8461,빅유니온,멜티드 애플 그래픽 티셔츠 (블랙)
1397522,0.8457,어반드레스,MARK T-SHIRT - 3COL
4913133,0.8456,엠오오,DMC 아플리케 피그먼트 반팔 - 다크그레이
6147811,0.8455,1011갤러리,It’s Not Paradise Long Sleeve T-Shirts  - Navy
5377545,0.8452,발란트,클래식 컬러 블록 플리스 후드 - 네이비
5594606,0.8452,드마크,M MARC ILLUST STITCH BOXY LONG SLEEVE - White
2772254,0.8444,프랑켄모노,(특기모) 테두리로고 후드티
3281869,0.8444,오디너리피플,[LOON X ORD] 루니툰 테즈 져지 블랙
6245401,0.8444,커버낫,[커버낫 X 미즈노] 씨 네이처 그래픽 티셔츠 오트밀
6278814,0.8443,1011갤러리,Faded Surfer T-Shirts - Navy
6119220,0.8442,골든선샤인,SUN ROUND LONG SLEEVE TEE_WHITE
6839991,0.8442,앤더슨벨,UNISEX ALIEN MACHINERY WAFFLE LONG SLEEVE T-SHIRT (WASHED BLACK)
4276349,0.8436,워독,엔와이씨 로고 티셔츠 니온
5161956,0.8436,빅유니온,차일드후드 그래픽 티셔츠 (화이트)
5480836,0.8435,엠오오,레이지 멀티 아플리케 후드 - 블랙
5887387,0.8431,지블랙,글로벌 시티  오버핏 파리 후드 화이트
6297413,0.8431,휠라,메쉬 반팔티(FS262RS01X014442)
6160411,0.8428,슬레이즈,트라이벌 크로스 롱슬리브 티셔츠 (화이트)
3236255,0.8427,리브레너,유어셀프  반팔티셔츠 화이트
5853303,0.8418,라디네오,크롬 큐브 후드 블랙
1329180,0.8416,밀린,유니섹스 그래픽 아카이브 롱슬리브 티셔츠(화이트)
5664249,0.8415,더마일,RAW AND NEW MILE HOODIE [PIGMENT D.GRAY]
5987197,0.8413,더블제이디,슈퍼붐 반팔티 (화이트)
6410670,0.8413,폴루션,[제이쇼고] 프린스 프린팅 반팔티 화이트
3904051,0.8412,챈세스노이,DoorBox Sweat Hoody (Mix-Black)
2880051,0.8410,챈스챈스,LOVE HOODIE(MINT/기모)
2983997,0.8408,쉴드,HAIRY FLEECE MENS HOODIE+NECK WARMER
4897458,0.8408,라디네오,아삭 후드 블랙
6176338,0.8408,그루브라임,그루브라임 다운타운 반팔 티셔츠 (LRSMCTR720M)
1896974,0.8407,크림소다랩,베이스볼 클럽 반팔 티셔츠 아이보리
2498318,0.8407,인터섹션,스페이스 투어 오버사이즈 티셔츠 [화이트]
5503570,0.8403,티떠블유엔,할로우 컬리지 후드 크림 KJHD3624
5479598,0.8400,나이스고스트클럽,FFATS ROUND COLLAR HOODIE_BLACK(NG2FFUM410A)
4355059,0.8399,아크메드라비,BLUR SKETCH BEAR HOODIE (3 COLOR)
6350996,0.8399,스핏싯,STREET SHARDS 티셔츠 5 COLOR
3334015,0.8395,원헌드레드퍼센트,OHP X GOODD b페인트걸 피그먼트 반팔티2
4159914,0.8394,아스트랄 프로젝션,[그라피티]코튼 루즈핏 반팔 티셔츠_화이트
6365630,0.8390,루저스클럽,스타 로고 슬리브리스 그레이
6075350,0.8389,코브마스터,SIGNATURE BIG LOGO T-SHIRT [WHITE]
2244461,0.8387,원헌드레드퍼센트,OHP X IROKIBOU 마이부 기모 후드
3904048,0.8379,챈세스노이,DoorBox Sweat Hoody (Mix-Chacoal)
3603598,0.8375,밀리밀리언,COBBLESTONE SIGNATURE HOODY T21-WHITE
1647425,0.8366,드마크,남자여자 백그래픽 배색 라글란 긴팔티 그레이
2219880,0.8363,칸6312,KHC0019 부활 기모 후드 - 크림
2487147,0.8363,아카우,오버핏 베이직 폰테 티셔츠 (베이지)
4983643,0.8362,블랙야크,ZERO 공용 캠핑C 그래픽 반팔티_BH
4532669,0.8354,그레이버,[UNISEX]빅 베어스마일 후드티_블랙
2297465,0.8351,레이버러스,사인 보드 긴팔 티셔츠 화이트
4947386,0.8334,르몽생미셸,unisex back print t-shirts_oatmeal
4168575,0.8333,어뉴브로스,브로스클럽 오버핏 트랙 반팔티셔츠 4 Color [ANSE_3502]
5913781,0.8332,커버낫,베이직 스트라이프 롱슬리브 차콜
6018872,0.8331,할리데이비슨 컬렉션스®,[BV] 플레임 라이더 후디 챠콜_HH16109004
2506003,0.8322,크림소다랩,파쿠 로고 반팔티 네이비 옐로우
2042640,0.8321,88리미티드,J-9 TIMETRACK22 (타임트랙22 쟈켓-RED)
3126538,0.8318,더블유브이프로젝트,시애틀 후드 그린 JIHD7651
5490251,0.8317,포스333,Rebellion 333 Hoodie/Black
2747466,0.8306,유니온발란트,앵무새 헤비스웻후디 멜란지1%
751399,0.8305,써치410,(UNISEX) INCH OVER T_BLACK
4835949,0.8302,더마일,어토믹 스웨트 후드 [PIGMENT D.GRAY]
4329686,0.8301,트립르센스,서퍼 스트라이프 롱슬리브_네이비
2218058,0.8292,헬븐,H/V SMILEDOG 프리미엄 기모 후드_그레이 (GPH4-2HVA37)
2462095,0.8272,엠엑스리덕터,EPISODE 01 / LOOK 07
5995283,0.8267,필립페이커,비엠씨 러블리언 후드티 피그먼트 빈티지 블루
3112099,0.8260,더블유브이프로젝트,그레이트 후드 그레이 JIHD7648
2297253,0.8255,레이버러스,사인 보드 후드티 화이트
6167691,0.8255,크림소다랩,라우드 그래피티 스트릿  반팔 티셔츠 화이트
6395333,0.8255,심웍스,올드 26 후드
5409778,0.8251,크림소다랩,오버클럭 투엑스라지 럭비 져지 롱슬리브 블랙
5636849,0.8247,어젠더,피그먼트 어젠더 긴팔티 그레이
5060341,0.8230,더블유브이프로젝트,글린라이트 반팔티셔츠 블랙 MJST7791
5559133,0.8227,하이타이드 프랭키,Nosso bebe amado  Long Sleeve Tee White
2030516,0.8226,아이코노그라피,PIGMENT PROTOTYPE  IDPK
4469099,0.8224,유에프씨 스포츠,UFC 그래피티 릴렉스핏 후드티 샴페인핑크 U2HDV3303CP
2749767,0.8219,모즈모즈,톤다운 레글런 오버핏 기모 후드 블랙
5234427,0.8219,블로우,Rabbit Graphic_01
4508934,0.8209,엠오오,옵티미즘 아플리케 후드 - 샌드베이지
5468105,0.8203,더블유브이프로젝트,뮤트온 후드 카키 JIHD7834
3001552,0.8202,크림소다랩,네버 기브업 글러브 오버핏 후드 그레이
5333294,0.8201,그리디어스,1950 GIRL Hoodie
6157376,0.8197,골든선샤인,2G RAGLAN TEE_RED
2628153,0.8193,폴루션,Poster Half T-Shirt(PUNCMTS012_WH)
6624441,0.8193,솔넬리아 가브리엘,number 11/REGULAR SLIM FIT SLEEVELESS TOP-BULE MIST
5215437,0.8192,피에스씨,레트로 웨이브 스트라이프 카라 반팔 니트 _ 그린
4159378,0.8182,쿠시코크,(M) 라이더 롱슬리브 티셔츠 블랙 크림 RIDER LS T-SHIRT BLACK/CANNOLI CREAM
2012729,0.8170,88리미티드,BREATHBRIC T-shirt (PURPLE)
4475423,0.8163,더마일,캣스타 카운트 스웨트 후드 BLACK
2042628,0.8162,88리미티드,J-9 TIMETRACK22 (타임트랙22 쟈켓-BLUE)
5607044,0.8160,웍스앤코,스테이 와일드 후드 티셔츠 (카키)
1451611,0.8154,색 스튜디오,COZY BLOCK T-SHIRTS OATMEAL
1593497,0.8154,우빙,HOSPITAL STRING TURTLENECK (BLUE)
3236451,0.8151,리브레너,오버핏 헤비웨이트 스케이트 파이어 하프슬리브 블랙
4799000,0.8149,더마일,매니페스 더마일 스웨트 후드 [PIGMENT GRAY]
6119280,0.8147,골든선샤인,STAY PQ TEE_DEEP GREEN
5678505,0.8140,원헌드레드퍼센트,OHPxJOY b베어스백 기모 후드
6607775,0.8139,드마크,M text graffiti boxy short sleeve tee- khaki
5037676,0.8133,플루크,시티 어드벤처 크랙 반팔 티셔츠  블랙 FST336
5231706,0.8133,테켓,Folder L/S Tee Cream
5588520,0.8131,에이치덱스,윙드 로고 컬러 블럭 후디 (Navy)
6160678,0.8130,르꼬끄,유니 루즈핏 반팔 셔켓 - 베이지 QR223LJK43
5420484,0.8129,웹하우스,아임 펑크 후드 - 차콜
5037678,0.8128,플루크,시티 어드벤처 크랙 반팔 티셔츠  그레이 FST336
4980550,0.8123,펜필드,인디고 틴워싱 헨리넥 반팔티 옐로우_FR2KT44U
4478476,0.8116,티글레이크,티글레이크 레터링 오버핏 기모 후드티셔츠 그레이
2818703,0.8112,유에프씨 스포츠,UFC 릴렉스핏 그라데이션 다잉 후드 티셔츠 그레이 U2SWT3338LG
2384819,0.8111,카멜워크,어센틱 로고 반팔티셔츠(화이트)
6397772,0.8100,더바이닐하우스,FADED STAR TEE WHITE
4923698,0.8098,디써티원,Stripe Football Jersey Polo (Mint Green)
5219759,0.8096,케이엔드,가먼트 다잉 포켓 티셔츠 와인
5420446,0.8096,웹하우스,트위스터 락스타 후드 - 카키
6450730,0.8093,더블제이디,다이어리 덥제 반팔 티셔츠
2152461,0.8091,스터퍼,Stuffer college logo Hoodie
5443482,0.8085,프라임에이트,[기모/NO기모] CLASH 오버핏 후드 티셔츠 10 COLORS
6131876,0.8085,블루잉,BLUEING BLUR LOGO GRAPHIC TEE [BLACK]
6645268,0.8081,드마크,M piece graphic standard fit French short-sleeved Black
4784372,0.8080,펀치라인,아그리파 스트링 후드 다크카키 NSHD9187
6525687,0.8078,모드나인,Cracking Sky - Oversized T-Shirt Black
5659665,0.8045,더마일,MONOSPACE MILE  HOODIE [BLACK]
4880664,0.8039,갈렉스,데이지 아트웍 숏슬리브 화이트 GA5625 WH
5914843,0.8035,버튼서울,에센셜 데일리 크루넥 숏슬리브 티셔츠 (8 COLORS)
5393643,0.8033,필립페이커,엠씨엘 트리플 크랩 후드티 베이지
5630197,0.8028,이알티알,[ERTR X 니들]Cosmic Horse L/S T-shirt Small Fit (black)
4975076,0.8022,피에스쇼퍼,스몰로고 워싱 후드 [블랙]
1863184,0.8014,피엠코,피 앳 티셔츠 (화이트 멜란지)
3867830,0.8014,베이직하우스,UNI 쿨(COOL) 분또 반팔티셔츠 화이트 LYTS3103
5413976,0.8008,샌드 사운드,(UNISEX) 로우 엣지 디테일 스 셔츠  그레이
6495777,0.8001,공공육이,0062Era longsleeve
5994745,0.7998,엄브로,레이스업 메쉬 긴팔 티셔츠 블루 UR121CRL32
5562812,0.7989,토치,TORCH 0.3.1 Logo HOODIE ［MELANGE GREY］
5290670,0.7986,원헌드레드퍼센트,OHPxHARMONIA 피쉬캣 베이직 긴팔티셔츠
3365185,0.7984,어레이드,A.G.I 에딕션 티셔츠 [BLACK]
6090356,0.7973,엠오오,배색 라인 스트라이프 후드 롱슬리브 - 버건디
2381126,0.7968,프로-스펙스,CLASSIC OS LOGO HOODIE_GRAY
2479662,0.7967,크림소다랩,그레이 서퍼 반팔티 라이트 그레이
5602093,0.7965,문선,MJ Crop Turtle Neck Knit / Gray
5573959,0.7959,베이직하우스,UNI 면16수 릴렉스핏 반팔티셔츠 오렌지 LATS0109
6182522,0.7959,타미진스,[UNISEX] 포스터 반팔 티셔츠 (T32G1TTO43TMT1BDS)
6604254,0.7956,브리핑 골프,남자 에센셜 로고 포인트 폴로 티셔츠_화이트
1974235,0.7953,아이코노그라피,SURREALISM MOVEMET FLOWER STAR WH
5539550,0.7950,더바이닐하우스,CURSIVE WRITING TYPO HOODIE PURPLE
2408982,0.7949,어퍼스트롭,[UP9037] 캠핑그래픽 티셔츠 블랙
3280092,0.7944,바스틱,러브 킬스 티셔츠_차콜
2880037,0.7937,챈스챈스,LOVE HOODIE(SKY BLUE/기모)
3999442,0.7937,더블유브이프로젝트,폴링 반팔티셔츠 빈티지핑크 JIST7707
1384528,0.7933,이에스엔,퓨어 헤비 반팔 티셔츠 크림
4580204,0.7932,웬유무브,시그니쳐 크랙 로고 후드티 (기모) OATMEAL
2496066,0.7917,돌핀웨이브어패럴,돌핀 타원 그래픽 티셔츠
6081214,0.7913,1011갤러리,Gallery Logo Long Sleeve T-Shirts - Green
1486697,0.7912,니어러스,반팔티셔츠PIGMENT EARTH LOGO OVER TEE
2407885,0.7911,살롱드서울,유니섹스 텍스처드 유 네크라인 슬리브리스 - 블랙
1868938,0.7902,코랄리안,런오프 그리드 매쉬 면  반팔 티셔츠 오렌지
6093479,0.7902,나이키,스포츠웨어 티셔츠 M - 코코넛 밀크 / IM9334-113
6006481,0.7898,더비 아카이브,소로나 오버핏 로고 티셔츠 블랙
4827709,0.7893,슬로우애시드,스터드 워시드 와이드 후디 [버건디]
6607782,0.7889,드마크,M text graffiti boxy short sleeve tee -  Charcoal
5495743,0.7888,더블유브이프로젝트,프리키 후드 브라운 JIHD7825
6076627,0.7886,유에프씨 스포츠,UFC 1993 릴렉스핏 후드 슬리브리스 멜란지 그레이 U2SLX2106MG
4799025,0.7878,더마일,매니페스 더마일 스웨트 후드 [PIGMENT KHAKI]
5892651,0.7878,엔엔피스,SHOEGAZE HOOD
1486755,0.7877,니어러스,반팔티셔츠MOMENTON LOGO OVER TEE
4561860,0.7876,에키에타,Pilgrims Hoodie in Azure
4230972,0.7863,디오디,소로나 베이직 라운드 숏 티셔츠(맨즈) - OFF WHITE
5162028,0.7861,빅유니온,루즈핏 리브드 슬리브리스 (그레이)
6357590,0.7858,커버라이즈,펭귄솔져 캐릭터 티셔츠 (GRAY / WHITE)
1434779,0.7856,드퐁,오픈 카라 니티드 티셔츠 차콜그레이
4340119,0.7849,캉골,KNGL 포켓 후디 5147 버건디
6171403,0.7844,게스,2color 넥 배색 스트라이프 민소매 OQ2K5459
3628824,0.7842,베스띠또,발색 READY로고 우븐배색 그레이 후디
5883956,0.7833,지블랙,글로벌 시티  오버핏 후드 런던 멜란지 그래이
6365629,0.7827,루저스클럽,스타 로고 슬리브리스 화이트
6961553,0.7812,노디,인시그니아 레이어드 슬럽 롱슬리브 다크 차콜
6357105,0.7805,엠오오,멀티 아플리케 크롭 링거 반팔티 - 버건디
1250986,0.7803,에스에스큐알,Unisex Embroidered Hooded Sweatshirt KIZ_H_01_MUSTARD_LARGE
5191906,0.7798,폴루션,시어서커 우븐 티셔츠 블랙
2277583,0.7794,원헌드레드퍼센트,OHP X IROKIBOU 앵무새 기모 후드
4327920,0.7792,보나츠 팔레트,BP 팔레트 클럽 오버핏 후디_BROWN
5883961,0.7782,지블랙,글로벌 시티  오버핏 후드 런던 퍼플
6541501,0.7780,세인트크루,무지 보트넥 5부 반팔티셔츠 BHR-898 블랙
6090576,0.7774,엠오오,배색 와플 헨리넥 롱슬리브 - 블랙
6096369,0.7773,순진,사랑유랑 슬리브리스 [WHITE]
5273808,0.7768,아크메드라비,ADLV PIGGYBACK HOODIE (3 COLOR)
4159379,0.7763,쿠시코크,(M) 라이더 티셔츠 야스민 옐로우 RIDER T-SHIRT YASMINE YELLOW
3904054,0.7755,챈세스노이,Basket Sweat Hoody (Mix-Melange)
1958337,0.7750,블론드나인,오픈 카라 펀칭 니트_아이보리
3213871,0.7745,더바이닐하우스,KISS ME TEE WHITE (VH2DMUT511A)
4314308,0.7740,어반드레스,Aliens Unisex Hoodie - 3COL
4470380,0.7732,트립션,Big Logo Compil Graphic 후드티 - 9 컬러
4923810,0.7723,디써티원,Surfing Dah Ringer T-Shirt (White)
2628154,0.7712,폴루션,No Plan B Half T-Shirt(PUNCMTS009_WH)
4756332,0.7708,캠브리지 유니버시티,[25SS] 반팔 멀티 스트라이프 럭비 티셔츠 그레이
2148560,0.7701,스터퍼,Daisy HOODIE
6481931,0.7693,잔그랑,화이트 에센셜 티셔츠
4539576,0.7682,갈렉스,데일리 포켓 숏슬리브 피그먼트챠콜 GA4284 CH
3585558,0.7679,더블유브이프로젝트,원더 유니버스 후드 블랙 MJHD7696
2755233,0.7635,피파 1904,라인 기모 후디 그린(FF24HD02U_730)
5815126,0.7628,아크메드라비,GARDEN FUZZY RABBIT SHORT SLEEVE T-SHIRT (2COLOR)
5034962,0.7627,노앙,WIRE STRIPE RUGBY SHORT SLEEVE T-SHIRT BROWN
6436481,0.7625,빠쎄,릴렉스 크롭티 [네이비]
2140112,0.7621,데어플레이,컬러 블락 풀오버 후디_버건디
3521034,0.7620,티떠블유엔,큐리어스 후드 네이비 HSHD3514
4678970,0.7618,써치410,트레이서 크랙 반팔티 블랙
5963277,0.7603,엄브로,U 스포티 니트 후드 티셔츠 브라운 UR121CHD11
2788675,0.7600,더블유브이프로젝트,너트 후드 페일핑크 JNHD7620
4080123,0.7588,티떠블유엔,맨인어프 반팔 네이비 HHST3563
4876564,0.7585,쿠톤,로커캣 오버핏 헤비 반팔티셔츠
6140593,0.7584,디오디,토락원 가마보코 반팔 티셔츠(BEIGE)
1486771,0.7583,니어러스,반팔티셔츠EARTH LOGO OVER TEE
2479664,0.7576,크림소다랩,그레이 서퍼 반팔티 아이보리 퍼플
5112784,0.7569,포스333,Uncaged Slogan T-Shirt/Black
6277511,0.7567,래코드,Printing Detail Longsleeve T-shirt RKTAA24614WHX
5528093,0.7566,웹하우스,웹 가이 포토 후드 - 화이트
5273810,0.7556,아크메드라비,PAINT EFFECT HOODIE (3 COLOR)
6449891,0.7556,루저스클럽,슬로건 링거 반팔티셔츠 옐로우
3300482,0.7552,노이어,수피마 코튼 럭스 티셔츠 (민트그린)
1347698,0.7551,큐디엠엠,로고 디숄더 숏슬리브_오션블루
6201499,0.7547,큐티에잇 가먼츠,LB All New Washed Tee (Ivory)
2559109,0.7545,질츠,NOISES 오버핏 티셔츠 화이트/레드
2186276,0.7527,드마크,집업슬리브 언발란스 그래피티 후디 기모 레드
5183235,0.7521,챕터엑스,퀵 드라이 액티브 러너스 후디 (Black)
3585546,0.7519,더블유브이프로젝트,캐치 후드 블랙 JIHD7688
5004381,0.7513,곤니치와봉쥬르,링거 스포르팅 티(화이트/블루)
4748874,0.7512,체이스컬트,공용 에센셜 로고 후드 티셔츠-그레이
1824429,0.7510,크림소다랩,캠핑 클럽 후드티 그레이
3230851,0.7509,바스틱,FAS 스크레치 티셔츠_블랙
6330823,0.7500,블로우,PIGMENT_NINE9LIVES T-SHIRT [DEEP NAVY]
6810392,0.7494,에잇세컨즈,데일리 스웨트 슬리브리스  화이트
771271,0.7490,레이든,HIGHEND LAYGOM S/S TEE-BLACK
4894605,0.7487,제뉴즈,토즈 스트라이프 하프 집업 - 아이보리
1459072,0.7483,웨이브건,크로스 리플렉티브 티셔츠 애플민트
5402488,0.7482,아크메드라비,BASIC LOGO NAPPING HOODIE ZIP UP (6 COLOR)
2628155,0.7469,폴루션,Board Half T-shirt(PUNCMTS008_WH)
4876574,0.7468,쿠톤,스티플리 오버핏 헤비 반팔티셔츠
4899450,0.7461,도미넌트,World Tour Hoodie  Navy
5528014,0.7460,웹하우스,웹 가이 포토 후드 - 그레이
3269554,0.7456,브라바도,ACDC DEMON FIRE (BRENT2418)
6283350,0.7455,디파인,빈티지 아카이브 하프 티셔츠 스톤 화이트
1395691,0.7450,파베르핑거,846 T-SHIRT (INDI BLUE)
2760222,0.7439,에이오엑스,글로잉 Birphin 후드 화이트
1752886,0.7431,이즈,워프 셔츠 블랙
5535046,0.7417,제멋,펠트라인 후드 카키 JIHD2667
4279352,0.7407,수프라,우븐 긴팔 티셔츠
5373067,0.7407,엄브로,HBL 로얄 컬리지 컬러블럭 럭비 카라 긴팔 티셔츠 그린(UQ321CRL92)
2655679,0.7405,비피피,love city tee_ ivory
5592170,0.7402,크림소다랩,오버클럭 투엑스라지 럭비 져지 롱슬리브 네이비
4371419,0.7399,버커루,베이직 아트웍 후디 블랙
1451669,0.7385,색 스튜디오,PLEATS SIDE LONG SLEEVE BLACK
3236216,0.7381,리브레너,90s USMC 어쓸레틱 반팔티셔츠
1390697,0.7375,우빙,SPACE BOX LONG SLEEVES (GRAY)
3585557,0.7373,더블유브이프로젝트,원더 유니버스 후드 네이비 MJHD7696
5410263,0.7370,크림소다랩,후드 패딩 카모 레터링 셔츠 모카
2034448,0.7350,아이코노그라피,LONDON ADDRESS VOLUME PRINT LBL
4150909,0.7343,스포츠 일러스트레이티드,CYCLING HALF SLEEVE COLLARED T-SHIRT (DARK GREY)
3983467,0.7338,앨빈클로,마틴 골프 그립 오버핏 반팔티 AST4532 (3 COLOR)
6347132,0.7331,칼렉,올데이 그래픽 슬리브리스 (다크그레이)
3189011,0.7316,어레이드,컴피 오버사이즈 래글런 후디 [GRAY]
4142772,0.7309,워크온바디오프,[어깨+3cm] 비와이드 오버핏 반팔 티셔츠 [블랙]
4860888,0.7307,어널로이드,버튼 로고 티셔츠 / 블랙
6176362,0.7304,그루브라임,마이애미비치 서프클럽 반팔 티셔츠 (LRSMCTR729M)
4862332,0.7284,1993스튜디오,스포티 메쉬 래글런 티셔츠_블랙
5339367,0.7277,워크어스,올모스트데얼 빅 그랙 티셔츠 - 화이트블루
4450852,0.7246,더블유브이프로젝트,핸디 후드 브라운 JIHD7758
6606264,0.7239,드마크,M OUTSTITCH BOXY SHORT SLEEVE TEE - khaki
2112553,0.7223,에즈카톤,유니온 후드 스모크그린 KMHD6617
5729245,0.7218,어젠더,헨리 부클 스트라이프 그레이
1219940,0.7214,모즈모즈,스몰 로고자수 피그먼트 후드 오버핏 네이비
4191457,0.7212,디안티플랫폼,피그먼트 오버핏 집업 피케 셔츠 (베이지)
2025790,0.7204,세울리앙,é logo hoodie [GRAY]
2297659,0.7197,레이버러스,서비스 스테이션 티셔츠 네이비
5901994,0.7197,토니로렌스,아플리케 패치 롱슬리브 멜란지그레이
6844950,0.7192,레뷰라,PARADISO SLUB T-SHIRTS - UNISEX / OFF WHITE
6607827,0.7190,드마크,M Street collage oversized t-shirts
5295453,0.7162,돌돌,SHARK-DOG_tshirts-176 샤크독 서핑 하와이 그래픽 티셔츠 반팔티
2506000,0.7148,크림소다랩,파쿠 로고 반팔티 라이트 그레이 그린
3363961,0.7138,어레이드,A.G.I 더 디핀 티셔츠 [BLACK]
853763,0.7128,리스펙트,인터네셔널 로고 후드
4371107,0.7128,더바이닐하우스,OLD WEST TYPO LS TEE OLIVE
5133268,0.7127,마크엠,스몰 로고 나일론 티셔츠 (MKIBC8806)
4678969,0.7122,써치410,트레이서 크랙 반팔티 화이트
4862218,0.7109,더바이닐하우스,VINTAGE DAY LETTER TEE WHITE
6187111,0.7099,티메이커,공용 스트라이프 반팔티 BL
4590622,0.7093,에잇세컨즈,그래픽 가먼트다잉 맨투맨  브라운
5976040,0.7080,디써티원,핀스트라이프 롱슬리브 카라 티셔츠(아이보리)
1486747,0.7061,니어러스,반팔티셔츠MOMENTON LOGO OVER TEE
1752827,0.7060,이즈,워프 셔츠 베이지
3843013,0.7047,엘무드,루나 가먼트 다잉 하프 티셔츠 베이지
5593635,0.7045,웬즈데이오아시스,코지 오아시스 자수 후드티_BURGUNDY(W25-TP49)
5503572,0.7039,티떠블유엔,테네시티 후드 다크그레이 HHHD3625
6330483,0.7029,코오롱스포츠,남성 데이팩 루즈핏 후드 반팔 아노락 TLTCM26671BLK
6204585,0.7027,세터,아치 로고 링거 반팔 티셔츠 크림
5127822,0.7025,마크엠,모먼트 프린팅 후디 (MJIBI8605)
3842905,0.7021,엘무드,테리 웨스턴 하프 니트 모스 카키
4200459,0.7008,원헌드레드퍼센트,OHPxQUIRK b금발미녀 no.3 세미오버 반팔티
6310114,0.6997,베이스모먼트,스트라이프 보더 크롭 티셔츠 블루
3399209,0.6991,드마크,돌먼슬리브 박스핏 티셔츠 핀스트라이프 아이보리
2546356,0.6988,드마크,컬러배색 그래픽로고 반팔티셔츠 그레이
3525266,0.6983,와르,DM1012 올 오버 후드 티셔츠_블랙
4326773,0.6974,수프라,우븐 포켓 믹스 후드티(PINK)
5897258,0.6965,그루브라임,18수 싱글 그래픽 반팔 티셔츠 (3COLOR) (HRTMCTR106M)
4748871,0.6947,체이스컬트,공용 에센셜 로고 후드 티셔츠-화이트
1310934,0.6944,스페로네,오버핏 롱슬리브 (샐몬)
5586935,0.6902,펀치라인,라이트 포지티브 후드 버건디 JIHD9205
4673086,0.6891,버커루,오버핏 그라데이션 로고 후드 티셔츠 멜란지 그레이
1998927,0.6887,드마크,사선절개 컬러매치 숏슬리브 그레이
3363175,0.6882,원헌드레드퍼센트,OHP X GOODD b저스트스마일 세미오버 반팔티
5556297,0.6878,쿠톤,포뮬러 피그먼트 오버핏 후디 3COLOR
6021541,0.6872,김익,비스토우 피케 반팔 (오프화이트)
3937704,0.6869,원헌드레드퍼센트,OHP X QUIRK b킬러와소녀 세미오버 반팔티n
6136391,0.6860,샌드 사운드,(UNISEX) EVERYONE 반소매 티셔츠  화이트
5275238,0.6850,더마일,CENTRAL MILES CREW [PIGMENT D.GRAY/R]
6328913,0.6844,바스틱,나이트 티셔츠_블랙
4653668,0.6831,무신사 스탠다드,버티컬 크로셰 슬릿 넥 폴로 셔츠 [아이보리]
1115371,0.6813,디더블유에스이,LHERITAGE 롱 슬리브 (화이트)
6961587,0.6810,노디,인시그니아 레이어드 슬럽 롱슬리브 세이지 그린
6241366,0.6787,할리데이비슨 컬렉션스®,[BV] 플레임 라이더 티셔츠 챠콜_HH16111064
5653677,0.6781,이에스씨 스튜디오,Drape Scarf T-shirt (red&black)
6007092,0.6757,더바이닐하우스,LUCKY HOUSE LS TEE WHITE
5343039,0.6744,바이엘,페인티드 그래피티 후드 네이비
4796989,0.6726,펀치라인,번치 피그먼트 후드 더스티로즈 ISHD9189
6140589,0.6722,디오디,토락원 가마보코 반팔 티셔츠(MELON)
4300239,0.6705,이스트쿤스트,HIDEOUT HOODIE_BLACK(IK2ESMM403A)
3617172,0.6690,펀치라인,시큐어 후드 4종 네이비 ISHD6228
6581788,0.6666,일꼬르소,CRS Sorona Cotton ARCHIVE 숏 슬리브 티셔츠 블랙
5148409,0.6659,엠오오,카모 25 링거  반팔티 - 카키
5606928,0.6647,뭉제르,Paris 1 Cropped Fit Sweatshirt
6183398,0.6638,낫유즈얼,레드픽셀홀스 오버핏 반팔티 4color
3290967,0.6612,아케시,고질라 피그먼트 반팔티 퍼플
4561862,0.6600,에키에타,Pilgrims Hoodie in Lemon
5191908,0.6583,폴루션,모샤드 우븐 티셔츠 카키
5393007,0.6581,골든선샤인,Colorblock raglan long sleeve_Natural green
5030459,0.6558,웬즈데이오아시스,시그니처 커브 로고 반팔 티셔츠_NAVY(W25-TP21)
4835746,0.6556,더마일,어토믹 스웨트 후드 [PIGMENT KHAKI]
6406059,0.6553,엄브로,[COOLING] 아이스코튼 오버핏 슬리브리스 티셔츠 차콜 UR221CSL62
6594557,0.6551,일꼬르소,CRS 「Freeze Cool Cotton 」 다잉 숏 슬리브 티셔츠 화이트
2977555,0.6542,드헤베,미니멀 로고 자수 후드 [BLACK]
5982752,0.6503,노운,ribbed hooded t-shirts (charcoal)
4071752,0.6473,필이너프,EUPHORIA LONGSLEEVE BLACK
3243839,0.6471,디메이든,THREE SWEEPERS VINTAGE HOODIE WHITE
5341902,0.6464,지오송지오,앙코에랑 엠브로이드 후드 브라운 ZH5TS524BR
2384813,0.6447,카멜워크,어센틱 로고 반팔티셔츠(블랙)
6176330,0.6437,그루브라임,모터레이싱 그래픽 반팔 티셔츠 (LRSMCTR708M)
5730658,0.6428,바이모노,[빅사이즈 M-6XL] 모노 USA 시티 양기모 맨투맨
5739788,0.6410,수아트,버블팝 티셔츠
1395584,0.6389,파베르핑거,LOGO MIDDLE LINE OVERSIZED T-SHIRT (PURPLE BLUE)
5231257,0.6364,테켓,Noise Stripe Tee Blue
6260053,0.6336,웬즈데이오아시스,본다이 스트라이프 롱 슬리브 티셔츠_LIGHT BLUE(WB6TP24)
5995281,0.6310,필립페이커,비엠씨 러블리언 후드티 피그먼트 빈티지 블랙
6157701,0.6306,더 오피셜 레퓨지,DIRTY SPRAY DYESD T SHIRT (WHITE)
6645193,0.6255,드마크,M Standard Fit Solid French T-Shirt Navy
4597792,0.6224,엘무드,헨리 LD 리브드 롱슬리브 티셔츠 ( 3 COLOR )
2311597,0.6193,원헌드레드퍼센트,OHP X MOAI 이노센트걸 기모 후드
5495749,0.6143,더블유브이프로젝트,프리키 후드 오트밀 JIHD7825
6190636,0.6116,휠라,테니스 COOL 소로나 그래픽 반팔티(FS262RS11X001191)
3519639,0.6110,발로렌,Out Pocket Hood Sweatshirt
2470370,0.6089,라디네오,트레블러 그레이 반팔 티셔츠
5079380,0.5982,필드매뉴얼,플로우 롱슬리브티 레몬
2477510,0.5963,드마크,스퀘어로고 스티치 박스핏 긴팔 티셔츠 스카이블루
4368253,0.5959,노앙,WASHED POLO LONG SLEEVE T-SHIRT BLUE
1402594,0.5931,모즈모즈,블랙 타이다이 오버핏 티셔츠_연베이지
5080504,0.5931,비욘드클로젯,핸드 메이드 선글라스 디테일 반팔 티셔츠 블랙
5594670,0.5915,드마크,M STREET GRAFFITI LOGO TEXT OVERSIZED T-SHIRT - Black
4762864,0.5910,더바이닐하우스,STAR SLOT MACHINE HOODIE  BLACK
2540380,0.5904,원헌드레드퍼센트,OHP X GOODD b저스트스마일 오버사이즈 반팔티
5573985,0.5893,베이직하우스,UNI 면16수 릴렉스핏 반팔티셔츠 그린 LATS0109
1047839,0.5879,발란트,오리지널 스탬프 로고 베이직 티셔츠 - 화이트
5925790,0.5855,스크래틀 픽셀,브러쉬드 핑거홀 슬림 후디[그레이]
4798894,0.5848,더마일,매니페스 더마일 스웨트 후드 [NAVY]
1646003,0.5828,드마크,남자여자 백그래픽 배색 라글란 긴팔티 블랙
2285061,0.5799,스터프,보스톤 타이거 후드티 그레이
5485130,0.5796,엠오오,아플리케 카모 럭비 티셔츠 - 블랙
4139043,0.5767,노이어,스퀘어 넥 니트 슬리브리스 (블랙아이보리)
3926477,0.5736,마인드브릿지,[쿨]아스킨세미오버핏티셔츠 - 4color MYTS3122
1384525,0.5735,이에스엔,퓨어 헤비 반팔 티셔츠 화이트
6158985,0.5731,디아더생츄어리,서큘러 타입 스트라이프 긴팔 티셔츠 (레드)
1098403,0.5730,락핑거,사인 그래픽 티 [ White/Purple Mint ]
4540114,0.5724,갈렉스,파이핑 컬러블록 웜업 피스테 롱슬리브 베이지 GA4731 BE
4371117,0.5707,더바이닐하우스,PAINTING STRIPE LS TEE GREEN
4180706,0.5701,베스띠또,화이트 베스티토 팀 티셔츠
5452549,0.5667,갈렉스,레트로 시티 후드 로마 블랙 GA5714 BK
6608011,0.5661,드마크,M Street graffiti oversize sleeveless
3539987,0.5646,더바이닐하우스,TRAFFIC ACCIDENT LS TEE PINK
5148398,0.5634,엠오오,볼드 타이포  반팔티 - 화이트
4539666,0.5625,써치410,브라이트 피그먼트 롱슬리브 챠콜
1983288,0.5578,아이코노그라피,SURREALISM MOVEMET FLOWER 2 IVY
2479659,0.5553,크림소다랩,그레이 서퍼 반팔티 화이트 블루
1337797,0.5526,고목,창과 문 티셔츠 (Black)-남
5191715,0.5501,페이탈고스트,Unblessed
4158643,0.5470,아스트랄 프로젝션,[비욘드 더 스타스]코튼 루즈핏 반팔 티셔츠_더스티 민트
4540007,0.5461,써치410,아일렛 후드 페이드워싱 샌드블랙
4217039,0.5444,유쓰배쓰,SKATE GIRL T-SHIRT
3939490,0.5436,캔바츠,글리터 와펜 시그니처 반팔 티셔츠 (화이트)
4371108,0.5420,더바이닐하우스,OLD WEST TYPO LS TEE ORANGE
3279758,0.5400,바스틱,안젤릭 티셔츠_블랙
4139039,0.5382,노이어,아플리케 패치 하프 티셔츠 (화이트)
5051447,0.5377,송지오,송지오 컬렉션 유스 아쿠아렐 돌먼 티셔츠 블랙 SH3TS705BK
4371113,0.5374,더바이닐하우스,WESTERN SALOON LS TEE ORANGE
4119153,0.5357,미나브,가먼트 다잉 하프 니트 [차콜]
6008750,0.5345,더바이닐하우스,COWBOY PICTOGRAM RAGLAN LS TEE RED
3780658,0.5324,이스트쿤스트,G&C HOODIE_BLUE(IK2ESMM407A)
5480536,0.5320,엠오오,스타 도트 아플리케 배색 후드 - 블랙
3365187,0.5306,어레이드,A.G.I 블루 그레이 큐브 티셔츠 [BLACK]
4983626,0.5286,블랙야크,ZERO 공용 캠핑B 그래픽 반팔티_IP
3999460,0.5285,더블유브이프로젝트,캘리포니즈 반팔티셔츠 라이트카키 JIST7716
5305346,0.5281,티엔지티,Oversize Rib Polo Knit Top (Burgundy) TNSW5F111D2
6525691,0.5265,모드나인,Bite Wound - Oversized T-Shirt White
4300237,0.5251,이스트쿤스트,HIDEOUT HOODIE_BROWN(IK2ESMM403A)
6231048,0.5233,말렌,유니섹스 레이어드 후드티 차콜
6317284,0.5193,지오송지오,스케르조 아트워크 스트라이프 티셔츠 아이보리 ZI3TS380IV
2821813,0.5192,에포님,트위스트 슬리브리스_화이트
5593640,0.5179,웬즈데이오아시스,소프트 기모 자수 후드티_MELANGE GRAY(W25-TP43)
4228743,0.5123,아스트랄 프로젝션,[스포츠 클럽 복싱]코튼 루즈핏 반팔 티셔츠_더스티 민트
5231436,0.5114,테켓,Whoosh After Hoodie White
6810389,0.5110,에잇세컨즈,가먼트다잉 스포티 그래픽 슬리브리스  애쉬
2978432,0.5101,고저,UNDER V-NECK HALF T-SHIRT_WHITE
6036210,0.5094,올세인츠,잔더 크루 티셔츠 M030JC-10243
3412964,0.5056,페이크캠퍼,피그먼트 무지 라벨 티셔츠 [CHACOAL]
3525265,0.5025,와르,DM1012 올 오버 후드 티셔츠_그레이
2603322,0.4999,미타,로고 롱슬리브 티셔츠  -  올리브그린
5099518,0.4973,오디너리피플,RE : SHIRT 05 - PK Stripe Shorts Layered Shirt (GRAY)
3446464,0.4961,언티지,U넥 리넨 슬러브 티셔츠[Green(UNISEX)]_UTT-ST55
6021223,0.4955,블루잉,CLOUD SCOTCH PIGMENT CROP HOOD
4860750,0.4942,제로라운지,[SOFT COTTON] 에센셜 올데이 티셔츠 그레이
5305203,0.4919,티엔지티,Multi Stripe Long Sleeve T-Shirts (Navy) TNTS5F101N2
5197924,0.4901,페이탈고스트,YIN YANG-BK
5982798,0.4883,노운,pique henley t-shirts (melange gray)
2830961,0.4879,에포님,크리스탈 슬리브리스_블랙
6007586,0.4877,송지오,송지오 컬렉션 아크엔젤 고스트 폴드 티셔츠 레드 SI3TS702RD
2723149,0.4811,에포님,러브 슬리브리스_핑크
6195440,0.4785,디아더생츄어리,NRNL ST 반팔 티셔츠 - 이지 (스카이 블루)
5490216,0.4776,포스333,Stain Washed Hoodie
3765748,0.4772,카레타,엘에스 플리스 후드티 블랙
5602092,0.4771,문선,MJ Crop Turtle Neck Knit / Navy
4249479,0.4757,카트리나케이,배드 보이 큐피트  반팔티셔츠-3color
6606278,0.4735,드마크,M OUTSTITCH BOXY SHORT SLEEVE TEE - Black
3281865,0.4699,오디너리피플,[LOON X ORD] 루니툰 패러디 져지 핑크
3780659,0.4657,이스트쿤스트,G&C HOODIE_LIGHT GREY(IK2ESMM407A)
6581792,0.4655,일꼬르소,CRS Freeze Cool Cotton 모비멘토 슬로건 숏 슬리브 티셔츠 화이트
1395631,0.4583,파베르핑거,LOGO MIDDLE LINE OVERSIZED T-SHIRT (IVORY)
4193118,0.4582,달러플라워,"DAI$Y PRINTING T-SHIRTS,  WHITE"
5383959,0.4582,유에프씨 스포츠,UFC 옥타곤 워리어 메가핏 반팔 티셔츠 화이트 U2SSW2142WH
5061917,0.4539,드마크,M STREET GRAFFITI OVERSIZED LONG-SLEEVE T-SHIRT
6910542,0.4465,디오디,컬러 그래픽 긴팔티셔츠(OFF WHITE 2)
2477511,0.4451,드마크,스퀘어로고 스티치 박스핏 긴팔 티셔츠 오렌지
1450635,0.4428,색 스튜디오,SURFERs T-SHIRTS NEON
2329980,0.4394,리스펙트,jobs tee (Black)
6007550,0.4373,와이오와이,오픈 칼라 배색 플리츠 티셔츠_2colors
4549817,0.4367,롬프,TV MELT HOODIE (BLUE)
2631712,0.4353,폴루션,Whale Series-2 Half T-Shirt(PUNCMTS018_WH)
2633811,0.4353,쿤타치,IVORY Organic Plain Hoody
4756793,0.4325,지오송지오,ZSZO 우븐 래글런 티셔츠 차콜 ZH3TS710CH
4544999,0.4320,홍우성,EMBROIDERY OVERSIZED LONG HOODY_GRAY
4655145,0.4319,무신사 스탠다드,릴렉스드 CR 와이드 스쿱 넥 티셔츠 [네이비]
3240209,0.4300,리브레너,베이직 쇼트 슬리브 티 블랙
3281868,0.4298,오디너리피플,[LOON X ORD] 루니툰 테즈 져지 화이트
5634685,0.4278,애드호크,남성 기모 베이직 티셔츠 (LT-BEIGE) (HBALT12)
5982775,0.4253,노운,waffle hooded t-shirts (black)
6245403,0.4237,커버낫,[커버낫 X 미즈노] 빅 로고 다잉 티셔츠 터스크
4762648,0.4223,빈폴 멘,[Essential] 남녀공용 수피마코튼 피케 티셔츠  베이지
5726794,0.4211,에스에스와이,빌로우 버튼다운 헨리넥 롱 슬리브 차콜
4980949,0.4184,더바이닐하우스,SPRAY STAR TEE BLACK
3288862,0.4182,노이어,리브드 모크넥 하프 티셔츠 (화이트)
6252758,0.4158,지플리시,TP 스트라이프 티셔츠 네이비
2445040,0.4141,디프리크,클래식 코튼 티셔츠 - 화이트
5368631,0.4129,티엔지티,Oversize Hoodie Sweatshirt (Melange Grey) TNTS5F102G2
5726792,0.4100,에스에스와이,빌로우 버튼다운 헨리넥 롱 슬리브 브라운
2624319,0.4098,플루크,피그먼트 오버핏 반팔티셔츠 그레이 FST701
5581936,0.4091,아웃사이드프로그,보트넥 스트라이프 티셔츠 (아이보리/네이비)
5392955,0.4085,골든선샤인,G-logo hoodie_Yellow
1880048,0.4080,코랄리안,런오프 빅로고 반팔 면 티셔츠 블랙
5690516,0.4074,스크래틀 픽셀,폴라폴리스 버튼 후디[네이비]
5305350,0.4067,티엔지티,Oversize Rib Polo Knit Top (Grey) TNSW5F111G2
5096771,0.4066,유네,Visual Motif Tee_[Gray]
1954751,0.4042,색 스튜디오,디스토트 슬리브리스 블랙
5032092,0.4042,더스티화이트,블랙 코튼 슬리브리스 탑
6645217,0.4042,드마크,M Standard Fit Solid French T-Shirt  Black
6843482,0.4033,레뷰라,REVE AURA CROP RINGER T-SHIRTS - UNISEX / EMERALD
6271228,0.4012,던스트 포 맨,VINTAGE ARCH LOGO T-SHIRT_UNISEX_UDTS6B145_OFF WHITE
4876282,0.4010,쿠톤,레코렉션 오버핏 헤비 반팔티셔츠
4200986,0.4006,보나츠 팔레트,BP 헤지호그 티셔츠_BLACK
6124362,0.4002,밀라코드,High-Neck Signature T-Shirt (GREEN)
3540940,0.3998,더바이닐하우스,ANGEL OF DEATH HOODIE PINK (VH2DFUM406A)
5398324,0.3992,쿠르베,Long Sleeve Zip Polo Shirt (White)
4080134,0.3949,티떠블유엔,애브시그니쳐 반팔 크림 HSST3559
4756089,0.3940,캠브리지 유니버시티,[25SS] 캠브리지 시그니처 긴팔 럭비 티셔츠 그린
6730815,0.3930,부붐,[빅사이즈]리디파인드 스톤 워시드 엠보더리 티셔츠
5976022,0.3925,디써티원,스트라이프 롱슬리브 럭비 셔츠(블루)
4230182,0.3909,아스트랄 프로젝션,[슈퍼노바]코튼 루즈핏 반팔 티셔츠_더스티 민트
4874603,0.3896,엑스톤즈,XTT125 컨스텔 넘버링 풋볼 티셔츠 (BROWN)
5950515,0.3875,그루브라임,MID POINT LOGO HOODIE (LRSFCTH723M)
5412048,0.3865,챌린저,남성 테크핏 스트레치 모크넥 긴팔 티셔츠 블랙
5032093,0.3861,더스티화이트,브라운 코튼 슬리브리스 탑
5377605,0.3851,발란트,클래식 컬러 블록 플리스 후드 - 오렌지
6252682,0.3836,지플리시,TP 스트라이프 티셔츠 그레이
6743166,0.3833,디아도라,텔레토비 워싱 그래픽 반팔 티셔츠 PINK
5062326,0.3822,드마크,M LAYERED SLEEVE BOXY FIT CREW NECK T-SHIRT GREY
3564239,0.3818,브라운야드,"테리 폴로 셔츠, 오프화이트"
4228625,0.3782,아스트랄 프로젝션,[파이트 클럽 복싱]코튼 루즈핏 반팔 티셔츠_더스티 민트
4107886,0.3740,브라바도,GNR APPETTITE TOUR 1987 BK (BRENT2464)
4156122,0.3731,아디다스,아디다스 x NTS Radio 저지 - 핑크 / JI5147
1954398,0.3726,색 스튜디오,아뜰리에 티셔츠 화이트
4156637,0.3718,필립페이커,페리로퍼 서핑 신디 반팔티셔츠 화이트
6050707,0.3693,플랙,페퍼유 X 플랙 하프 집업 2colors
5279381,0.3685,천볼트,실리콘 톱날 T 데님
1310929,0.3670,스페로네,오버핏 롱슬리브 (브라운)
3610483,0.3660,스포츠 일러스트레이티드,PUBG ESPORTS COLLECTION PIGMENT HALF SLEEVE (DARK GREY)
5306284,0.3638,발란트,오리지널 헤비로고 베이직 후드 - 핑크
4473701,0.3631,쿠톤,[기모선택] 다크그레이 플라워 오버핏 후디 3COLOR
4762588,0.3605,르꼬끄 골프,남성 DOT CAMO 티셔츠 (GQ121MTL21)
6503626,0.3596,트립르센스,크로셰 레이어드 헨리넥 슬리브리스_크림
4539986,0.3592,써치410,아일렛 후드 화이트그레이
3926510,0.3579,마인드브릿지,크링클세미오버핏티셔츠 MYTS3130
2564799,0.3575,어텐션로우,22SS07AT030 숄더 파이핑 레귤러 오버핏 반팔 (카키밀리터리)
5982795,0.3566,노운,pique henley t-shirts (black)
4783384,0.3565,벌스데이수트,OLD CAR T-SHIRT (IVORY)
5160166,0.3556,어레이드,소프트 사이드 슬릿 라운드 티셔츠 [WHITE]
6502688,0.3522,아디다스,메르세데스 - AMG F1 팀 드라이버 저지 어센틱 롱 슬리브 KE5308
6238145,0.3506,지플리시,피그먼트 워시드 슬리브리스 차콜블랙
2510167,0.3486,드마크,슬리브리스 롱 레이어드 슬릿 티셔츠 화이트
4903312,0.3476,아디다스,칼라드 골리 탑 - 블랙 / JX8980
4955570,0.3458,윈더,SLANT RIB SLEEVELESS TOP - BLACK
4910814,0.3451,애드호크,남성 분또 우븐 포켓 반팔 라운드 티셔츠 (O-WHITE) (HB4ST35)
4371116,0.3436,더바이닐하우스,PAINTING STRIPE LS TEE RED
3972182,0.3415,디써티원,Small Logo Pigment-Dyed T-shirt (CHARCOAL)
2567634,0.3407,어텐션로우,22SS07AT003 비전 vr 프린트 레귤러 오버핏 반팔티 (블랙)
6803728,0.3400,컨버스,그래픽 롱슬리브 티셔츠 에그렛 UCK060-W2Y
4776478,0.3369,디써티원,Multi Stripe Long-Sleeved T-Shirt (Navy)
1187460,0.3361,레이쿠,rk imagine snap hoodie black  버튼 후드티
5413992,0.3304,샌드 사운드,(UNISEX) 센터 그래픽 후디  애쉬
3480238,0.3292,블릭베이크,Flower net longsleeve (Black)
4217041,0.3288,유쓰배쓰,ICE CREAM T-SHIRT
4121038,0.3274,미스터차일드,하트 비트 티셔츠 마젠타
2068405,0.3245,모빈스알,PENNA CHAOS BLACK MESH TOP
5653637,0.3242,아크메드라비,NEW FUZZY BEAR HOODIE (2COLOR)
4447334,0.3222,메스타리,사슴 로고 오버핏(남녀공용) 후디 블랙  EH3108
3214160,0.3219,더그린랩,바시티 그래픽 후드티셔츠 [그린]
5099538,0.3208,오디너리피플,RE : SHIRT 05 - PK Stripe Shorts Layered Shirt (White)
4513685,0.3177,캔바츠,돈두댓 그래픽 반팔 티셔츠 (화이트)
3279757,0.3163,바스틱,안젤릭 티셔츠_화이트
4186312,0.3144,원헌드레드퍼센트,OHPxQUIRK4 금발미녀 피그먼트 반팔티m
4762028,0.3120,시에라디자인,벤투라(VENTURA) 긴팔 티셔츠 BLACK
5407098,0.3099,제멋,보이 크롭 긴팔티셔츠 브릭레드 KJLT2672
4854005,0.3098,원헌드레드퍼센트,OHPxGOODD 스마일베어 세미오버 반팔티
4923691,0.3083,디써티원,Stripe Rugby Polo T-Shirt (Salmon Pink)
1387682,0.3082,탄탄,선데이 클럽티셔츠(헤비라인) - 선데이라임
4039310,0.3058,스파이더,남성 그래픽 반팔 티셔츠 SPJMCNRS334MIVY
4540116,0.3049,써치410,휴머니즘 롱슬리브 화이트
4568155,0.3045,러플,반집업 와플 후드 그레이
4918987,0.3040,디아도라,컴피 라운드 반팔 피스테 PINK
1632708,0.3038,코랄리안,더블로고 풀오버 기모 후디 블랙
5480791,0.3033,엠오오,멀티 스타 아플리케 배색 후드 - 블랙
5375634,0.3022,파인드칠린,R08 드라이홀 러닝 싱글렛 5color
6398537,0.3020,베이스모먼트,바이오 코튼 크롭 티셔츠 화이트
2413246,0.3012,로열클럽홀리데이,세미 오버핏 로열캠퍼스 반팔 티셔츠 그레이
1983255,0.3005,아이코노그라피,SURREALISM MOVEMET FLOWER 2 CR
6787643,0.3003,언더아머,바운시 티6016291-100
3878448,0.2997,테네르,Two Color Overfit Round Boxy T-shirt ivory
4284129,0.2983,바이브라디,바이브라디 남성 로고 화이트 반팔티
6334169,0.2963,미세키서울 맨,La vent short sleeve CHARCOAL
5088671,0.2958,디오스피스,(DUC) Detox T-Shirt White
5875600,0.2953,앤더슨벨,(ESSENTIAL) UNISEX SPRAY WASHED HEART MESSAGE T-SHIRT atb1432u(BLACK)
4177608,0.2945,어뉴브로스,베이직 시그니처 물나염 반팔티 6 Color [ANSE_9301]
6488979,0.2942,에잇세컨즈,코튼 크롭티 - 그레이
4152366,0.2936,리에마르,시그니처 리에마르 후드 화이트멜란지
6139279,0.2927,게스,[CORE] 4color 유니 엠보 로고 반팔 티셔츠 MQ2K8438
2633815,0.2881,쿤타치,PIGEON GREY Organic Plain Hoody
5730540,0.2872,바이모노,[빅사이즈 M-6XL] 모노 인생 뉴테크 무지 긴팔티
3286014,0.2852,프롬아를,스트로베리 빈티지 반팔 티셔츠
6090363,0.2848,엠오오,배색 라인 스트라이프 후드 롱슬리브 - 그레이
6529690,0.2826,본투윈,CURVE B AIRFLOW MESH T-SHIRTS [BROWN]
6581797,0.2809,일꼬르소,CRS Sorona Cotton 스포팅 기어 숏 슬리브 티셔츠 화이트
4460775,0.2803,펀치라인,오버트 후드 페일퍼플 ISHD9159
3330302,0.2799,더그린랩,원포인트 와펜 반팔티셔츠 [블랙]
6464018,0.2799,무라,[무라 x 여름이네]썸머 샤인 포켓 티셔츠
6366553,0.2794,복스로,We Dont Play Boxing 오버사이즈 티셔츠 - 남성 M BXRW-U-WDPBT [핑크]
4254693,0.2791,플랫웨이브 인 서울,Meraki Muscle Beige
5199445,0.2781,율러,데미지드 크루 그래픽 티셔츠_보이스 (화이트)
3363012,0.2776,멧앤멜,[Sleeveless-shirt] Malloduck / 2 color
4071744,0.2771,필이너프,[PRIMATE X FEELENUFF] REVIVAL TEE BLACK
2633650,0.2765,쿤타치,P.H.B.Y HUMAN OG ShortSleeve [white]
3610499,0.2760,스포츠 일러스트레이티드,PUBG ESPORTS COLLECTION PIGMENT HOODIE SHIRT (DARK GREY)
3208434,0.2757,세인트페인,SP 그레이스 마리 티셔츠-화이트
2867006,0.2739,어반드레스,AV String Overfit Turtleneck BLACK
3989367,0.2736,어반드레스,Letter T-shirt - 4COL
4417796,0.2722,2113 스튜디오,로고 포켓 티셔츠  블랙
4071743,0.2700,필이너프,[PRIMATE X FEELENUFF] REVIVAL TEE WHITE
6310030,0.2696,뉴이 뉴욕,[PRET A PORTER] SYMMETRY ZIPPER T-SHIRT
6281891,0.2664,에잇세컨즈,립 탱크 슬리브리스  화이트
5412044,0.2649,챌린저,남성 리파인드 포켓삼각링 카라 긴팔 티셔츠 오프화이트
5231674,0.2639,테켓,Symphony Jersey L/S Tee Red
6462110,0.2628,미나브,[미나브X리제임스] 미니멀 케이블 카라 니트 [블랙]
4934261,0.2617,아워데이즈,어나더 데이 그래픽 반팔 티셔츠 [3COLORS]
2441960,0.2606,디프리크,클래식 코튼 티셔츠 - 블랙
6594559,0.2606,일꼬르소,CRS 「Freeze Cool Cotton 」 다잉 숏 슬리브 티셔츠 차콜 그레이
3269584,0.2594,브라바도,Beastie Boys Check Your Head WH (BRENT2393)
6336068,0.2585,고스트릿,오버핏 스트라이프 니트 카라 반팔 셔츠 그레이
2547798,0.2581,페플,랜스 그래픽 반팔 티셔츠 그린 YKST1355
4120849,0.2576,미스터차일드,프라이데이 스마일  티셔츠 블랙
3363002,0.2570,키네토,룸 서비스 메뉴 티셔츠_블랙
6080067,0.2564,디써티원,멀티 스트라이프 반소매 티셔츠(블루그레이)
4107917,0.2561,브라바도,TUPAC THUG LIFE ROSE BK (BRENT2485)
1354974,0.2560,모즈모즈,스탠다드 특양면 반팔티셔츠_블랙
6966903,0.2556,뭉,Fade out fake pocket tee navy
6354363,0.2547,셔츠마이립스,키스 마크 락스타 크롭 티셔츠 화이트
4920799,0.2546,그레이버,[UNISEX]MAKET베어 롱슬리브 티셔츠_2color
6088642,0.2517,아디다스,adi365 송 포 더 뮤트 러닝 탱크 남성용 KT0774
3238001,0.2507,세인트페인,SP 웨이브 알로하 티셔츠-화이트
2365062,0.2502,플루크,마운틴 캐번 그래픽 반팔티셔츠 스카이 FST157
4254695,0.2491,플랫웨이브 인 서울,Meraki Muscle Charcoal
6724043,0.2486,베르브리스,드라이핏 타이다이 퍼포먼스 반팔 티셔츠 (네이비)
2034444,0.2475,아이코노그라피,LONDON ADDRESS VOLUME PRINT DCR
6291204,0.2472,마크곤잘레스,GONZ 슬럽 링거 반팔 티셔츠 - INDI PINK
4924172,0.2464,드마크,박스핏 라글란슬리브 페이즐리 티셔츠  화이트
4876633,0.2438,쿠톤,에센셜 오버핏 헤비 반팔티셔츠
2030541,0.2417,아이코노그라피,PIGMENT PROTOTYPE  GYE
4934349,0.2404,원헌드레드퍼센트,OHPxHARMONIA 베트캣 세미오버 반팔티
5032076,0.2399,더스티화이트,화이트 레이어드 롱 슬리브 티셔츠
4771511,0.2391,원헌드레드퍼센트,OHPxGOODD4 꽃을든남자 세미오버 반팔티
4904541,0.2357,미스터차일드,플로 티셔츠 블랙
6107189,0.2347,그루브라임,BLUE HOODIE DUMBY HALF T-SHIRTS (LBRSCTA305M)
363763,0.2337,아타르,[55차발매]롱슬리브 티셔츠 화이트
6464019,0.2319,무라,[무라 x 여름이네]하우디 썸머 티셔츠
853752,0.2299,리스펙트,콜드월드 오버핏 스트라이프 단가라 티 (핑크)
3629825,0.2285,그란투리스모,인베이더 절개라인 블랙 후디
5485633,0.2265,빈폴골프,남성 패딩 믹스 하이브리드 맨투맨 티셔츠 - 블랙
5252575,0.2255,쿠르베,Contrast Knitted jersey (Black)
4598177,0.2248,페이탈고스트,Inferno-BK
573516,0.2238,써,AG2 NEGATIVE T-SHIRTS_WH
4876857,0.2217,쿠톤,프리클 오버핏 헤비 반팔티셔츠
4238035,0.2212,체이스컬트,공용 캐릭터 그래픽 반팔 티셔츠-DCRU5845E0P
5573160,0.2206,쿠톤,[쿠톤XIGEON] 카모윈드밀 오버핏 후디 3COLOR
6577861,0.2203,테네르,파이브 스타 나시 화이트
779738,0.2193,이즈오프,젠틀맨 오렌지 반팔티
4080128,0.2189,티떠블유엔,맨인어프 반팔 화이트 HHST3563
4748725,0.2185,시에라디자인,[CLOUD 0] 니트로 메쉬 베이스레이어 BROWN
3472314,0.2182,플래니트,[헤비쮸리] TECH SWEAT 세미오버핏 후드
1752882,0.2177,이즈,워프 셔츠 브라운
5147161,0.2177,디셈버텐,스퀘어넥 립 탱크탑 화이트
3851675,0.2176,엑스트라오디너리,LAST CHANCE PRINT HOODIE  M/GREY
3928854,0.2150,엔도어,Supima premium 1/2 T-shirt (white)
2586206,0.2136,유니온발란트,스토리카운티 티셔츠 브라운
4095636,0.2124,캑터스도넛마켓,Classic Extend T-Shirt - Navy
4708358,0.2109,테이아,남녀공용 우븐 후드티셔츠
5030458,0.2097,웬즈데이오아시스,시그니처 커브 로고 반팔 티셔츠_MELANGE(W25-TP21)
5550266,0.2097,더블유브이프로젝트,스탠다드 후드 블랙 SMHD7842
5087361,0.2095,비피피,fffff tee_black
3208451,0.2088,세인트페인,SP 에슬레틱 SNTPN 로고 티셔츠-블랙 화이트
873204,0.2086,리스펙트,헤비웨이트 인터네셔널 재팬 로고 후드티 (화이트)
5690508,0.2081,스크래틀 픽셀,VTG 스트라이프 후디[블랙스트라이프]
5240786,0.2074,아크메드라비,COLOR MIX AC BEAR SHORT SLEEVE T-SHIRT
3279746,0.2064,바스틱,노 클라스 락 티셔츠_블랙
3394713,0.2057,어뉴브로스,매니페스트 오버핏 반팔티셔츠 10 Color [ANSE_9103]
6321846,0.2047,캘빈클라인 진,애시드 워시 그래픽 반팔 티셔츠 A4RG840G UB1
2631714,0.2045,폴루션,Whale Series-1 Half T-Shirt(PUNCMTS017_BL)
6238251,0.2045,지플리시,워시드 슬리브리스 화이트
1641617,0.2043,사운즈 비뮈에트,스트리트 갤러리후드 (#YEGUILTY)
1183688,0.2019,사운즈 비뮈에트,로고 와펜 절개 터틀넥
4831181,0.2009,디아도라,러닝 그래픽 싱글렛 PTN GREEN
5969766,0.2007,아크메드라비,MIXED THREAD HOODIE ZIP UP (2 COLOR)
3029091,0.1987,지크립,무지 특양면 후드티
6581786,0.1987,일꼬르소,CRS Sorona Cotton ARCHIVE 숏 슬리브 티셔츠 화이트
5393016,0.1985,문선,MJ Henley Neck Ribbed T-shirt / Black
2364631,0.1969,플루크,피그먼트 오버핏 반팔티셔츠 다크그레이 FST701
3759999,0.1968,라드에디션,로고 릴렉스드 롱슬리브티_차콜
3828275,0.1957,원헌드레드퍼센트,OHP 레터링03 세미오버 반팔티셔츠
1402602,0.1930,모즈모즈,타이다이 레이온 오버핏 티셔츠_블랙
5419921,0.1928,시프트지,Soft Jersey Hood Jumper  Beige
1974029,0.1920,아이코노그라피,SURREALISM MOVEMET FLOWER STAR CR
2514432,0.1912,사운즈 비뮈에트,SOUNDS 레이어드 긴팔 티셔츠
1384541,0.1868,이에스엔,퓨어 헤비 반팔 티셔츠 블랙
4293889,0.1865,자고류,TEA DYEING HENLEY NECK - GREEN TEA
1480559,0.1858,드마크,남자여자  오버핏 무지 레이어드 반팔티 블랙
5982531,0.1853,프라게,리브드 슬림 롱슬리브
6608023,0.1845,드마크,M Street collage oversize sleeveless
3520431,0.1840,젠사이,로고 티셔츠 [4colors]
5368637,0.1816,티엔지티,Oversize Hoodie Sweatshirt (Black) TNTS5F102BK
3183367,0.1809,프롬아를,80S 빈티지 슬리브리스 / 모헤어
1752868,0.1804,이즈,워프 셔츠 캐롯
2245742,0.1780,우빙,PLEATS LONG SLEEVE (PURPLE)
5254938,0.1760,쿠르베,Contrast Wed Round Neck T-shirt (Black)
6175747,0.1726,토마스모어,튜블러 티 (10 Color)
4513736,0.1698,캔바츠,돈두댓 그래픽 반팔 티셔츠 (차콜그레이)
6593034,0.1694,아디다스,메르세데스 - AMG F1 팀 드라이버 저지 어센틱 KE5325
4223572,0.1671,왓더퍽,WTP 아치 로고 메쉬 반팔 하키져지 네이비
4655127,0.1670,무신사 스탠다드,피그먼트 탱크 탑 [스모크 핑크]
4150207,0.1645,리에마르,플라워 코튼 로즈 티셔츠
6131754,0.1625,어고우,플로우라인 립 슬리브 퍼플
5033963,0.1607,더스티화이트,디스트로이드 워시드 화이트 티셔츠
3479872,0.1596,그레일즈,SLOGAN OVAL LOGO HOODIE [MELANGE GREY]
1102740,0.1578,디쏘에이치,로고 슬리브
3480066,0.1573,꼬모니노즈,FLUFFY FRIENDS HOODIE [2 COLOR]
5219860,0.1573,케이엔드,스컬 자수 카라 니트 블랙
6208559,0.1573,지플리시,TL 코튼 링거 하프 티 그레이
2723316,0.1556,에포님,러브 슬리브리스_블랙
1087547,0.1549,로우 투 로우,MRT019D 멀시 박시 티 (쿨그레이)
5526482,0.1544,고하더,고하더 머슬나시 블랙
6037684,0.1534,노쿨러스,UL T-SHIRT 04 WHITE
1454073,0.1500,웨이브건,큐프라 유넥 티셔츠 그레이
4200458,0.1499,원헌드레드퍼센트,OHPxAIDAEVE4 소프트베이비 세미오버 반팔티m
3286023,0.1478,프롬아를,화이트 오버사이즈 아플리케 티셔츠 / HOPE
6415612,0.1477,드로우핏,미니멀 리브드 슬리브리스 [3color]
3249538,0.1472,엘엠씨,BLIND ITALIC STRIPE TEE white
2330013,0.1469,리스펙트,script tee (Black)
3286017,0.1466,프롬아를,플라워 프린트 슬리브리스 / 화이트
6063081,0.1462,스튜디오 톰보이,[MEN] 백 그래픽 피그먼트 후디 맨투맨_베이지 9156122115
4117795,0.1460,리트리버클럽,GRAFFITI DOGS TEE [WHITE]
6388329,0.1457,일꼬르소,워시드 포켓 숏 슬리브 티셔츠 다크 블루
3867845,0.1448,베이직하우스,면16수 릴렉스핏 긴팔티셔츠 화이트 LATS0111
1451623,0.1421,색 스튜디오,COZY BLOCK T-SHIRTS BLACK
2583267,0.1412,이노스 골프,알포트 후디 그레이
4873795,0.1412,엘무드,캘리 그래픽 링거 티셔츠 블랙
5254541,0.1395,쿠르베,V-NECK POLO (White)
6528302,0.1386,엄브로,챈트 메쉬 그래픽 로고 반팔 티셔츠 블루 UR321CRS74
3996884,0.1366,유니온스튜디오,루즈핏 베이직 실키 긴팔티 ( 4Color )
4861024,0.1363,어널로이드,버튼 플라워 피케 폴로 셔츠 / 네이비
5354006,0.1356,엔도어,Vtg zip-up stripe polo shirt (vtg red)
2555069,0.1355,올리버코튼즈,코튼 와펜 티셔츠 (블랙)
3193225,0.1353,라이프워크,나일론 배색 반팔티셔츠
3380403,0.1352,드마크,오버핏 반팔 스티치 포인트 티셔츠 블랙
4422427,0.1350,엘무드,LD 리브드 슬리브리스 ( 3 COLOR )
3021560,0.1347,스터프,코기 릴리 ARCHE 후드티
3945224,0.1343,록히드마틴,HALF ZIP MESH HOODIE PULLOVER (CHARCOAL)
2567384,0.1340,어텐션로우,22SS07AT029 숄더 파이핑 레귤러 오버핏 반팔 (카키브라운)
6254460,0.1316,데상트골프,남성 그래픽 반팔 카라 티셔츠  DR22MFTS4H
1354875,0.1312,모즈모즈,세로로고 오버핏 티셔츠_화이트
6330600,0.1299,컬럼비아,남성 본피쉬 플랫 반팔 셔츠
5254913,0.1295,쿠르베,Buckle Contrast Wed Round Neck T-shirt (Black)
4765007,0.1293,무신사 스탠다드,크로셰 슬리브리스 탑 [아이보리]
5182777,0.1291,케이지엠,스머지 로고 반팔 티셔츠 BLACK
4917737,0.1242,티엔지티,Essential Round Neck T-Shirt (Light Beige) TNTS5E206I2
5306444,0.1233,발란트,피그먼트 슬로건 버클 후드 - 핑크
1641178,0.1228,사운즈 비뮈에트,스트리트 갤러리 티셔츠 (#YEGUILTY)
4876854,0.1228,쿠톤,이퀄리티 오버핏 헤비 반팔티셔츠
1354981,0.1216,모즈모즈,오버핏 특양면 반팔티셔츠_블루
3800887,0.1201,와이케이,말티즈 아카이브 라인 그래픽 후드티셔츠 모스 그린
5254902,0.1199,쿠르베,Buckle Contrast Wed Round Neck T-shirt (White)
1983278,0.1183,아이코노그라피,SURREALISM MOVEMET FLOWER 2 BK
6187011,0.1180,미얼리 메이드,프리미엄 슬럽져지 크롭 티셔츠
6013716,0.1168,올세인츠,엠블럼 크루 티셔츠 M006PE-162
4172842,0.1164,나이키,스포츠웨어 클럽 티셔츠 M - 블랙 / FV0376-010
5783252,0.1160,스페셜게스트,V2 ALTEREGO MERCERIZED TEE (White)
4876573,0.1157,쿠톤,보더문 오버핏 헤비 반팔티셔츠
5148392,0.1150,엠오오,볼드 타이포  반팔티 - 블랙
3219157,0.1146,쿨트,FISH T-SHIRT 퍼플
4442466,0.1140,와일드락,1999 아치 로고 후드 _블랙
4729118,0.1139,지플리시,슬라브 헨리넥 핑거홀 화이트
2116855,0.1138,로익,니트 슬리브리스
3491665,0.1136,디 그랜드 마틴,V.HEAVY HOOD SWEAT DEGRAND_1% MELANGE
5315350,0.1130,주앙옴므,크롭핏 컴팩트 코튼 롱슬리브 (차콜)
2208198,0.1123,기명,백 플라워 후드 스웻 샌드베이지
4724774,0.1115,송지오,송지오옴므 오토그래프 어시메트릭 후드 블랙 SH2TS216BK
6373729,0.1109,엠오오,레이어드 브이넥 반팔티 - 블랙
4880670,0.1108,갈렉스,풋볼 레터링 링거 숏슬리브 아이보리 GA5627 IV
5861403,0.1094,지제로 송지오,지제로 블루 아이 후드 핑크 SI2TS803PK
6615442,0.1088,노밍,루즈핏 크롭 이지 후드티 - 그레이
6575036,0.1086,레씨토,Grab Pulse T-Shirt_[Black]
6562157,0.1081,메이킷투,스트라이프 크로쉐 슬리브리스
3377267,0.1074,기명,씨사이드 그래픽 티셔츠 블랙
5170639,0.1071,르아르,에센셜 크롭 티셔츠 [헤더 그레이]
5522561,0.1070,엠오오,콘트라스트 버튼 후드 - 베이지
4293888,0.1064,자고류,TEA DYEING HENLEY NECK - BLACK TEA
5723050,0.1063,탑텐,공용 테리 스웨트 집업 _MSG1TC3901
6064851,0.1062,송지오,송지오 컬렉션 크로싱 스트로크 페인티드 티셔츠 블랙 SI3TS717BK
3388504,0.1055,드마크,박스핏 반팔 티셔츠 그레이
4748469,0.1055,엔비에이,GSW 브이넥 우븐 피스테(N251TS131P) 블랙
4987582,0.1053,젠사이,멀티 우븐패치 티셔츠
1098166,0.1052,락핑거,에일리언 티 [ Blue ]
6096409,0.1048,순진,사랑유랑 핏티드 티셔츠 [NAVY]
5974244,0.1044,샌드 사운드,(UNISEX) 어닝 스트라이프 롱슬리브 티셔츠 블루
5393259,0.1037,일꼬르소,울 블렌드 코지 폴로 니트 브라운 IESW5F505W2
6186423,0.1018,르아르,에센셜 크롭 티셔츠 (12color)
3080282,0.1012,노이어,실키 블렌디드 U넥 티셔츠 (화이트)
5911669,0.1012,언타이틀 서울,유니콘 스몰 스트라이프 헨리넥 후디 블랙
4860497,0.1008,탑텐,남성) COOL-AIR 크루넥 탱크_MSF5UL1203
5434617,0.1000,메종미네드,BASIC WAFFLE HENLEY NECK CREAM
