구간,라벨,goods_no,판정,의미,p_female,브랜드,상품명
선행,남성,1933076,M,동성·모델없음(유지),0.9835,칸6312,KTC0024 진실의눈 반팔티셔츠 - 베이지
선행,남성,3381057,M,동성·모델없음(유지),0.9828,칸6312,KTPP0186 테드만 피그먼트 반팔티셔츠 - 핑크
선행,남성,3327414,M,동성·모델없음(유지),0.9823,칸6312,KSB0186 테드만 롱슬리브리스 - 블랙
선행,남성,3248527,M,동성·모델없음(유지),0.9816,칸6312,KTN0186 테드만 반팔 티셔츠 네이비
선행,남성,3248552,M,동성·모델없음(유지),0.9812,칸6312,KTG0186 테드만 반팔 티셔츠 그레이
선행,남성,1634518,M,동성·모델없음(유지),0.9797,돌돌,Lily-tshirts-23 러블리 릴리 여자 북극곰 스노우보드 선수 익스트림 캐릭터 그래픽 디자인 티셔츠 티
선행,남성,3381060,M,동성·모델없음(유지),0.9793,칸6312,KTPN0186 테드만 피그먼트 반팔티셔츠 - 블루
선행,남성,2225136,M,동성·모델없음(유지),0.9789,칸6312,KHC0024 진실의눈 기모 후드 - 크림
선행,남성,5299386,M,동성·모델없음(유지),0.9780,돌돌,SHARK-DOG_tshirts-179 샤크독 서핑 하와이 그래픽 티셔츠 반팔티
선행,남성,3248570,M,동성·모델없음(유지),0.9767,칸6312,KTC0186 테드만 반팔 티셔츠 베이지
선행,남성,2944602,M,동성·모델없음(유지),0.9756,칸6312,KHC0186 테드만 기모 후드 크림
선행,남성,2225115,M,동성·모델없음(유지),0.9746,칸6312,KHG0024 진실의눈 기모 후드 - 그레이
선행,남성,3248434,M,동성·모델없음(유지),0.9742,칸6312,KTB0186 테드만 반팔 티셔츠 블랙
선행,남성,5277341,M,동성·모델없음(유지),0.9733,돌돌,SHARK-DOG_tshirts-163 샤크독 서핑 하와이 그래픽 티셔츠 반팔티
선행,남성,4052127,M,동성·모델없음(유지),0.9729,돌돌,WOOPS-T-67  스케이트보드 고양이 웁스 캐릭터 그래픽티셔츠
선행,남성,998835,M,동성·모델없음(유지),0.9724,메리제임스,[남녀공용-오버핏] MINUET HALF SLEEVE (6 COLOR)
선행,남성,2944601,M,동성·모델없음(유지),0.9720,칸6312,KHB0186 테드만 기모 후드 블랙
선행,남성,3327281,M,동성·모델없음(유지),0.9713,돌돌,FICO_tshirts-200 익스트림 낚시 브랜드 피코 시즌2 캐릭터 그래픽 디자인 티셔츠
선행,남성,4259547,M,동성·모델없음(유지),0.9713,언더에어,WATER HALF SLEEVE - BURGUNDY
선행,남성,1948216,M,동성·모델없음(유지),0.9711,맥나인도씨,심플 레터링 오버핏 티셔츠_블랙
선행,남성,998865,M,동성·모델없음(유지),0.9703,메리제임스,[남녀공용-오버핏] CHALLENGER HALF SLEEVE (6 COLOR)
선행,남성,4080711,M,동성·모델없음(유지),0.9703,돌돌,WOOPS-T-79  스케이트보드 고양이 웁스 캐릭터 그래픽티셔츠
선행,남성,3241942,M,동성·모델없음(유지),0.9697,칸6312,KTC0185 큐티걸스 반팔 티셔츠 베이지
선행,남성,4224928,M,동성·모델없음(유지),0.9694,돌돌,WOOPS-T-126  스케이트보드 고양이 웁스 캐릭터 그래픽티셔츠
선행,남성,5897273,M,동성·모델없음(유지),0.9687,그루브라임,18수 덤비베어 와펜 반팔 티셔츠 (5COLOR) (LRBMCTR703M)
선행,남성,1933061,M,동성·모델없음(유지),0.9685,칸6312,KTC0023 치카노퀸 반팔티셔츠 - 베이지
선행,남성,1968185,M,동성·모델없음(유지),0.9674,칸6312,KTW0059 숭배 반팔티셔츠 - 화이트
선행,남성,3327914,M,동성·모델없음(유지),0.9669,칸6312,KSB0191 마리아 롱슬리브리스 - 블랙
선행,남성,2944599,M,동성·모델없음(유지),0.9666,칸6312,KHG0186 테드만 기모 후드 그레이
선행,남성,3248396,M,동성·모델없음(유지),0.9663,칸6312,KTW0186 테드만 반팔 티셔츠 화이트
선행,남성,2936944,M,동성·모델없음(유지),0.9652,칸6312,KHC0185 큐티걸스 기모 후드 크림
선행,남성,4104001,M,동성·모델없음(유지),0.9651,돌돌,WOOPS-T-93  스케이트보드 고양이 웁스 캐릭터 그래픽티셔츠
선행,남성,5940676,M,동성·모델없음(유지),0.9649,리그,유니 바라클라바 그리드메쉬 시계홀 긴팔티셔츠_WH R1TS2106
선행,남성,2961345,M,동성·모델없음(유지),0.9645,칸6312,KHC0191 마리아 기모 후드 크림
선행,남성,3563366,M,동성·모델없음(유지),0.9645,돌돌,Graffiti-tree_T-shirts_16 동물의 숲 그래피티 트리 캐릭터 그래픽 티셔츠 반팔티
선행,남성,6605742,X,혼성(유지),0.9644,노밍,[2PACK] 루즈핏 크롭 이지 숏 슬리브  (4COLOR)
선행,남성,2437080,M,동성·모델없음(유지),0.9640,스터프,아카데미 루즈핏 헤비 반팔티 블랙
선행,남성,3327408,M,동성·모델없음(유지),0.9639,칸6312,KSB0185 큐티걸스 롱슬리브리스 - 블랙
선행,남성,4052125,M,동성·모델없음(유지),0.9634,돌돌,WOOPS-T-65  스케이트보드 고양이 웁스 캐릭터 그래픽티셔츠
선행,남성,777939,M,동성·모델없음(유지),0.9631,아파트먼트,Ordinary Mansion Half Sleeve - Orange
선행,남성,4224925,M,동성·모델없음(유지),0.9631,돌돌,WOOPS-T-123  스케이트보드 고양이 웁스 캐릭터 그래픽티셔츠
선행,남성,1968187,M,동성·모델없음(유지),0.9627,칸6312,KTC0059 숭배 반팔티셔츠 - 베이지
선행,남성,4103997,M,동성·모델없음(유지),0.9616,돌돌,WOOPS-T-90  스케이트보드 고양이 웁스 캐릭터 그래픽티셔츠
선행,남성,1932937,M,동성·모델없음(유지),0.9602,칸6312,KTW0023 치카노퀸 반팔티셔츠 - 화이트
선행,남성,564817,M,동성·모델없음(유지),0.9601,콴토데로코스,ROCKET_TEE_BLACK
선행,남성,3241917,M,동성·모델없음(유지),0.9599,칸6312,KTW0185 큐티걸스 반팔 티셔츠 화이트
선행,남성,2253998,M,동성·모델없음(유지),0.9597,칸6312,KHC0059 숭배 기모 후드 - 크림
선행,남성,4174916,M,동성·모델없음(유지),0.9593,돌돌,WOOPS-T-104  스케이트보드 고양이 웁스 캐릭터 그래픽티셔츠
선행,남성,3262453,M,동성·모델없음(유지),0.9569,칸6312,KTC0191 마리아 반팔 티셔츠 베이지
선행,남성,4104011,M,동성·모델없음(유지),0.9565,돌돌,WOOPS-T-103  스케이트보드 고양이 웁스 캐릭터 그래픽티셔츠
선행,남성,4080722,M,동성·모델없음(유지),0.9555,돌돌,WOOPS-T-85  스케이트보드 고양이 웁스 캐릭터 그래픽티셔츠
선행,남성,3300738,M,동성·모델없음(유지),0.9553,돌돌,FICO_tshirts-171 익스트림 낚시 브랜드 피코 시즌2 캐릭터 그래픽 디자인 티셔츠
선행,남성,3262435,M,동성·모델없음(유지),0.9543,칸6312,KTW0191 마리아 반팔 티셔츠 화이트
선행,남성,2961337,M,동성·모델없음(유지),0.9538,칸6312,KHG0191 마리아 기모 후드 그레이
선행,남성,2717445,M,동성·모델없음(유지),0.9537,돌돌,FICO_tshirts-09 익스트림 바다 낚시 앵글러 코끼리 피코 캐릭터 그래픽 디자인 티셔츠
선행,남성,2708003,M,동성·모델없음(유지),0.9532,칸6312,KSB0152 치카노걸스 스케이트보드 롱슬리브리스 - 블랙
선행,남성,5885376,M,동성·모델없음(유지),0.9521,오프메이드,[기모추가] 써클 레터링 오버핏 프린팅 후드티
선행,남성,6107202,M,동성·모델없음(유지),0.9517,그루브라임,아프로 오션차일드 백 그래픽 반팔 티셔츠 (LRSMCTR715M)
선행,남성,5528337,M,동성·모델없음(유지),0.9512,프랑켄모노,(쭈리기모) 루나 섀도우 후드 티셔츠
선행,남성,3192747,M,동성·모델없음(유지),0.9505,돌돌,loving-flower_t_14 러빙플라워 봄 튤립 꽃  일러스트 디자인 티셔츠
선행,남성,2558509,M,동성·모델없음(유지),0.9493,칸6312,KSB0024 치카노크로스 롱슬리브리스 - 블랙
선행,남성,6227690,M,동성·모델없음(유지),0.9493,휠라,테니스 Drywave 클럽매치 자카드 카라티(FS262TS11U001472)
선행,남성,998825,M,동성·모델없음(유지),0.9492,메리제임스,[남녀공용-오버핏] MODERATO HALF SLEEVE (7 COLOR)
선행,남성,6366908,M,동성·모델없음(유지),0.9489,복스로,We Dont Play Boxing 오버사이즈 티셔츠 - 여성 W BXRW-U-WDPBT-W [블랙]
선행,남성,2936937,M,동성·모델없음(유지),0.9481,칸6312,KHG0185 큐티걸스 기모 후드 그레이
선행,남성,2936940,M,동성·모델없음(유지),0.9473,칸6312,KHB0185 큐티걸스 기모 후드 블랙
선행,남성,4080716,M,동성·모델없음(유지),0.9471,돌돌,WOOPS-T-82  스케이트보드 고양이 웁스 캐릭터 그래픽티셔츠
선행,남성,6038197,M,동성·모델없음(유지),0.9467,유에프씨 스포츠,UFC 파이트클럽 메가핏 후드티 블랙 U2HDX1101BK
선행,남성,6964675,X,혼성(유지),0.9465,노디,럭키 마그넷 롱슬리브 블랙
선행,남성,1874386,M,동성·모델없음(유지),0.9457,돌돌,RUNCH-T-02 런닝 치타 런치 캐릭터 그래픽 티셔츠
선행,남성,6412991,M,동성·모델없음(유지),0.9453,현피트,SHOULDER 2-STRIPES T-SHIRT-[BLACK]
선행,남성,5086979,X,혼성(유지),0.9452,윌리워 스튜디오,아카이브 파리 티셔츠[3 COLOR]
선행,남성,5080385,X,혼성(유지),0.9445,레이몬트,에센셜  RAI 로고 솔리드 반팔 티셔츠_브릭레드
선행,남성,6079013,M,동성·모델없음(유지),0.9443,아스파라거스,프론트 라인 슬리브리스 탑 레더
선행,남성,3241924,M,동성·모델없음(유지),0.9433,칸6312,KTN0185 큐티걸스 반팔 티셔츠 네이비
선행,남성,3241939,M,동성·모델없음(유지),0.9431,칸6312,KTG0185 큐티걸스 반팔 티셔츠 그레이
선행,남성,3370450,M,동성·모델없음(유지),0.9428,칸6312,KTPG0185 큐티걸스 피그먼트 반팔티셔츠  - 그레이
선행,남성,2253997,M,동성·모델없음(유지),0.9423,칸6312,KHG0059 숭배 기모 후드 - 그레이
선행,남성,3370725,M,동성·모델없음(유지),0.9420,칸6312,KTPN0185 큐티걸스 피그먼트 반팔티셔츠 - 블루
선행,남성,3545637,M,동성·모델없음(유지),0.9408,그레이버,[UNISEX]백 데이지플라워 스마일 후드티_그레이
선행,남성,5925547,M,동성·모델없음(유지),0.9382,마누,S-08A 와플 후디
선행,남성,5047606,X,혼성(유지),0.9377,레이몬트,에센셜  RAI 로고 솔리드 반팔 티셔츠_화이트
선행,남성,2961341,M,동성·모델없음(유지),0.9361,칸6312,KHB0191 마리아 기모 후드 블랙
선행,남성,2222005,M,동성·모델없음(유지),0.9335,칸6312,KHC0023 치카노퀸 기모 후드 - 크림
선행,남성,6277950,M,동성·모델없음(유지),0.9333,보다,우주먼지 티셔츠 화이트
선행,남성,1858928,X,혼성(유지),0.9283,세븐틴스,골드해바라기 오버핏 반팔 라운드 (블랙-FREE)
선행,남성,3144977,M,동성·모델없음(유지),0.9281,돌돌,DMK_T-shirts_62 그래피티 아티스트 데빌몽키 dmk 캐릭터 그래픽 티셔츠 반팔티
선행,남성,3241921,M,동성·모델없음(유지),0.9269,칸6312,KTB0185 큐티걸스 반팔 티셔츠 블랙
선행,남성,3262441,M,동성·모델없음(유지),0.9247,칸6312,KTB0191 마리아 반팔 티셔츠 블랙
선행,남성,3262449,M,동성·모델없음(유지),0.9231,칸6312,KTG0191 마리아 반팔 티셔츠 그레이
선행,남성,2724237,M,동성·모델없음(유지),0.9221,돌돌,FICO_tshirts-18 익스트림 바다 낚시 앵글러 코끼리 피코 캐릭터 그래픽 디자인 티셔츠
선행,남성,4421232,M,동성·모델없음(유지),0.9213,쿨트,Vintage girl hoody Brown
선행,남성,1042466,M,동성·모델없음(유지),0.9184,돌돌,Gangster Guile_T-shirts_19 갱스터 크로우 가일 힙합 그래피티 캐릭터 그래픽 디자인 티셔츠
선행,남성,4370478,M,동성·모델없음(유지),0.9170,바스락,아치 로고 롱 슬리브 딥오션
선행,남성,4174919,M,동성·모델없음(유지),0.9168,돌돌,WOOPS-T-107  스케이트보드 고양이 웁스 캐릭터 그래픽티셔츠
선행,남성,4052129,M,동성·모델없음(유지),0.9156,돌돌,WOOPS-T-69  스케이트보드 고양이 웁스 캐릭터 그래픽티셔츠
선행,남성,6583541,M,동성·모델없음(유지),0.9153,바이모노,[빅사이즈 S-8XL] 쏙쏙숨티 CANADA 자동넣입 반팔
선행,남성,2688602,M,동성·모델없음(유지),0.9147,칸6312,KSB0138 올드문 롱슬리브리스 - 블랙
선행,남성,4421244,M,동성·모델없음(유지),0.9136,쿨트,Vintage girl hoody Black
선행,남성,2724239,M,동성·모델없음(유지),0.9123,돌돌,FICO_tshirts-19 익스트림 바다 낚시 앵글러 코끼리 피코 캐릭터 그래픽 디자인 티셔츠
선행,남성,3262443,M,동성·모델없음(유지),0.9112,칸6312,KTN0191 마리아 반팔 티셔츠 네이비
선행,남성,6380886,M,동성·모델없음(유지),0.9093,엄브로,[QUICK-DRY] 슬로우킥 히트맵 로고 프레쉬 반팔 티셔츠 화이트 UR221SRS54
선행,남성,5402125,M,동성·모델없음(유지),0.9071,아웃도어 프로덕츠,MULTI LOGO HOODIE (CHARCOAL)
선행,남성,6190076,M,동성·모델없음(유지),0.9061,마크곤잘레스,2002 풋볼 반팔 티셔츠 - WHITE
선행,남성,4503494,M,동성·모델없음(유지),0.9050,칼렉,레이싱 폴라텍 파워그리드 러닝 후디 남성(오렌지)
선행,남성,2222001,M,동성·모델없음(유지),0.9042,칸6312,KHG0023 치카노퀸 기모 후드 - 그레이
선행,남성,1870225,M,동성·모델없음(유지),0.9033,딜레탕티즘,데님 조거 트레이닝 후드
선행,남성,6190288,M,동성·모델없음(유지),0.9020,휠라,Coldwave+ 아카이브 반팔티(FS262RS01X013626)
선행,남성,6097876,M,동성·모델없음(유지),0.9018,르꼬끄,유니 르프레쉬 라이트 백그래픽 루즈핏 반팔티 - 코랄 QR223LRS42
선행,남성,2603208,M,동성·모델없음(유지),0.9016,칸6312,KSB0055 썸머 롱슬리브리스 - 블랙
선행,남성,1474749,M,동성·모델없음(유지),0.9015,변화,CHANGE 태극기 후드티 자수 블랙
선행,남성,5728338,M,동성·모델없음(유지),0.9013,엘리메노,EL [심아일랜드] Young-Hee 후드티셔츠
선행,남성,6725029,M,동성·모델없음(유지),0.8979,어나더 오피스,Dyed Ribbed Scoop Neck Tank (Gray)
선행,남성,3531625,M,동성·모델없음(유지),0.8978,원헌드레드퍼센트,OHP X BJ.KO b샤샤 no.4 베이직 긴팔티셔츠
선행,남성,6278875,M,동성·모델없음(유지),0.8977,디터민드,더블타이거 오버핏
선행,남성,3913829,M,동성·모델없음(유지),0.8974,쿨트,DOUBLE ARCH T-SHIRT L.MELANGE
선행,남성,1879682,M,동성·모델없음(유지),0.8961,돌돌,RUNCH-T-10 런닝 치타 런치 캐릭터 그래픽 티셔츠
선행,남성,4052123,M,동성·모델없음(유지),0.8947,돌돌,WOOPS-T-63  스케이트보드 고양이 웁스 캐릭터 그래픽티셔츠
선행,남성,4990037,M,동성·모델없음(유지),0.8934,버커루,16수 싱글 오버핏 빈티지 아트웍 민소매 티셔츠 그레이
선행,남성,1939902,M,동성·모델없음(유지),0.8917,돌돌,WOOPS-T-118  스케이트보드 고양이 웁스 캐릭터 그래픽티셔츠
선행,남성,4983652,M,동성·모델없음(유지),0.8913,블랙야크,ZERO 공용 우븐 셋업 반팔티_DY
선행,남성,2551977,M,동성·모델없음(유지),0.8901,칸6312,KSB0009 갓 롱슬리브리스 - 블랙
선행,남성,4068835,M,동성·모델없음(유지),0.8878,커뮤니티클럽,MUSIC NOTE TEE Navy
선행,남성,743605,X,혼성(유지),0.8856,기럭지,로고자수  반팔 티셔츠
선행,남성,4388180,M,동성·모델없음(유지),0.8853,바켄,사이드 트임 후드티 와이드 카고 트레이닝 팬츠 셋업 BK8906_8907
선행,남성,4795917,M,동성·모델없음(유지),0.8846,와르,M1048 레터링 티셔츠 (2COLORS)
선행,남성,4655205,M,동성·모델없음(유지),0.8837,무신사 스탠다드,클래식 링거 티셔츠 [크림]
선행,남성,4729083,X,혼성(유지),0.8835,아르메데스,[2PACK] 면 16수 오버핏 아트그래픽 반팔티셔츠 (1024)
선행,남성,4623452,M,동성·모델없음(유지),0.8827,하이퍼플,하이퍼플 인피니티 후드티
선행,남성,6624330,M,동성·모델없음(유지),0.8826,슬레이즈,에이팩스 사인 티셔츠 (그레이) + 8LOCK (1P)
선행,남성,3934288,M,동성·모델없음(유지),0.8799,쿨트,UV MARSEILLE LETTERING T-SHIRT GREY
선행,남성,4551225,M,동성·모델없음(유지),0.8773,오리지널데이,[기모선택] Fire Lettering 오버핏 후디 후드 티셔츠 Black
선행,남성,1740345,M,동성·모델없음(유지),0.8758,상상발전소,마스크워리어 02_NVCH
선행,남성,2606834,M,동성·모델없음(유지),0.8756,칸6312,KSB0075 네온라인 롱슬리브리스 - 블랙
선행,남성,2877270,M,동성·모델없음(유지),0.8749,아스트랄 프로젝션,그래피티 레터링 오버핏 드롭숄더 후디_피치
선행,남성,1065726,M,동성·모델없음(유지),0.8738,기럭지,7부 라운드 티셔츠
선행,남성,4993250,X,혼성(유지),0.8710,라이프워크,공용) 워싱 실리콘 라독 반팔 티셔츠
선행,남성,4920277,X,혼성(유지),0.8706,갈렉스,풋볼 베이직 나일론 숏슬리브 블랙 GA5620 BK
선행,남성,6015013,M,동성·모델없음(유지),0.8703,엄브로,[QUICK-DRY] 더비독 프레쉬 반팔 티셔츠 화이트 UR123CRS34
선행,남성,6577812,M,동성·모델없음(유지),0.8682,테네르,파이브 스타 나시 차콜
선행,남성,5197929,M,동성·모델없음(유지),0.8679,룰라쿨라,룰라쿨라 로고 반팔 티셔츠
선행,남성,1009663,M,동성·모델없음(유지),0.8677,아파트먼트,TOP NOTCH HALF SLEEVE (3 COLOR)
선행,남성,1895905,M,동성·모델없음(유지),0.8674,코랄리안,런오프 디자인스튜디오 긴팔 티셔츠 블랙
선행,남성,4229387,M,동성·모델없음(유지),0.8665,아스트랄 프로젝션,[파이트 포 라이트]코튼 루즈핏 반팔 티셔츠_버터 밀크
선행,남성,6328911,M,동성·모델없음(유지),0.8647,바스틱,나이트 티셔츠_화이트
선행,남성,4996156,X,혼성(유지),0.8628,엄브로,[UMBRO X MOONSUN] 게임 셔츠 실버(UQ221CRJ41)
선행,남성,3317670,X,혼성(유지),0.8626,코랄리안,테니스 라운드 소로나 티셔츠 민트
선행,남성,3317723,X,혼성(유지),0.8622,코랄리안,테니스 라운드 소로나 티셔츠 네이비
선행,남성,2675925,M,동성·모델없음(유지),0.8589,칸6312,KSB0115 치카노크로스 롱슬리브리스 - 블랙
선행,남성,5191830,X,혼성(유지),0.8588,원헌드레드퍼센트,OHPxGOODD4 핑크로드 세미오버 반팔티6
선행,남성,2749766,M,동성·모델없음(유지),0.8570,모즈모즈,톤다운 레글런 오버핏 기모 후드 블루
선행,남성,5942425,M,동성·모델없음(유지),0.8566,르꼬끄,유니 스트레치 타슬란 4.5부 숏팬츠 - 블랙 QR223LHP41
선행,남성,1560684,M,동성·모델없음(유지),0.8565,차마스포츠랩,CSL BOWLING SHIRT-ICE WHITE
선행,남성,6380891,M,동성·모델없음(유지),0.8564,엄브로,[QUICK-DRY] 슬로우킥 프레쉬 레터링 반팔 티셔츠 블랙 UR221SRS51
선행,남성,4729194,X,혼성(유지),0.8561,아르메데스,[2PACK] 면 16수 오버핏 아트그래픽 반팔티셔츠 (1025)
선행,남성,1337831,X,혼성(유지),0.8544,고목,창과 문 티셔츠 (Ash gray)-남
선행,남성,5196545,X,혼성(유지),0.8541,커버라이즈,HEADPHONE GIRL TEE (BLACK)
선행,남성,3495406,M,동성·모델없음(유지),0.8538,그라픽,미브스 원턱 와이드 스웨트 팬츠 2 Color [GRPT_2001]
선행,남성,4427276,X,혼성(유지),0.8533,윌리워 스튜디오,FAN-SHAPED 그래픽 후로킹 슬리브리스 2 color
선행,남성,4174918,M,동성·모델없음(유지),0.8506,돌돌,WOOPS-T-106  스케이트보드 고양이 웁스 캐릭터 그래픽티셔츠
선행,남성,4150918,M,동성·모델없음(유지),0.8497,스포츠 일러스트레이티드,CYCLING LESPRIT DU TOUR HALF SLEEVE (BLACK)
선행,남성,4483979,M,동성·모델없음(유지),0.8484,나이키,프로 드라이 핏 웜 긴소매 피트니스 모크 M - 블랙:화이트 / FB8516-010
선행,남성,2585965,M,동성·모델없음(유지),0.8480,유니온발란트,유에스에이 에어포스 티셔츠 멜란지1%
선행,남성,4918945,M,동성·모델없음(유지),0.8462,제네럴웍스,G-25-SS-711 프린팅 반팔 티셔츠_화이트
선행,남성,1803401,M,동성·모델없음(유지),0.8460,스텝온리,NEWPORT HOODIE (NAVY)
선행,남성,3229297,M,동성·모델없음(유지),0.8458,바스틱,아치 심볼 그래픽 티셔츠_네이비
선행,남성,6190322,M,동성·모델없음(유지),0.8449,휠라,Coldwave+ 삼단로고 반팔티(FS262RS01X022041)
선행,남성,1474570,X,혼성(유지),0.8443,펠스파브룩,트루핏 하프 폴로셔츠[WHITE]
선행,남성,6066859,M,동성·모델없음(유지),0.8432,하이타이드 프랭키,Golden Dawn Long Sleeve White
선행,남성,1474693,X,혼성(유지),0.8391,펠스파브룩,20수 스트라이프 보트넥 티셔츠[KHAKI]
선행,남성,6222078,M,동성·모델없음(유지),0.8383,아디다스,스케이트보딩 아디다스 코르포 솔루션 후디 KC2261
선행,남성,4175233,M,동성·모델없음(유지),0.8381,와이오와이,반집업 플리츠 반팔 아노락_라이트베이지
선행,남성,6755816,M,동성·모델없음(유지),0.8358,씨에이치사공사,404 RINGER TEE WHITE
선행,남성,2606207,M,동성·모델없음(유지),0.8346,칸6312,KSB0060 타투칸 롱슬리브리스 - 블랙
선행,남성,3269557,M,동성·모델없음(유지),0.8345,브라바도,ACDC DOG A BONE 2 BK (BRENT2415)
선행,남성,6581798,M,동성·모델없음(유지),0.8342,일꼬르소,CRS Sorona Cotton 스포팅 기어 숏 슬리브 티셔츠 그레이
선행,남성,6304037,M,동성·모델없음(유지),0.8331,에이메이드,쿨코튼 패럿 오버핏 티셔츠(2col.)
선행,남성,5940667,M,동성·모델없음(유지),0.8327,리그,유니 타이다잉 그리드메쉬 긴팔티셔츠_KH R1TS2104
선행,남성,4328845,X,혼성(유지),0.8324,엘런아시,Sunset 기본 오버핏 반팔 티셔츠
선행,남성,3213867,X,혼성(유지),0.8321,더바이닐하우스,BIG BRINDLE TEE GREEN (VH2DMUT510A)
선행,남성,4912144,M,동성·모델없음(유지),0.8316,토피,크로셰 슬리브리스 (CHARCOAL)
선행,남성,2554362,M,동성·모델없음(유지),0.8308,칸6312,KSB0019 치카노레터링 롱슬리브리스 - 블랙
선행,남성,5664665,M,동성·모델없음(유지),0.8307,더마일,MAISONDE MILE HOODIE [BLACK]
선행,남성,6499364,X,혼성(유지),0.8307,원헌드레드퍼센트,OHPxHARMONIA 고양이 온천 세미오버 반팔티6
선행,남성,5242863,M,동성·모델없음(유지),0.8300,고저,CAMO COLLAR HALF T-SHIRT_LIGHT
선행,남성,4707526,M,동성·모델없음(유지),0.8299,아조바이아조,Cross Symbol Washed Raglan T-Shirt [GREY]
선행,남성,1354868,M,동성·모델없음(유지),0.8293,모즈모즈,백로고유령 오버핏 티셔츠_화이트
선행,남성,5215900,M,동성·모델없음(유지),0.8280,바이엘,페인트 그래피티 로고 반팔티 화이트
선행,남성,4177171,M,동성·모델없음(유지),0.8279,룰라쿨라,비 그래픽 티셔츠
선행,남성,1445020,M,동성·모델없음(유지),0.8249,로코베이직,T001 / 코튼 100 레이어드 화이트 T
선행,남성,4080702,M,동성·모델없음(유지),0.8247,돌돌,WOOPS-T-75  스케이트보드 고양이 웁스 캐릭터 그래픽티셔츠
선행,남성,5323809,M,동성·모델없음(유지),0.8243,엄브로,NQ 리버시블 우븐 탑 블랙(UQ311CWT82)
선행,남성,4160617,M,동성·모델없음(유지),0.8217,아스트랄 프로젝션,[시오소피컬 소사이어티]코튼 루즈핏 반팔 티셔츠_버터 밀크
선행,남성,2628149,M,동성·모델없음(유지),0.8212,폴루션,Poster Half T-Shirt(PUNCMTS012_BK)
선행,남성,5080215,X,혼성(유지),0.8212,레이몬트,에센셜  RAI 로고 솔리드 반팔 티셔츠_화이트멜란지
선행,남성,1474689,X,혼성(유지),0.8209,펠스파브룩,30수 스트라이프 립 배색 티셔츠[WHITE]
선행,남성,3213762,M,동성·모델없음(유지),0.8202,비볼드비쿨,싸이코 [T-Shirt]
선행,남성,4564466,M,동성·모델없음(유지),0.8189,원헌드레드퍼센트,OHPxGOODD b잇츠미 오버핏 헤비 후드
선행,남성,2764212,M,동성·모델없음(유지),0.8187,더블유브이프로젝트,컬러인 후드 그린 MJHD7622
선행,남성,4629089,M,동성·모델없음(유지),0.8187,바이엘,티앤티 후드 블랙
선행,남성,2978456,M,동성·모델없음(유지),0.8168,고저,UNDER LONG SHIBORI SLEEVE_BLACK
선행,남성,6031735,M,동성·모델없음(유지),0.8166,챈세스노이,바스켓 스웨트 후디드(차콜그레이멜란지네이비)/BAMXHD
선행,남성,2329959,M,동성·모델없음(유지),0.8165,리스펙트,jail tee (Black)
선행,남성,3402964,M,동성·모델없음(유지),0.8165,원헌드레드퍼센트,OHP X AIDAEVE 레이니데이 세미오버 반팔티
선행,남성,5480541,M,동성·모델없음(유지),0.8165,엠오오,스타 도트 아플리케 배색 후드 - 네이비
선행,남성,4682276,M,동성·모델없음(유지),0.8156,코닥,빅로고 그래픽 긴팔 티셔츠 BLACK
선행,남성,5037677,M,동성·모델없음(유지),0.8155,플루크,시티 어드벤처 크랙 반팔 티셔츠  네이비 FST336
선행,남성,5876309,M,동성·모델없음(유지),0.8153,엑스컨테이너,유넥 레이어드 롱 슬리브 (BURGUNDY)
선행,남성,5239050,M,동성·모델없음(유지),0.8149,디더블유에스이,하트 그래픽 티셔츠(블랙)
선행,남성,4192922,X,혼성(유지),0.8144,아르메데스,[2PACK] 면 20수 아트그래픽 티셔츠 (1001)
선행,남성,6158379,M,동성·모델없음(유지),0.8139,스노우피크 어패럴,코튼 네이처 그래픽 반팔 티셔츠 (S26MUFTS64) Off White
선행,남성,5133240,M,동성·모델없음(유지),0.8132,마크엠,커브드 로고 반팔 티셔츠 (MKIBC8803)
선행,남성,6875687,M,동성·모델없음(유지),0.8131,엄브로,크리스피 타슬란 긴팔티 블랙 UR321CRL91
선행,남성,2675946,M,동성·모델없음(유지),0.8125,칸6312,KSB0120 호루스눈 롱슬리브리스 - 블랙
선행,남성,998880,M,동성·모델없음(유지),0.8121,메리제임스,[남녀공용-오버핏] ELYSIAN HALF SLEEVE (5 COLOR)
선행,남성,2882529,M,동성·모델없음(유지),0.8117,아스트랄 프로젝션,백 쉴드 엠블럼 오버핏 드롭숄더 후디_피치
선행,남성,6193722,M,동성·모델없음(유지),0.8114,언리미트,CANOE TEE (U26BTTS618)
선행,남성,5594585,M,동성·모델없음(유지),0.8108,텐 패스트 세븐,TP7 프린트 반팔 티셔츠 - 블랙
선행,남성,5084701,M,동성·모델없음(유지),0.8099,워독,스웻셔츠 티셔츠 - 차콜
선행,남성,5827594,M,동성·모델없음(유지),0.8098,하이퍼플,하이퍼플 픽셀 후드티
선행,남성,4776542,M,동성·모델없음(유지),0.8086,디써티원,Stripe Rugby Polo (Salmon Pink)
선행,남성,2510915,M,동성·모델없음(유지),0.8082,슈브토,더블 백 그래픽 후디
선행,남성,4328832,X,혼성(유지),0.8082,엘런아시,무지 레이어드 오버핏 반팔 티셔츠
선행,남성,4230166,M,동성·모델없음(유지),0.8080,아스트랄 프로젝션,[슈퍼노바]코튼 루즈핏 반팔 티셔츠_버터 밀크
선행,남성,4945159,M,동성·모델없음(유지),0.8078,코닥,레인보우 우븐 반팔 피스테 BLACK
선행,남성,6229748,M,동성·모델없음(유지),0.8060,지플리시,에센셜 슬림핏 티 화이트
선행,남성,6347129,M,동성·모델없음(유지),0.8056,칼렉,올데이 그래픽 슬리브리스 (라이트 블루)
선행,남성,6421537,M,동성·모델없음(유지),0.8055,셔츠마이립스,러브 사랑 디스코 락스타 크롭 티셔츠 화이트
선행,남성,6899750,M,동성·모델없음(유지),0.8043,겐조,남성 CVD 겐조 러브스 클래식 티셔츠_K266AMTC05DBX
선행,남성,4960124,M,동성·모델없음(유지),0.8040,한량 컬렉티브,hr008-1 hoodie q1 black
선행,남성,6561967,X,혼성(유지),0.8038,원헌드레드퍼센트,OHP 리퍼블릭 오브 코리아 피그먼트 반팔티P
선행,남성,4011824,M,동성·모델없음(유지),0.8035,디스트나인,바이커베어 반팔티 WHITE (LO2TU317-002)
선행,남성,3617173,M,동성·모델없음(유지),0.8034,펀치라인,시큐어 후드 4종 블랙 ISHD6228
선행,남성,5179967,M,동성·모델없음(유지),0.8034,더마일,FANTASTIC ML CREW [PIGMENT D.GRAY]
선행,남성,6442094,M,동성·모델없음(유지),0.8030,앨빈클로,하트 크롭핏 반팔티셔츠 AST3628 (3COLOR)
선행,남성,5250289,X,혼성(유지),0.8027,제네럴웍스,GW-25S-JP-02 프린팅 JP 반팔 티셔츠 (4color)
선행,남성,4975076,F,이성 단독(제외),0.8022,피에스쇼퍼,스몰로고 워싱 후드 [블랙]
선행,남성,1863184,F,이성 단독(제외),0.8014,피엠코,피 앳 티셔츠 (화이트 멜란지)
선행,남성,3867830,F,이성 단독(제외),0.8014,베이직하우스,UNI 쿨(COOL) 분또 반팔티셔츠 화이트 LYTS3103
선행,남성,5413976,F,이성 단독(제외),0.8008,샌드 사운드,(UNISEX) 로우 엣지 디테일 스 셔츠  그레이
선행,남성,6495777,F,이성 단독(제외),0.8001,공공육이,0062Era longsleeve
선행,남성,5994745,F,이성 단독(제외),0.7998,엄브로,레이스업 메쉬 긴팔 티셔츠 블루 UR121CRL32
선행,남성,4920317,X,혼성(유지),0.7992,갈렉스,풋볼 시그니쳐 컬러블록 나일론 숏슬리브 블랙 GA5621 BK
선행,남성,5562812,F,이성 단독(제외),0.7989,토치,TORCH 0.3.1 Logo HOODIE ［MELANGE GREY］
선행,남성,5290670,F,이성 단독(제외),0.7986,원헌드레드퍼센트,OHPxHARMONIA 피쉬캣 베이직 긴팔티셔츠
선행,남성,3365185,F,이성 단독(제외),0.7984,어레이드,A.G.I 에딕션 티셔츠 [BLACK]
선행,남성,6090356,F,이성 단독(제외),0.7973,엠오오,배색 라인 스트라이프 후드 롱슬리브 - 버건디
선행,남성,2381126,F,이성 단독(제외),0.7968,프로-스펙스,CLASSIC OS LOGO HOODIE_GRAY
선행,남성,2479662,F,이성 단독(제외),0.7967,크림소다랩,그레이 서퍼 반팔티 라이트 그레이
선행,남성,5602093,F,이성 단독(제외),0.7965,문선,MJ Crop Turtle Neck Knit / Gray
선행,남성,5573959,F,이성 단독(제외),0.7959,베이직하우스,UNI 면16수 릴렉스핏 반팔티셔츠 오렌지 LATS0109
선행,남성,6182522,F,이성 단독(제외),0.7959,타미진스,[UNISEX] 포스터 반팔 티셔츠 (T32G1TTO43TMT1BDS)
선행,남성,6604254,F,이성 단독(제외),0.7956,브리핑 골프,남자 에센셜 로고 포인트 폴로 티셔츠_화이트
선행,남성,1974235,F,이성 단독(제외),0.7953,아이코노그라피,SURREALISM MOVEMET FLOWER STAR WH
선행,남성,5539550,F,이성 단독(제외),0.7950,더바이닐하우스,CURSIVE WRITING TYPO HOODIE PURPLE
선행,남성,2408982,F,이성 단독(제외),0.7949,어퍼스트롭,[UP9037] 캠핑그래픽 티셔츠 블랙
선행,남성,3280092,F,이성 단독(제외),0.7944,바스틱,러브 킬스 티셔츠_차콜
선행,남성,4328846,X,혼성(유지),0.7944,엘런아시,Cactus 기본 오버핏 반팔 티셔츠
선행,남성,2880037,F,이성 단독(제외),0.7937,챈스챈스,LOVE HOODIE(SKY BLUE/기모)
선행,남성,3999442,F,이성 단독(제외),0.7937,더블유브이프로젝트,폴링 반팔티셔츠 빈티지핑크 JIST7707
선행,남성,1384528,F,이성 단독(제외),0.7933,이에스엔,퓨어 헤비 반팔 티셔츠 크림
선행,남성,4580204,F,이성 단독(제외),0.7932,웬유무브,시그니쳐 크랙 로고 후드티 (기모) OATMEAL
선행,남성,2496066,F,이성 단독(제외),0.7917,돌핀웨이브어패럴,돌핀 타원 그래픽 티셔츠
선행,남성,6081214,F,이성 단독(제외),0.7913,1011갤러리,Gallery Logo Long Sleeve T-Shirts - Green
선행,남성,1486697,F,이성 단독(제외),0.7912,니어러스,반팔티셔츠PIGMENT EARTH LOGO OVER TEE
선행,남성,2407885,F,이성 단독(제외),0.7911,살롱드서울,유니섹스 텍스처드 유 네크라인 슬리브리스 - 블랙
선행,남성,1868938,F,이성 단독(제외),0.7902,코랄리안,런오프 그리드 매쉬 면  반팔 티셔츠 오렌지
선행,남성,6093479,F,이성 단독(제외),0.7902,나이키,스포츠웨어 티셔츠 M - 코코넛 밀크 / IM9334-113
선행,남성,6006481,F,이성 단독(제외),0.7898,더비 아카이브,소로나 오버핏 로고 티셔츠 블랙
선행,남성,4827709,F,이성 단독(제외),0.7893,슬로우애시드,스터드 워시드 와이드 후디 [버건디]
선행,남성,6607782,F,이성 단독(제외),0.7889,드마크,M text graffiti boxy short sleeve tee -  Charcoal
선행,남성,5495743,F,이성 단독(제외),0.7888,더블유브이프로젝트,프리키 후드 브라운 JIHD7825
선행,남성,6076627,F,이성 단독(제외),0.7886,유에프씨 스포츠,UFC 1993 릴렉스핏 후드 슬리브리스 멜란지 그레이 U2SLX2106MG
선행,남성,4799025,F,이성 단독(제외),0.7878,더마일,매니페스 더마일 스웨트 후드 [PIGMENT KHAKI]
선행,남성,5892651,F,이성 단독(제외),0.7878,엔엔피스,SHOEGAZE HOOD
선행,남성,1486755,F,이성 단독(제외),0.7877,니어러스,반팔티셔츠MOMENTON LOGO OVER TEE
선행,남성,4561860,F,이성 단독(제외),0.7876,에키에타,Pilgrims Hoodie in Azure
선행,남성,5197093,X,혼성(유지),0.7870,커버라이즈,GOOD COVER (BLACK)
선행,남성,4230972,F,이성 단독(제외),0.7863,디오디,소로나 베이직 라운드 숏 티셔츠(맨즈) - OFF WHITE
선행,남성,5162028,F,이성 단독(제외),0.7861,빅유니온,루즈핏 리브드 슬리브리스 (그레이)
선행,남성,6642900,X,혼성(유지),0.7861,이우트,FALLEN LEAVES GALLERY T-SHIRT / WHITE
선행,남성,6357590,F,이성 단독(제외),0.7858,커버라이즈,펭귄솔져 캐릭터 티셔츠 (GRAY / WHITE)
선행,남성,1434779,F,이성 단독(제외),0.7856,드퐁,오픈 카라 니티드 티셔츠 차콜그레이
선행,남성,6709344,X,혼성(유지),0.7852,원헌드레드퍼센트,OHPxJOY4 냥이와데이트 피그먼트 반팔티
선행,남성,4340119,F,이성 단독(제외),0.7849,캉골,KNGL 포켓 후디 5147 버건디
선행,남성,6171403,F,이성 단독(제외),0.7844,게스,2color 넥 배색 스트라이프 민소매 OQ2K5459
선행,남성,3628824,F,이성 단독(제외),0.7842,베스띠또,발색 READY로고 우븐배색 그레이 후디
선행,남성,2504742,X,혼성(유지),0.7839,슈브토,로고 티셔츠 블랙
선행,남성,6260818,X,혼성(유지),0.7839,원헌드레드퍼센트,OHPxHARMONIA 전하의 캠핑 세미오버 반팔티6
선행,남성,5883956,F,이성 단독(제외),0.7833,지블랙,글로벌 시티  오버핏 후드 런던 멜란지 그래이
선행,남성,6365629,F,이성 단독(제외),0.7827,루저스클럽,스타 로고 슬리브리스 화이트
선행,남성,5246851,X,혼성(유지),0.7820,메리제임스,[남녀공용-오버핏] [2PACK] INVITO HALF SLEEVE
선행,남성,6961553,F,이성 단독(제외),0.7812,노디,인시그니아 레이어드 슬럽 롱슬리브 다크 차콜
선행,남성,6357105,F,이성 단독(제외),0.7805,엠오오,멀티 아플리케 크롭 링거 반팔티 - 버건디
선행,남성,1250986,F,이성 단독(제외),0.7803,에스에스큐알,Unisex Embroidered Hooded Sweatshirt KIZ_H_01_MUSTARD_LARGE
선행,남성,5191906,F,이성 단독(제외),0.7798,폴루션,시어서커 우븐 티셔츠 블랙
선행,남성,2277583,F,이성 단독(제외),0.7794,원헌드레드퍼센트,OHP X IROKIBOU 앵무새 기모 후드
선행,남성,4327920,F,이성 단독(제외),0.7792,보나츠 팔레트,BP 팔레트 클럽 오버핏 후디_BROWN
선행,남성,5883961,F,이성 단독(제외),0.7782,지블랙,글로벌 시티  오버핏 후드 런던 퍼플
선행,남성,6541501,F,이성 단독(제외),0.7780,세인트크루,무지 보트넥 5부 반팔티셔츠 BHR-898 블랙
선행,남성,5197216,X,혼성(유지),0.7777,커버라이즈,PIGMENT PICK VINTAGE (M/BLUE)
선행,남성,6090576,F,이성 단독(제외),0.7774,엠오오,배색 와플 헨리넥 롱슬리브 - 블랙
선행,남성,6096369,F,이성 단독(제외),0.7773,순진,사랑유랑 슬리브리스 [WHITE]
선행,남성,5273808,F,이성 단독(제외),0.7768,아크메드라비,ADLV PIGGYBACK HOODIE (3 COLOR)
선행,남성,4159379,F,이성 단독(제외),0.7763,쿠시코크,(M) 라이더 티셔츠 야스민 옐로우 RIDER T-SHIRT YASMINE YELLOW
선행,남성,3904054,F,이성 단독(제외),0.7755,챈세스노이,Basket Sweat Hoody (Mix-Melange)
선행,남성,1958337,F,이성 단독(제외),0.7750,블론드나인,오픈 카라 펀칭 니트_아이보리
선행,남성,3213871,F,이성 단독(제외),0.7745,더바이닐하우스,KISS ME TEE WHITE (VH2DMUT511A)
선행,남성,4314308,F,이성 단독(제외),0.7740,어반드레스,Aliens Unisex Hoodie - 3COL
선행,남성,4470380,F,이성 단독(제외),0.7732,트립션,Big Logo Compil Graphic 후드티 - 9 컬러
선행,남성,4923810,F,이성 단독(제외),0.7723,디써티원,Surfing Dah Ringer T-Shirt (White)
선행,남성,2628154,F,이성 단독(제외),0.7712,폴루션,No Plan B Half T-Shirt(PUNCMTS009_WH)
선행,남성,4756332,F,이성 단독(제외),0.7708,캠브리지 유니버시티,[25SS] 반팔 멀티 스트라이프 럭비 티셔츠 그레이
선행,남성,2148560,F,이성 단독(제외),0.7701,스터퍼,Daisy HOODIE
선행,남성,6606306,X,혼성(유지),0.7701,노밍,[2PACK] 루즈핏 크롭 피그먼트 롱 슬리브 (4COLOR)
선행,남성,5842816,X,혼성(유지),0.7698,아디다스,스케이트보딩 원사 염색 티셔츠 KS8219
선행,남성,6481931,F,이성 단독(제외),0.7693,잔그랑,화이트 에센셜 티셔츠
선행,남성,6470761,X,혼성(유지),0.7689,라코스테,남성 롤랑가로스 그래픽 반팔 티셔츠 TH0356-56G G8I
선행,남성,4539576,F,이성 단독(제외),0.7682,갈렉스,데일리 포켓 숏슬리브 피그먼트챠콜 GA4284 CH
선행,남성,1474684,X,혼성(유지),0.7681,펠스파브룩,30수 스트라이프 립 배색 티셔츠[GREY]
선행,남성,3585558,F,이성 단독(제외),0.7679,더블유브이프로젝트,원더 유니버스 후드 블랙 MJHD7696
선행,남성,1473275,X,혼성(유지),0.7671,언티지,서울 데이 오버사이즈 티셔츠[lemon(UNISEX)]_UTT-ST62
선행,남성,6480107,X,혼성(유지),0.7668,엠블룩,프리미엄 면스판 반팔티셔츠 THE MOST (3color)
선행,남성,4328831,X,혼성(유지),0.7665,엘런아시,무지 옆트임 오버핏 반팔 티셔츠
선행,남성,2733808,X,혼성(유지),0.7646,러플,클래식 로고 티셔츠 블랙
선행,남성,2733804,X,혼성(유지),0.7642,러플,클래식 로고 티셔츠 화이트
선행,남성,2755233,F,이성 단독(제외),0.7635,피파 1904,라인 기모 후디 그린(FF24HD02U_730)
선행,남성,5815126,F,이성 단독(제외),0.7628,아크메드라비,GARDEN FUZZY RABBIT SHORT SLEEVE T-SHIRT (2COLOR)
선행,남성,5034962,F,이성 단독(제외),0.7627,노앙,WIRE STRIPE RUGBY SHORT SLEEVE T-SHIRT BROWN
선행,남성,6436481,F,이성 단독(제외),0.7625,빠쎄,릴렉스 크롭티 [네이비]
선행,남성,2140112,F,이성 단독(제외),0.7621,데어플레이,컬러 블락 풀오버 후디_버건디
선행,남성,3521034,F,이성 단독(제외),0.7620,티떠블유엔,큐리어스 후드 네이비 HSHD3514
선행,남성,4678970,F,이성 단독(제외),0.7618,써치410,트레이서 크랙 반팔티 블랙
선행,남성,4208143,X,혼성(유지),0.7614,나이키,스포츠웨어 클럽 티셔츠 M - 블랙:화이트 / AR4999-013
선행,남성,5963277,F,이성 단독(제외),0.7603,엄브로,U 스포티 니트 후드 티셔츠 브라운 UR121CHD11
선행,남성,2788675,F,이성 단독(제외),0.7600,더블유브이프로젝트,너트 후드 페일핑크 JNHD7620
선행,남성,3622894,X,혼성(유지),0.7595,메스타리,마스코트 셔틀콕 오버핏 기능 티셔츠 CT5002 화이트
선행,남성,4080123,F,이성 단독(제외),0.7588,티떠블유엔,맨인어프 반팔 네이비 HHST3563
선행,남성,4876564,F,이성 단독(제외),0.7585,쿠톤,로커캣 오버핏 헤비 반팔티셔츠
선행,남성,6140593,F,이성 단독(제외),0.7584,디오디,토락원 가마보코 반팔 티셔츠(BEIGE)
선행,남성,1486771,F,이성 단독(제외),0.7583,니어러스,반팔티셔츠EARTH LOGO OVER TEE
선행,남성,2479664,F,이성 단독(제외),0.7576,크림소다랩,그레이 서퍼 반팔티 아이보리 퍼플
선행,남성,5408099,X,혼성(유지),0.7573,갈렉스,레트로 블록코어 카라 롱슬리브 블랙 GA5710 BK
선행,남성,5112784,F,이성 단독(제외),0.7569,포스333,Uncaged Slogan T-Shirt/Black
선행,남성,6277511,F,이성 단독(제외),0.7567,래코드,Printing Detail Longsleeve T-shirt RKTAA24614WHX
선행,남성,1976641,X,혼성(유지),0.7566,바우스트,버팔로 시그니처 그라데이션 나염 반팔티[LIME]
선행,남성,5528093,F,이성 단독(제외),0.7566,웹하우스,웹 가이 포토 후드 - 화이트
선행,남성,4328858,X,혼성(유지),0.7560,엘런아시,숲속의친구들 옆트임 오버핏 반팔 티셔츠
선행,남성,5273810,F,이성 단독(제외),0.7556,아크메드라비,PAINT EFFECT HOODIE (3 COLOR)
선행,남성,6449891,F,이성 단독(제외),0.7556,루저스클럽,슬로건 링거 반팔티셔츠 옐로우
선행,남성,3300482,F,이성 단독(제외),0.7552,노이어,수피마 코튼 럭스 티셔츠 (민트그린)
선행,남성,1347698,F,이성 단독(제외),0.7551,큐디엠엠,로고 디숄더 숏슬리브_오션블루
선행,남성,6201499,F,이성 단독(제외),0.7547,큐티에잇 가먼츠,LB All New Washed Tee (Ivory)
선행,남성,2559109,F,이성 단독(제외),0.7545,질츠,NOISES 오버핏 티셔츠 화이트/레드
선행,남성,1474688,X,혼성(유지),0.7540,펠스파브룩,30수 스트라이프 립 배색 티셔츠[OLIVE]
선행,남성,6093400,X,혼성(유지),0.7539,빈폴 멘,[Essential] 라운드 반소매 티셔츠  스카이 블루
선행,남성,811093,X,혼성(유지),0.7538,옐로우스톤,오버핏 티셔츠 Overfit T-Shirts  -YS103BK /Black
선행,남성,4756341,X,혼성(유지),0.7529,투타임즈유,공용 서울 랜드마크 티 화이트_UK0501AWHT-BLK
선행,남성,2186276,F,이성 단독(제외),0.7527,드마크,집업슬리브 언발란스 그래피티 후디 기모 레드
선행,남성,6220014,X,혼성(유지),0.7525,원헌드레드퍼센트,OHPxHARMONIA4 스프링밴드 세미오버 반팔티
선행,남성,5183235,F,이성 단독(제외),0.7521,챕터엑스,퀵 드라이 액티브 러너스 후디 (Black)
선행,남성,3585546,F,이성 단독(제외),0.7519,더블유브이프로젝트,캐치 후드 블랙 JIHD7688
선행,남성,5004381,F,이성 단독(제외),0.7513,곤니치와봉쥬르,링거 스포르팅 티(화이트/블루)
선행,남성,4748874,F,이성 단독(제외),0.7512,체이스컬트,공용 에센셜 로고 후드 티셔츠-그레이
선행,남성,1824429,F,이성 단독(제외),0.7510,크림소다랩,캠핑 클럽 후드티 그레이
선행,남성,3230851,F,이성 단독(제외),0.7509,바스틱,FAS 스크레치 티셔츠_블랙
선행,남성,4427162,X,혼성(유지),0.7507,윌리워 스튜디오,FAN-SHAPED 그래픽 후로킹 티셔츠 2 color
선행,남성,6330823,F,이성 단독(제외),0.7500,블로우,PIGMENT_NINE9LIVES T-SHIRT [DEEP NAVY]
선행,남성,4244337,X,혼성(유지),0.7496,아르메데스,[2PACK] 아트그래픽 기능성 반팔 티셔츠 (811)
선행,남성,6810392,F,이성 단독(제외),0.7494,에잇세컨즈,데일리 스웨트 슬리브리스  화이트
선행,남성,771271,F,이성 단독(제외),0.7490,레이든,HIGHEND LAYGOM S/S TEE-BLACK
선행,남성,5739189,X,혼성(유지),0.7489,라코스테,남성 소프트브랜딩 스몰크록 반팔 티셔츠 TH2739-55N E9F
선행,남성,4894605,F,이성 단독(제외),0.7487,제뉴즈,토즈 스트라이프 하프 집업 - 아이보리
선행,남성,1459072,F,이성 단독(제외),0.7483,웨이브건,크로스 리플렉티브 티셔츠 애플민트
선행,남성,5402488,F,이성 단독(제외),0.7482,아크메드라비,BASIC LOGO NAPPING HOODIE ZIP UP (6 COLOR)
선행,남성,2628155,F,이성 단독(제외),0.7469,폴루션,Board Half T-shirt(PUNCMTS008_WH)
선행,남성,4876574,F,이성 단독(제외),0.7468,쿠톤,스티플리 오버핏 헤비 반팔티셔츠
선행,남성,4899450,F,이성 단독(제외),0.7461,도미넌트,World Tour Hoodie  Navy
선행,남성,5528014,F,이성 단독(제외),0.7460,웹하우스,웹 가이 포토 후드 - 그레이
선행,남성,3269554,F,이성 단독(제외),0.7456,브라바도,ACDC DEMON FIRE (BRENT2418)
선행,남성,6283350,F,이성 단독(제외),0.7455,디파인,빈티지 아카이브 하프 티셔츠 스톤 화이트
선행,남성,1395691,F,이성 단독(제외),0.7450,파베르핑거,846 T-SHIRT (INDI BLUE)
선행,남성,2760222,F,이성 단독(제외),0.7439,에이오엑스,글로잉 Birphin 후드 화이트
선행,남성,1752886,F,이성 단독(제외),0.7431,이즈,워프 셔츠 블랙
선행,남성,6418614,X,혼성(유지),0.7430,원헌드레드퍼센트,OHPxHARMONIA4 테디바나 세미오버 반팔티6
선행,남성,5535046,F,이성 단독(제외),0.7417,제멋,펠트라인 후드 카키 JIHD2667
선행,남성,4279352,F,이성 단독(제외),0.7407,수프라,우븐 긴팔 티셔츠
선행,남성,5373067,F,이성 단독(제외),0.7407,엄브로,HBL 로얄 컬리지 컬러블럭 럭비 카라 긴팔 티셔츠 그린(UQ321CRL92)
선행,남성,2655679,F,이성 단독(제외),0.7405,비피피,love city tee_ ivory
선행,남성,5592170,F,이성 단독(제외),0.7402,크림소다랩,오버클럭 투엑스라지 럭비 져지 롱슬리브 네이비
선행,남성,4371419,F,이성 단독(제외),0.7399,버커루,베이직 아트웍 후디 블랙
선행,남성,1451669,F,이성 단독(제외),0.7385,색 스튜디오,PLEATS SIDE LONG SLEEVE BLACK
선행,남성,3236216,F,이성 단독(제외),0.7381,리브레너,90s USMC 어쓸레틱 반팔티셔츠
선행,남성,1390697,F,이성 단독(제외),0.7375,우빙,SPACE BOX LONG SLEEVES (GRAY)
선행,남성,3585557,F,이성 단독(제외),0.7373,더블유브이프로젝트,원더 유니버스 후드 네이비 MJHD7696
선행,남성,5410263,F,이성 단독(제외),0.7370,크림소다랩,후드 패딩 카모 레터링 셔츠 모카
선행,남성,4216721,X,혼성(유지),0.7363,아르메데스,[2PACK] 아트그래픽 기능성 반팔 티셔츠 (803)
선행,남성,5267620,X,혼성(유지),0.7357,빈폴 멘,남녀공용 GRAB 그래픽 라운드넥 티셔츠  아이보리
선행,남성,2034448,F,이성 단독(제외),0.7350,아이코노그라피,LONDON ADDRESS VOLUME PRINT LBL
선행,남성,2010543,X,혼성(유지),0.7347,어퍼스트로피 콤마,백 포인트 라벨 무지 반팔티셔츠 (크림베이지)
선행,남성,4150909,F,이성 단독(제외),0.7343,스포츠 일러스트레이티드,CYCLING HALF SLEEVE COLLARED T-SHIRT (DARK GREY)
선행,남성,3317700,X,혼성(유지),0.7342,코랄리안,테니스 라운드 소로나 티셔츠 화이트
선행,남성,3983467,F,이성 단독(제외),0.7338,앨빈클로,마틴 골프 그립 오버핏 반팔티 AST4532 (3 COLOR)
선행,남성,5170055,X,혼성(유지),0.7337,아키아,오버사이즈 반팔 티셔츠 - 피그먼트 다잉 - 문 그레이
선행,남성,6347132,F,이성 단독(제외),0.7331,칼렉,올데이 그래픽 슬리브리스 (다크그레이)
선행,남성,3189011,F,이성 단독(제외),0.7316,어레이드,컴피 오버사이즈 래글런 후디 [GRAY]
선행,남성,4142772,F,이성 단독(제외),0.7309,워크온바디오프,[어깨+3cm] 비와이드 오버핏 반팔 티셔츠 [블랙]
선행,남성,4860888,F,이성 단독(제외),0.7307,어널로이드,버튼 로고 티셔츠 / 블랙
선행,남성,6176362,F,이성 단독(제외),0.7304,그루브라임,마이애미비치 서프클럽 반팔 티셔츠 (LRSMCTR729M)
선행,남성,1474567,X,혼성(유지),0.7302,펠스파브룩,트루핏 하프 폴로셔츠[POWDER BLUE]
선행,남성,4226775,X,혼성(유지),0.7298,아르메데스,[2PACK] 아트그래픽 기능성 반팔 티셔츠 (805)
선행,남성,6520192,X,혼성(유지),0.7295,엠블룩,프리미엄 면스판 라운드 반팔티 체크베어S와펜 (4color)
선행,남성,4862332,F,이성 단독(제외),0.7284,1993스튜디오,스포티 메쉬 래글런 티셔츠_블랙
선행,남성,4160282,X,혼성(유지),0.7281,엘라모,투모로우 옆트임레이어드 반팔티셔츠 남녀공용 빅사이즈 XS~XL
선행,남성,5339367,F,이성 단독(제외),0.7277,워크어스,올모스트데얼 빅 그랙 티셔츠 - 화이트블루
선행,남성,5259566,X,혼성(유지),0.7271,원헌드레드퍼센트,OHPxHARMONIA 저승이들 세미오버 반팔티
선행,남성,5213070,X,혼성(유지),0.7269,라이프워크,골드실버독 반팔 티셔츠
선행,남성,1474625,X,혼성(유지),0.7256,펠스파브룩,30수 스트라이프 롱슬리브[GREY]
선행,남성,5170057,X,혼성(유지),0.7251,아키아,오버사이즈 반팔 티셔츠 - 피그먼트 다잉 - 피치핑크
선행,남성,4450852,F,이성 단독(제외),0.7246,더블유브이프로젝트,핸디 후드 브라운 JIHD7758
선행,남성,6606264,F,이성 단독(제외),0.7239,드마크,M OUTSTITCH BOXY SHORT SLEEVE TEE - khaki
선행,남성,6036395,X,혼성(유지),0.7227,세르지오 타키니,U 클래식 스몰 그래픽 반팔 티셔츠 (Navy)
선행,남성,6451825,X,혼성(유지),0.7225,원헌드레드퍼센트,OHPxGOODD4 캠프파이어 세미오버 반팔티6
선행,남성,2112553,F,이성 단독(제외),0.7223,에즈카톤,유니온 후드 스모크그린 KMHD6617
선행,남성,5729245,F,이성 단독(제외),0.7218,어젠더,헨리 부클 스트라이프 그레이
선행,남성,1219940,F,이성 단독(제외),0.7214,모즈모즈,스몰 로고자수 피그먼트 후드 오버핏 네이비
선행,남성,4191457,F,이성 단독(제외),0.7212,디안티플랫폼,피그먼트 오버핏 집업 피케 셔츠 (베이지)
선행,남성,2025790,F,이성 단독(제외),0.7204,세울리앙,é logo hoodie [GRAY]
선행,남성,6561953,X,혼성(유지),0.7203,원헌드레드퍼센트,OHPxHARMONIA 무림고수 피그먼트 반팔티 6
선행,남성,2297659,F,이성 단독(제외),0.7197,레이버러스,서비스 스테이션 티셔츠 네이비
선행,남성,5901994,F,이성 단독(제외),0.7197,토니로렌스,아플리케 패치 롱슬리브 멜란지그레이
선행,남성,6391259,X,혼성(유지),0.7194,바이모노,[남녀공용 M-8XL] 쏙쏙숨티 자동넣입 드롭 반팔티
선행,남성,6844950,F,이성 단독(제외),0.7192,레뷰라,PARADISO SLUB T-SHIRTS - UNISEX / OFF WHITE
선행,남성,5196947,X,혼성(유지),0.7191,게스,4color 유니 레귤러핏 아치로고 반팔티 NP2KE406
선행,남성,6607827,F,이성 단독(제외),0.7190,드마크,M Street collage oversized t-shirts
선행,남성,4160269,X,혼성(유지),0.7189,엘라모,렉탱걸 기본 반팔티셔츠 남녀공용 빅사이즈 XS~XL
선행,남성,5267684,X,혼성(유지),0.7188,빈폴 멘,남녀공용 GOOD LUCK 그래픽 라운드넥 티셔츠  그린
선행,남성,2010549,X,혼성(유지),0.7177,어퍼스트로피 콤마,하프폴드 라벨 반팔티셔츠 (오트밀)
선행,남성,5102940,X,혼성(유지),0.7169,원헌드레드퍼센트,OHPxJOY 스마일스컬 세미오버 반팔티
선행,남성,4723038,X,혼성(유지),0.7168,체이스컬트,공용 2PACK 세미오버 반팔 티셔츠-화이트
선행,남성,3317734,X,혼성(유지),0.7165,코랄리안,테니스 라운드 소로나 티셔츠 화이트
선행,남성,5487876,X,혼성(유지),0.7165,제트디 스포츠,ZD NO.18 스트라이프 풋볼 져지 [블랙]
선행,남성,5295453,F,이성 단독(제외),0.7162,돌돌,SHARK-DOG_tshirts-176 샤크독 서핑 하와이 그래픽 티셔츠 반팔티
선행,남성,2506000,F,이성 단독(제외),0.7148,크림소다랩,파쿠 로고 반팔티 라이트 그레이 그린
선행,남성,2749106,X,혼성(유지),0.7143,모즈모즈,[2PACK] 더블코튼 뒷절개 오버핏 티셔츠 패키지
선행,남성,3363961,F,이성 단독(제외),0.7138,어레이드,A.G.I 더 디핀 티셔츠 [BLACK]
선행,남성,2010528,X,혼성(유지),0.7134,어퍼스트로피 콤마,슬리브 포인트 스트라이프 반팔티셔츠 (네이비)
선행,남성,853763,F,이성 단독(제외),0.7128,리스펙트,인터네셔널 로고 후드
선행,남성,4371107,F,이성 단독(제외),0.7128,더바이닐하우스,OLD WEST TYPO LS TEE OLIVE
선행,남성,5133268,F,이성 단독(제외),0.7127,마크엠,스몰 로고 나일론 티셔츠 (MKIBC8806)
선행,남성,6605940,X,혼성(유지),0.7126,노밍,[2PACK] 루즈핏 크롭 피그먼트 숏 슬리브 (4COLOR)
선행,남성,4678969,F,이성 단독(제외),0.7122,써치410,트레이서 크랙 반팔티 화이트
선행,남성,4862218,F,이성 단독(제외),0.7109,더바이닐하우스,VINTAGE DAY LETTER TEE WHITE
선행,남성,5632318,X,혼성(유지),0.7104,아르메데스,면 20수 아트그래픽 티셔츠 (1030)
선행,남성,6187111,F,이성 단독(제외),0.7099,티메이커,공용 스트라이프 반팔티 BL
선행,남성,5214838,X,혼성(유지),0.7096,원헌드레드퍼센트,OHPxGOODD4 썸즈업 세미오버 반팔티
선행,남성,4590622,F,이성 단독(제외),0.7093,에잇세컨즈,그래픽 가먼트다잉 맨투맨  브라운
선행,남성,3317753,X,혼성(유지),0.7080,코랄리안,테니스 라운드 소로나 티셔츠 화이트
선행,남성,5976040,F,이성 단독(제외),0.7080,디써티원,핀스트라이프 롱슬리브 카라 티셔츠(아이보리)
선행,남성,1486747,F,이성 단독(제외),0.7061,니어러스,반팔티셔츠MOMENTON LOGO OVER TEE
선행,남성,1752827,F,이성 단독(제외),0.7060,이즈,워프 셔츠 베이지
선행,남성,3843013,F,이성 단독(제외),0.7047,엘무드,루나 가먼트 다잉 하프 티셔츠 베이지
선행,남성,5593635,F,이성 단독(제외),0.7045,웬즈데이오아시스,코지 오아시스 자수 후드티_BURGUNDY(W25-TP49)
선행,남성,1862728,X,혼성(유지),0.7043,세븐틴스,자유의여신상 오버핏 라운드 (블랙-FREE)
선행,남성,5503572,F,이성 단독(제외),0.7039,티떠블유엔,테네시티 후드 다크그레이 HHHD3625
선행,남성,6092496,X,혼성(유지),0.7033,빈폴 멘,[Essential] 피케 칼라넥 반소매 티셔츠  스카이 블루
선행,남성,6330483,F,이성 단독(제외),0.7029,코오롱스포츠,남성 데이팩 루즈핏 후드 반팔 아노락 TLTCM26671BLK
선행,남성,6204585,F,이성 단독(제외),0.7027,세터,아치 로고 링거 반팔 티셔츠 크림
선행,남성,5127822,F,이성 단독(제외),0.7025,마크엠,모먼트 프린팅 후디 (MJIBI8605)
선행,남성,3842905,F,이성 단독(제외),0.7021,엘무드,테리 웨스턴 하프 니트 모스 카키
선행,남성,6644627,X,혼성(유지),0.7017,다운블로우,[2PACK] 남여 스포츠 메쉬 기능성 쿨링 풀집업 베스트 DB6522set
선행,남성,5087032,X,혼성(유지),0.7010,윌리워 스튜디오,팝 로고 프린트 티셔츠[3 COLOR]
선행,남성,3145031,X,혼성(유지),0.7009,비볼드비쿨,댕댕이 [T-Shirt]
선행,남성,4200459,F,이성 단독(제외),0.7008,원헌드레드퍼센트,OHPxQUIRK b금발미녀 no.3 세미오버 반팔티
선행,남성,6310114,F,이성 단독(제외),0.6997,베이스모먼트,스트라이프 보더 크롭 티셔츠 블루
선행,남성,3399209,F,이성 단독(제외),0.6991,드마크,돌먼슬리브 박스핏 티셔츠 핀스트라이프 아이보리
선행,남성,2546356,F,이성 단독(제외),0.6988,드마크,컬러배색 그래픽로고 반팔티셔츠 그레이
선행,남성,3525266,F,이성 단독(제외),0.6983,와르,DM1012 올 오버 후드 티셔츠_블랙
선행,남성,5170059,X,혼성(유지),0.6980,아키아,오버사이즈 반팔 티셔츠 - 피그먼트 다잉 - 스모키 라벤더
선행,남성,4756334,X,혼성(유지),0.6977,투타임즈유,공용 서울 랜드마크 티2 화이트_UK0502AWHT-BLK
선행,남성,4326773,F,이성 단독(제외),0.6974,수프라,우븐 포켓 믹스 후드티(PINK)
선행,남성,5267701,X,혼성(유지),0.6965,빈폴 멘,남녀공용 레터링 라운드넥 티셔츠  애쉬
선행,남성,5897258,F,이성 단독(제외),0.6965,그루브라임,18수 싱글 그래픽 반팔 티셔츠 (3COLOR) (HRTMCTR106M)
선행,남성,1474674,X,혼성(유지),0.6964,펠스파브룩,스트라이프 후디[KHAKI]
선행,남성,4959587,X,혼성(유지),0.6962,빅웨이브 컬렉티브,스트레칭 펭귄 반팔 티셔츠 (오프 화이트)
선행,남성,1474687,X,혼성(유지),0.6960,펠스파브룩,30수 스트라이프 립 배색 티셔츠[BLUE]
선행,남성,6036390,X,혼성(유지),0.6955,세르지오 타키니,U 클래식 스몰 그래픽 반팔 티셔츠 (White)
선행,남성,1474680,X,혼성(유지),0.6953,펠스파브룩,20수 스트라이프 하프 립 배색 티셔츠[BEIGE]
선행,남성,6606157,X,혼성(유지),0.6953,노밍,[2PACK] 루즈핏 크롭 이지 롱 슬리브 (4COLOR)
선행,남성,4091378,X,혼성(유지),0.6952,체이스컬트,공용 뒷판 그래픽 반팔 티셔츠-DBRU5826D0D
선행,남성,6625239,X,혼성(유지),0.6952,원헌드레드퍼센트,OHPxJOY 포기란없다 피그먼트 반팔티6
선행,남성,4748871,F,이성 단독(제외),0.6947,체이스컬트,공용 에센셜 로고 후드 티셔츠-화이트
선행,남성,1310934,F,이성 단독(제외),0.6944,스페로네,오버핏 롱슬리브 (샐몬)
선행,남성,6408242,X,혼성(유지),0.6937,케이스위스,60th 쉴드 플라워 그래픽 티_1KSTSMV906IV
선행,남성,6831804,X,혼성(유지),0.6927,원헌드레드퍼센트,OHPxHARMONIA4 풀빌라 세미오버 반팔티6
선행,남성,3317796,X,혼성(유지),0.6921,코랄리안,테니스 라운드 소로나 티셔츠 네이비
선행,남성,4226791,X,혼성(유지),0.6918,아르메데스,[2PACK] 아트그래픽 기능성 반팔 티셔츠 (806)
선행,남성,5586935,F,이성 단독(제외),0.6902,펀치라인,라이트 포지티브 후드 버건디 JIHD9205
선행,남성,6164250,X,혼성(유지),0.6893,메종마스터,메종마스터 베이직 후드티 남여공용 그레이
선행,남성,4673086,F,이성 단독(제외),0.6891,버커루,오버핏 그라데이션 로고 후드 티셔츠 멜란지 그레이
선행,남성,6246984,X,혼성(유지),0.6890,아디다스,스케이트보딩 아디다스 코르포 솔루션 후디 KC2260
선행,남성,1998927,F,이성 단독(제외),0.6887,드마크,사선절개 컬러매치 숏슬리브 그레이
선행,남성,3363175,F,이성 단독(제외),0.6882,원헌드레드퍼센트,OHP X GOODD b저스트스마일 세미오버 반팔티
선행,남성,5556297,F,이성 단독(제외),0.6878,쿠톤,포뮬러 피그먼트 오버핏 후디 3COLOR
선행,남성,6021541,F,이성 단독(제외),0.6872,김익,비스토우 피케 반팔 (오프화이트)
선행,남성,6625338,X,혼성(유지),0.6871,원헌드레드퍼센트,OHPxJOY 보타니크 세미오버 반팔티
선행,남성,6158728,X,혼성(유지),0.6870,푸마 골프,우븐 긴팔 피스테 유니 3color
선행,남성,3937704,F,이성 단독(제외),0.6869,원헌드레드퍼센트,OHP X QUIRK b킬러와소녀 세미오버 반팔티n
선행,남성,3763828,X,혼성(유지),0.6863,라이프워크,공용) 실리콘 라독와펜 반팔 티셔츠
선행,남성,6136391,F,이성 단독(제외),0.6860,샌드 사운드,(UNISEX) EVERYONE 반소매 티셔츠  화이트
선행,남성,5170053,X,혼성(유지),0.6858,아키아,오버사이즈 반팔 티셔츠 - 피그먼트 다잉 - 모카무스
선행,남성,5275238,F,이성 단독(제외),0.6850,더마일,CENTRAL MILES CREW [PIGMENT D.GRAY/R]
선행,남성,6328913,F,이성 단독(제외),0.6844,바스틱,나이트 티셔츠_블랙
선행,남성,4653668,F,이성 단독(제외),0.6831,무신사 스탠다드,버티컬 크로셰 슬릿 넥 폴로 셔츠 [아이보리]
선행,남성,1067003,X,혼성(유지),0.6813,기럭지,폰 포켓 라운드 티셔츠
선행,남성,1115371,F,이성 단독(제외),0.6813,디더블유에스이,LHERITAGE 롱 슬리브 (화이트)
선행,남성,6961587,F,이성 단독(제외),0.6810,노디,인시그니아 레이어드 슬럽 롱슬리브 세이지 그린
선행,남성,4280021,X,혼성(유지),0.6805,아르메데스,[2PACK] 아트그래픽 기능성 반팔 티셔츠 (810)
선행,남성,4756336,X,혼성(유지),0.6797,투타임즈유,공용 서울 랜드마크 티2 래드_UK0502ARED-WHT
선행,남성,4244339,X,혼성(유지),0.6790,그라운즈스웻,클래식 심볼 티셔츠
선행,남성,6093576,X,혼성(유지),0.6789,빈폴 멘,싱글 스트라이프 반소매 티셔츠  아이보리
선행,남성,4160267,X,혼성(유지),0.6787,엘라모,LL-01 옆트임 반팔티셔츠 남녀공용 빅사이즈 XS~XL
선행,남성,6241366,F,이성 단독(제외),0.6787,할리데이비슨 컬렉션스®,[BV] 플레임 라이더 티셔츠 챠콜_HH16111064
선행,남성,5653677,F,이성 단독(제외),0.6781,이에스씨 스튜디오,Drape Scarf T-shirt (red&black)
선행,남성,3973620,X,혼성(유지),0.6765,클레버필드,과일 모티브 오버핏 MAN 티셔츠_오프화이트
선행,남성,6007092,F,이성 단독(제외),0.6757,더바이닐하우스,LUCKY HOUSE LS TEE WHITE
선행,남성,1665479,X,혼성(유지),0.6754,어퍼스트로피 콤마,MELTED LOGO HOODIE (Oatmeal/Ivory)
선행,남성,2816588,X,혼성(유지),0.6751,웨이브도넛,VENICE T-SHIRTS_WHITE
선행,남성,5087022,X,혼성(유지),0.6745,윌리워 스튜디오,윌리워 아웃라인 티셔츠[3 COLOR]
선행,남성,5343039,F,이성 단독(제외),0.6744,바이엘,페인티드 그래피티 후드 네이비
선행,남성,6788363,X,혼성(유지),0.6730,원헌드레드퍼센트,OHPxHARMONIA 스피닝 피그먼트 반팔티6
선행,남성,4796989,F,이성 단독(제외),0.6726,펀치라인,번치 피그먼트 후드 더스티로즈 ISHD9189
선행,남성,6140589,F,이성 단독(제외),0.6722,디오디,토락원 가마보코 반팔 티셔츠(MELON)
선행,남성,5276426,X,혼성(유지),0.6714,원헌드레드퍼센트,OHPxGOODD4 떠날용기 세미오버 반팔티6
선행,남성,4300239,F,이성 단독(제외),0.6705,이스트쿤스트,HIDEOUT HOODIE_BLACK(IK2ESMM403A)
선행,남성,5080117,X,혼성(유지),0.6698,아크메드라비,SQUARE BASKETBALL SHORT SLEEVE T-SHIRT (3COLOR)
선행,남성,5739740,X,혼성(유지),0.6692,수아트,오비에하 티셔츠
선행,남성,3617172,F,이성 단독(제외),0.6690,펀치라인,시큐어 후드 4종 네이비 ISHD6228
선행,남성,6669826,X,혼성(유지),0.6683,원헌드레드퍼센트,OHPxHARMONIA 고래의 여름 피그먼트 반팔티6
선행,남성,6417585,X,혼성(유지),0.6667,제너럴아이디어,UNISEX 피클 그래픽 반팔 티셔츠 [3COL] / GF2UTS014
선행,남성,6581788,F,이성 단독(제외),0.6666,일꼬르소,CRS Sorona Cotton ARCHIVE 숏 슬리브 티셔츠 블랙
선행,남성,587119,X,혼성(유지),0.6663,발란트,유니버스티타이프 베이직티셔츠 블루
선행,남성,4160277,X,혼성(유지),0.6662,엘라모,스카이베어 옆트임레이어드 반팔티셔츠 남녀공용 빅사이즈 XS~XL
선행,남성,5148409,F,이성 단독(제외),0.6659,엠오오,카모 25 링거  반팔티 - 카키
선행,남성,6163987,X,혼성(유지),0.6651,메종마스터,메종마스터 베이직 후드티 남여공용 블랙
선행,남성,5606928,F,이성 단독(제외),0.6647,뭉제르,Paris 1 Cropped Fit Sweatshirt
선행,남성,3167424,X,혼성(유지),0.6644,어굿데이,[UNISEX] 시티 오브 엘에이 반팔티셔츠
선행,남성,6183398,F,이성 단독(제외),0.6638,낫유즈얼,레드픽셀홀스 오버핏 반팔티 4color
선행,남성,5102942,X,혼성(유지),0.6634,원헌드레드퍼센트,OHPxJOY 핑크스컬 세미오버 반팔티
선행,남성,4092657,X,혼성(유지),0.6630,게인스보로,[SET] 쿨코튼 서머 피그먼트 기획전_12종
선행,남성,5086925,X,혼성(유지),0.6628,윌리워 스튜디오,INTERSECT 팝로고 티셔츠[2 COLOR]
선행,남성,6006810,X,혼성(유지),0.6622,라이프워크,기획) 공용) 뉴 아크 라독 반팔 티셔츠
선행,남성,3290967,F,이성 단독(제외),0.6612,아케시,고질라 피그먼트 반팔티 퍼플
선행,남성,4451896,X,혼성(유지),0.6605,메스타리,엠 로고 오버핏(남녀공용) 티셔츠 블랙 MT8001
선행,남성,4561862,F,이성 단독(제외),0.6600,에키에타,Pilgrims Hoodie in Lemon
선행,남성,6506651,X,혼성(유지),0.6584,제너럴아이디어,UNISEX 온도컷 쿨링 로고 반팔 티셔츠 [2COL] / GF2UTS017
선행,남성,5191908,F,이성 단독(제외),0.6583,폴루션,모샤드 우븐 티셔츠 카키
선행,남성,5393007,F,이성 단독(제외),0.6581,골든선샤인,Colorblock raglan long sleeve_Natural green
선행,남성,4762691,X,혼성(유지),0.6578,빈폴 멘,[Essential] 수피마 코튼 라운드넥 티셔츠  아이보리 (BC5242E120)
선행,남성,5229892,X,혼성(유지),0.6573,원헌드레드퍼센트,OHPxHARMONIA4 수친자 세미오버 반팔티6
선행,남성,5030459,F,이성 단독(제외),0.6558,웬즈데이오아시스,시그니처 커브 로고 반팔 티셔츠_NAVY(W25-TP21)
선행,남성,4835746,F,이성 단독(제외),0.6556,더마일,어토믹 스웨트 후드 [PIGMENT KHAKI]
선행,남성,6406059,F,이성 단독(제외),0.6553,엄브로,[COOLING] 아이스코튼 오버핏 슬리브리스 티셔츠 차콜 UR221CSL62
선행,남성,6594557,F,이성 단독(제외),0.6551,일꼬르소,CRS 「Freeze Cool Cotton 」 다잉 숏 슬리브 티셔츠 화이트
선행,남성,2977555,F,이성 단독(제외),0.6542,드헤베,미니멀 로고 자수 후드 [BLACK]
선행,남성,5191824,X,혼성(유지),0.6538,원헌드레드퍼센트,OHPxGOODD4 비치모드 오버핏 반팔티6 (4XL)
선행,남성,5937813,X,혼성(유지),0.6538,모크모,MOCMO M자수 기모 후드티
선행,남성,6339472,X,혼성(유지),0.6518,원헌드레드퍼센트,OHPxQUIRK 커플서핑 세미오버 반팔티6
선행,남성,5268175,X,혼성(유지),0.6515,빈폴 멘,[Essential] 남녀공용 로고 자수 스웨트 셔츠  아이보리
선행,남성,2010550,X,혼성(유지),0.6510,어퍼스트로피 콤마,하프폴드 라벨 반팔티셔츠 (카키)
선행,남성,6470324,X,혼성(유지),0.6510,라이프워크,공용) 2PACK 뉴 베이직 반팔 티셔츠
선행,남성,5549531,X,혼성(유지),0.6504,제네럴웍스,긴팔 라운드 티셔츠_2컬러 GT003
선행,남성,5982752,F,이성 단독(제외),0.6503,노운,ribbed hooded t-shirts (charcoal)
선행,남성,4160270,X,혼성(유지),0.6497,엘라모,하와이비치 기본 반팔티셔츠 남녀공용 빅사이즈 XS~XL
선행,남성,5549425,X,혼성(유지),0.6489,제네럴웍스,긴팔 라운드 티셔츠_2컬러 GT002
선행,남성,5086959,X,혼성(유지),0.6485,스노우피크 어패럴,워터 레터링 반팔 티셔츠 (S25MMWSW02) Pastel Blue
선행,남성,4071752,F,이성 단독(제외),0.6473,필이너프,EUPHORIA LONGSLEEVE BLACK
선행,남성,3243839,F,이성 단독(제외),0.6471,디메이든,THREE SWEEPERS VINTAGE HOODIE WHITE
선행,남성,5550204,X,혼성(유지),0.6470,제네럴웍스,긴팔 라운드 티셔츠_2컬러 GT004
선행,남성,1811575,X,혼성(유지),0.6467,에이오엑스,YES Mask Hoodie(Oversize fit)마스크후드 Black
선행,남성,1887246,X,혼성(유지),0.6467,더블유브이프로젝트,식스틴 반팔티셔츠 옐로우 CJST7500
선행,남성,5341902,F,이성 단독(제외),0.6464,지오송지오,앙코에랑 엠브로이드 후드 브라운 ZH5TS524BR
선행,남성,6068576,X,혼성(유지),0.6449,모크모,남녀공용 애슬릿 태극기 반팔 티셔츠
선행,남성,2384813,F,이성 단독(제외),0.6447,카멜워크,어센틱 로고 반팔티셔츠(블랙)
선행,남성,6176330,F,이성 단독(제외),0.6437,그루브라임,모터레이싱 그래픽 반팔 티셔츠 (LRSMCTR708M)
선행,남성,5251029,X,혼성(유지),0.6436,제네럴웍스,GW-25S-JP-06 프린팅 JP 반팔 티셔츠 (4color)
선행,남성,6572342,X,혼성(유지),0.6433,테슬라,공용 데일리 그래픽 오버핏 면 반팔 티셔츠 커플티
선행,남성,5730658,F,이성 단독(제외),0.6428,바이모노,[빅사이즈 M-6XL] 모노 USA 시티 양기모 맨투맨
선행,남성,5739788,F,이성 단독(제외),0.6410,수아트,버블팝 티셔츠
선행,남성,6615600,X,혼성(유지),0.6405,다운블로우,[2PACK] 남여 스포츠 메쉬 기능성 쿨링 배색 베스트 DB5113
선행,남성,6627164,X,혼성(유지),0.6398,오버더와르,솔리드 코튼 반팔티
선행,남성,5712942,X,혼성(유지),0.6393,더마일,MILENCE HOODIE_PIGMENT GRAY
선행,남성,1395584,F,이성 단독(제외),0.6389,파베르핑거,LOGO MIDDLE LINE OVERSIZED T-SHIRT (PURPLE BLUE)
선행,남성,6408257,X,혼성(유지),0.6385,케이스위스,60th 쉴드 그래픽 티_1KSTSMV905WH
선행,남성,5231257,F,이성 단독(제외),0.6364,테켓,Noise Stripe Tee Blue
선행,남성,6053610,X,혼성(유지),0.6351,아디다스,오리지널스 바스켓볼 워밍업 탑 KA9350
선행,남성,6260814,X,혼성(유지),0.6350,원헌드레드퍼센트,OHPxHARMONIA4 전하의 취미 세미오버 반팔티6
선행,남성,5248594,X,혼성(유지),0.6344,헤링본,[SET] 커플 시밀러룩세트 롱원피스 & 하와이안셔츠 HI186 NI102
선행,남성,6009297,X,혼성(유지),0.6340,패기앤코,[공용]세미 오버 핏 숏 슬리브 그래픽 티셔츠 26S31
선행,남성,6260053,F,이성 단독(제외),0.6336,웬즈데이오아시스,본다이 스트라이프 롱 슬리브 티셔츠_LIGHT BLUE(WB6TP24)
선행,남성,4971435,X,혼성(유지),0.6321,라이프워크,공용) 워싱 빅라독 반팔 티셔츠
선행,남성,5995281,F,이성 단독(제외),0.6310,필립페이커,비엠씨 러블리언 후드티 피그먼트 빈티지 블랙
선행,남성,6157701,F,이성 단독(제외),0.6306,더 오피셜 레퓨지,DIRTY SPRAY DYESD T SHIRT (WHITE)
선행,남성,3167467,X,혼성(유지),0.6299,어굿데이,[UNISEX] 플라워지 롱슬리브 티셔츠(white)
선행,남성,4160283,X,혼성(유지),0.6294,엘라모,바퀴 기본 반팔티셔츠 남녀공용 빅사이즈 XS~XL
선행,남성,3237089,X,혼성(유지),0.6292,더그린랩,새드몰 반팔티셔츠 [화이트]
선행,남성,3317548,X,혼성(유지),0.6292,코랄리안,테니스 라운드 소로나 티셔츠 화이트
선행,남성,496267,X,혼성(유지),0.6285,발란트,포인트B 슬림타이프 티셔츠 그레이
선행,남성,3317839,X,혼성(유지),0.6282,코랄리안,테니스 피케 소로나 티셔츠 블루
선행,남성,4762451,X,혼성(유지),0.6275,빈폴 멘,[Essential] 남녀공용 수피마 코튼 라운드넥 티셔츠  로열 블루
선행,남성,6150879,X,혼성(유지),0.6259,그랜피니,세미 오버핏 GF 반팔티
선행,남성,5170056,X,혼성(유지),0.6255,아키아,오버사이즈 반팔 티셔츠 - 피그먼트 다잉 - 오트밀
선행,남성,6645193,F,이성 단독(제외),0.6255,드마크,M Standard Fit Solid French T-Shirt Navy
선행,남성,4762511,X,혼성(유지),0.6246,빈폴 멘,[Essential] 남녀공용 수피마 코튼 피케 티셔츠  라이트 핑크 (BC5242E11Y)
선행,남성,3122036,X,혼성(유지),0.6229,더바이닐하우스,SPRAY LOGO TEE WHITE (VH2DSUT500A)
선행,남성,4597792,F,이성 단독(제외),0.6224,엘무드,헨리 LD 리브드 롱슬리브 티셔츠 ( 3 COLOR )
선행,남성,5086808,X,혼성(유지),0.6224,윌리워 스튜디오,커버스티치 후로킹 슬리브리스[3 COLOR]
선행,남성,4226836,X,혼성(유지),0.6216,아르메데스,[2PACK] 아트그래픽 기능성 반팔 티셔츠 (808)
선행,남성,5270301,X,혼성(유지),0.6215,제네럴웍스,접촉불가 경고문 티셔츠 PART01
선행,남성,4192239,X,혼성(유지),0.6198,아르메데스,[2PACK] 면 20수 아트그래픽 티셔츠 (1002)
선행,남성,2311597,F,이성 단독(제외),0.6193,원헌드레드퍼센트,OHP X MOAI 이노센트걸 기모 후드
선행,남성,5756472,X,혼성(유지),0.6188,라코스테,남성 소프트브랜딩 스몰 크록 반팔 티셔츠 TH2739-55G 107
선행,남성,4160252,X,혼성(유지),0.6184,엘라모,무지 기본 오버핏 반팔 티셔츠 XS~XL
선행,남성,2010548,X,혼성(유지),0.6179,어퍼스트로피 콤마,하프폴드 라벨 반팔티셔츠 (네이비)
선행,남성,4756339,X,혼성(유지),0.6176,투타임즈유,공용 서울 랜드마크 티2 그린_UK0502AGRN-WHT
선행,남성,6092400,X,혼성(유지),0.6174,빈폴 멘,[Essential] 피케 칼라넥 반소매 티셔츠  화이트
선행,남성,2683123,X,혼성(유지),0.6173,크림소다랩,연애시대 반팔티 아이보리 그린
선행,남성,1429641,X,혼성(유지),0.6170,쿠르보,[남녀공용] 고흐 로고 반팔티셔츠 (블랙)
선행,남성,4280079,X,혼성(유지),0.6168,아르메데스,[2PACK] 아트그래픽 기능성 반팔 티셔츠 (813)
선행,남성,4062013,X,혼성(유지),0.6167,체이스컬트,공용 컬러 블럭 반팔 티셔츠-DBRU5843D01
선행,남성,3087461,X,혼성(유지),0.6159,체이스컬트,공용 2PACK 반팔 티셔츠-CDZU8288A01
선행,남성,5249983,X,혼성(유지),0.6157,제네럴웍스,GW-25S-JP-01 프린팅 JP 반팔 티셔츠 (4color)
선행,남성,1903815,X,혼성(유지),0.6151,랠리포인트,Customize Tshirt_Black
선행,남성,6408237,X,혼성(유지),0.6144,케이스위스,60th 쉴드 플라워 그래픽 티_1KSTSMV906BG
선행,남성,5495749,F,이성 단독(제외),0.6143,더블유브이프로젝트,프리키 후드 오트밀 JIHD7825
선행,남성,5439415,X,혼성(유지),0.6121,제네럴웍스,긴팔 라운드 티셔츠_2컬러 GT000
선행,남성,4160268,X,혼성(유지),0.6120,엘라모,팔로우 기본 반팔티셔츠 남녀공용 빅사이즈 XS~XL
선행,남성,6190636,F,이성 단독(제외),0.6116,휠라,테니스 COOL 소로나 그래픽 반팔티(FS262RS11X001191)
선행,남성,3519639,F,이성 단독(제외),0.6110,발로렌,Out Pocket Hood Sweatshirt
선행,남성,3986866,X,혼성(유지),0.6100,굿온,피그먼트 다잉 베이스볼 티셔츠 컬렉션
선행,남성,5196942,X,혼성(유지),0.6100,게스,4color 유니 세미오버핏 싱글 스트라이프 반팔티 NP2KE403
선행,남성,6450974,X,혼성(유지),0.6095,하프나인,모던 베이직 무지 반팔 티셔츠 I05BRD_HBX11329
선행,남성,5946196,X,혼성(유지),0.6091,빈폴 멘,[Essential] 스웨트 셔츠  블랙
선행,남성,2470370,F,이성 단독(제외),0.6089,라디네오,트레블러 그레이 반팔 티셔츠
선행,남성,4762703,X,혼성(유지),0.6082,빈폴 멘,[Essential] 수피마 코튼 라운드넥 티셔츠  라이트 그레이 (BC5242E122)
선행,남성,3317647,X,혼성(유지),0.6077,코랄리안,테니스 라운드 소로나 티셔츠 스카이
선행,남성,2838680,X,혼성(유지),0.6076,발비,남여공용 빅로고 자수 맨투맨
선행,남성,4671115,X,혼성(유지),0.6074,아르메데스,[2PACK] 면 16수 오버핏 아트그래픽 반팔티셔츠 (1027)
선행,남성,5170060,X,혼성(유지),0.6074,아키아,오버사이즈 반팔 티셔츠 - 피그먼트 다잉 - 워시드 올리브
선행,남성,1311805,X,혼성(유지),0.6064,아움89,콜드 썸머 로고 티셔츠 (화이트)
선행,남성,6434928,X,혼성(유지),0.6062,세르지오 타키니,U 그래픽 레귤러핏 티셔츠 (White)
선행,남성,3739133,X,혼성(유지),0.6059,체이스컬트,공용 2PACK 반팔 티셔츠-DDZU8288A11
선행,남성,4160286,X,혼성(유지),0.6050,엘라모,엘라모로고 기본 반팔티셔츠 남녀공용 빅사이즈 XS~XL
선행,남성,4237297,X,혼성(유지),0.6022,아르메데스,[2PACK] 아트그래픽 기능성 반팔 티셔츠 (807)
선행,남성,5060539,X,혼성(유지),0.6014,에데닉,호텔 에데닉 자수 반소매 티셔츠(화이트)_EZS1TS01WT
선행,남성,5937451,X,혼성(유지),0.6013,이코르,[2PACK] 데일리 크롭 무지 롱슬리브 : 3COLOR
선행,남성,4874169,X,혼성(유지),0.5992,갈렉스,시그니쳐 블록코어 숏슬리브 화이트그린 GA5624 GN
선행,남성,5544538,X,혼성(유지),0.5983,제네럴웍스,긴팔 라운드 티셔츠_2컬러 GT001
선행,남성,5079380,F,이성 단독(제외),0.5982,필드매뉴얼,플로우 롱슬리브티 레몬
선행,남성,6261352,X,혼성(유지),0.5978,세르지오 타키니,U 그래픽 레귤러핏 티셔츠 (D.Brown)
선행,남성,5408100,X,혼성(유지),0.5974,갈렉스,레트로 블록코어 카라 롱슬리브 네이비 GA5711 NV
선행,남성,2477510,F,이성 단독(제외),0.5963,드마크,스퀘어로고 스티치 박스핏 긴팔 티셔츠 스카이블루
선행,남성,5964762,X,혼성(유지),0.5960,라코스테,남성 크록 시그니처 루즈핏 후드 스웻셔츠 SH7741-56G 3LA
선행,남성,4368253,F,이성 단독(제외),0.5959,노앙,WASHED POLO LONG SLEEVE T-SHIRT BLUE
선행,남성,6831802,X,혼성(유지),0.5956,원헌드레드퍼센트,OHPxJOY 쓰리캣츠 세미오버 반팔티
선행,남성,5250845,X,혼성(유지),0.5946,제네럴웍스,GW-25S-JP-04 프린팅 JP 반팔 티셔츠 (4color)
선행,남성,1665638,X,혼성(유지),0.5945,어퍼스트로피 콤마,ACOMMA MASK HANGER HOODIE (Charcoal/Blue)
선행,남성,1402594,F,이성 단독(제외),0.5931,모즈모즈,블랙 타이다이 오버핏 티셔츠_연베이지
선행,남성,5080504,F,이성 단독(제외),0.5931,비욘드클로젯,핸드 메이드 선글라스 디테일 반팔 티셔츠 블랙
선행,남성,6625339,X,혼성(유지),0.5930,원헌드레드퍼센트,OHPxJOY4 쉼이필요해 세미오버 반팔티
선행,남성,6450242,X,혼성(유지),0.5926,와이엔,에센셜 코튼 라운드 반팔 티셔츠 I05BRD_WBX11330
선행,남성,3317834,X,혼성(유지),0.5917,코랄리안,테니스 피케 소로나 티셔츠 그린
선행,남성,5594670,F,이성 단독(제외),0.5915,드마크,M STREET GRAFFITI LOGO TEXT OVERSIZED T-SHIRT - Black
선행,남성,4762864,F,이성 단독(제외),0.5910,더바이닐하우스,STAR SLOT MACHINE HOODIE  BLACK
선행,남성,6006808,X,혼성(유지),0.5910,라이프워크,기획) 공용) 빗살라독 와펜 반팔 티셔츠
선행,남성,4328834,X,혼성(유지),0.5909,엘런아시,무지 옆트임레이어드 오버핏 반팔 티셔츠
선행,남성,2540380,F,이성 단독(제외),0.5904,원헌드레드퍼센트,OHP X GOODD b저스트스마일 오버사이즈 반팔티
선행,남성,5573985,F,이성 단독(제외),0.5893,베이직하우스,UNI 면16수 릴렉스핏 반팔티셔츠 그린 LATS0109
선행,남성,1474691,X,혼성(유지),0.5889,펠스파브룩,20수 스트라이프 보트넥 티셔츠[BLUE]
선행,남성,1454071,X,혼성(유지),0.5886,웨이브건,큐프라 유넥 티셔츠 화이트
선행,남성,1047839,F,이성 단독(제외),0.5879,발란트,오리지널 스탬프 로고 베이직 티셔츠 - 화이트
선행,남성,3447912,X,혼성(유지),0.5879,체이스컬트,공용 캐릭터 후드 티셔츠-CEZU5105B0B
선행,남성,3213866,X,혼성(유지),0.5877,더바이닐하우스,BIG BRINDLE TEE BLUE (VH2DMUT510A)
선행,남성,6268884,X,혼성(유지),0.5861,쉬스,승요등장 티셔츠 VICTORY FAIRY PRINTING T-SHIRTS_26SS
선행,남성,5925790,F,이성 단독(제외),0.5855,스크래틀 픽셀,브러쉬드 핑거홀 슬림 후디[그레이]
선행,남성,4798894,F,이성 단독(제외),0.5848,더마일,매니페스 더마일 스웨트 후드 [NAVY]
선행,남성,5170063,X,혼성(유지),0.5841,아키아,오버사이즈 반팔 티셔츠 - 피그먼트 루나 다잉 - 더티 그레이
선행,남성,6475993,X,혼성(유지),0.5841,엠블룩,프리미엄 면스판 반팔티셔츠 썸머돌고래 (4color)
선행,남성,6668501,X,혼성(유지),0.5831,아디다스,바스켓볼 싱글 저지 티셔츠 KR2093
선행,남성,1646003,F,이성 단독(제외),0.5828,드마크,남자여자 백그래픽 배색 라글란 긴팔티 블랙
선행,남성,3473057,X,혼성(유지),0.5826,앨빈클로,카모마일 오버핏 후드티 AVH689 (3 COLOR)
선행,남성,6520247,X,혼성(유지),0.5813,엠블룩,프리미엄 면스판 라운드 반팔티 BABY BEAR (4color)
선행,남성,2010541,X,혼성(유지),0.5799,어퍼스트로피 콤마,백 포인트 라벨 무지 반팔티셔츠 (블랙)
선행,남성,2285061,F,이성 단독(제외),0.5799,스터프,보스톤 타이거 후드티 그레이
선행,남성,4237335,X,혼성(유지),0.5796,아르메데스,[2PACK] 아트그래픽 기능성 반팔 티셔츠 (804)
선행,남성,5485130,F,이성 단독(제외),0.5796,엠오오,아플리케 카모 럭비 티셔츠 - 블랙
선행,남성,5267713,X,혼성(유지),0.5787,빈폴 멘,남녀공용 러닝 그래픽 라운드넥 티셔츠  베이지
선행,남성,6175060,X,혼성(유지),0.5787,세르지오 타키니,U MCCC 에디션 그래픽 티셔츠 (White)
선행,남성,4192249,X,혼성(유지),0.5780,아르메데스,[2PACK] 면 20수 아트그래픽 티셔츠 (1003)
선행,남성,4139043,F,이성 단독(제외),0.5767,노이어,스퀘어 넥 니트 슬리브리스 (블랙아이보리)
선행,남성,3926477,F,이성 단독(제외),0.5736,마인드브릿지,[쿨]아스킨세미오버핏티셔츠 - 4color MYTS3122
선행,남성,1384525,F,이성 단독(제외),0.5735,이에스엔,퓨어 헤비 반팔 티셔츠 화이트
선행,남성,6158985,F,이성 단독(제외),0.5731,디아더생츄어리,서큘러 타입 스트라이프 긴팔 티셔츠 (레드)
선행,남성,1098403,F,이성 단독(제외),0.5730,락핑거,사인 그래픽 티 [ White/Purple Mint ]
선행,남성,5300261,X,혼성(유지),0.5730,세르지오 타키니,M 빅 로고 코튼 반팔 티셔츠 (White)
선행,남성,6175061,X,혼성(유지),0.5730,세르지오 타키니,U MCCC 에디션 그래픽 티셔츠 (Pink)
선행,남성,4540114,F,이성 단독(제외),0.5724,갈렉스,파이핑 컬러블록 웜업 피스테 롱슬리브 베이지 GA4731 BE
선행,남성,4371117,F,이성 단독(제외),0.5707,더바이닐하우스,PAINTING STRIPE LS TEE GREEN
선행,남성,4180706,F,이성 단독(제외),0.5701,베스띠또,화이트 베스티토 팀 티셔츠
선행,남성,5170062,X,혼성(유지),0.5698,아키아,오버사이즈 반팔 티셔츠 - 피그먼트 루나 다잉 - 더티 브라운
선행,남성,4111604,X,혼성(유지),0.5695,게인스보로,[2PACK] 오리지날 스타로고 티셔츠 기획전
선행,남성,4743242,X,혼성(유지),0.5689,후드후드,[SET] HD 로고 아플리케 오버핏 후드 + HD 로고 아플리케 스웨트팬츠
선행,남성,5882614,X,혼성(유지),0.5684,라이프워크,뉴 실리콘 라독 와펜 반팔 티셔츠
선행,남성,5267340,X,혼성(유지),0.5677,빈폴 멘,[Essential] 남녀공용 로고 자수 스웨트 셔츠  그레이
선행,남성,4802889,X,혼성(유지),0.5672,코닥,[2PACK] 에센셜 2 PACK 반팔티셔츠 MULTI
선행,남성,2010547,X,혼성(유지),0.5667,어퍼스트로피 콤마,하프폴드 라벨 반팔티셔츠 (화이트)
선행,남성,5452549,F,이성 단독(제외),0.5667,갈렉스,레트로 시티 후드 로마 블랙 GA5714 BK
선행,남성,4920319,X,혼성(유지),0.5665,갈렉스,풋볼 시그니쳐 컬러블록 나일론 숏슬리브 그린 GA5621 GN
선행,남성,6608011,F,이성 단독(제외),0.5661,드마크,M Street graffiti oversize sleeveless
선행,남성,2612232,X,혼성(유지),0.5657,파인드칠린,F3022 피크닉 크루넥 반팔 티셔츠 모노화이트
선행,남성,6709352,X,혼성(유지),0.5655,원헌드레드퍼센트,OHPxGOODD 한입만 피그먼트 반팔티
선행,남성,3905598,X,혼성(유지),0.5650,스포츠 일러스트레이티드,BASKETBALL STACKED LOGO HOODIE SHIRT (DARK NAVY)
선행,남성,3539987,F,이성 단독(제외),0.5646,더바이닐하우스,TRAFFIC ACCIDENT LS TEE PINK
선행,남성,1977147,X,혼성(유지),0.5635,리지,유니섹스 드림 오브 드림 나염 반팔티 네이비
선행,남성,5148398,F,이성 단독(제외),0.5634,엠오오,볼드 타이포  반팔티 - 화이트
선행,남성,4539666,F,이성 단독(제외),0.5625,써치410,브라이트 피그먼트 롱슬리브 챠콜
선행,남성,6093441,X,혼성(유지),0.5619,빈폴 멘,[Essential] 라운드 반소매 티셔츠  퍼플
선행,남성,6561947,X,혼성(유지),0.5617,원헌드레드퍼센트,OHPxGOODD 언더더씨 세미오버 반팔티6
선행,남성,2683117,X,혼성(유지),0.5612,크림소다랩,청춘시대 반팔티 화이트 블랙
선행,남성,6831803,X,혼성(유지),0.5604,원헌드레드퍼센트,OHPxJOY 굿띵즈 세미오버 반팔티
선행,남성,4762522,X,혼성(유지),0.5602,빈폴 멘,[Essential] 남녀공용 수피마 코튼 피케 티셔츠  아이보리 (BC5242E110)
선행,남성,1983288,F,이성 단독(제외),0.5578,아이코노그라피,SURREALISM MOVEMET FLOWER 2 IVY
선행,남성,6332992,X,혼성(유지),0.5556,엠블룩,프리미엄 스판  빅사이즈 무지 반팔티셔츠 6종
선행,남성,2479659,F,이성 단독(제외),0.5553,크림소다랩,그레이 서퍼 반팔티 화이트 블루
선행,남성,496247,X,혼성(유지),0.5551,발란트,미니슬로건 베이직티셔츠 블랙
선행,남성,6709355,X,혼성(유지),0.5551,원헌드레드퍼센트,OHPxHARMONIA4 비치바이브 세미오버 반팔티6
선행,남성,3400254,X,혼성(유지),0.5541,앨빈클로,사일런트 비치 오버핏 반팔티 AST4991 (2 COLOR)
선행,남성,4980935,X,혼성(유지),0.5540,더바이닐하우스,GUNFIGHT TYPO TEE WHITE
선행,남성,4237345,X,혼성(유지),0.5539,아르메데스,[2PACK] 아트그래픽 기능성 반팔 티셔츠 (809)
선행,남성,1337797,F,이성 단독(제외),0.5526,고목,창과 문 티셔츠 (Black)-남
선행,남성,2476543,X,혼성(유지),0.5506,테크스킨,20D 귀걸이형 냉감티셔츠
선행,남성,4160278,X,혼성(유지),0.5505,엘라모,아이디어 레이어드 반팔티셔츠 남녀공용 빅사이즈 XS~XL
선행,남성,5191715,F,이성 단독(제외),0.5501,페이탈고스트,Unblessed
선행,남성,587120,X,혼성(유지),0.5499,발란트,브러시 프린트 아이스크림 티셔츠 옐로우그린
선행,남성,4052606,X,혼성(유지),0.5493,밸롭,플라이테크 숏 슬리브 라이트베이지
선행,남성,7036332,X,혼성(유지),0.5491,원헌드레드퍼센트,OHPxJOY 레스러쉬 크루넥 긴팔티셔츠
선행,남성,6625341,X,혼성(유지),0.5489,원헌드레드퍼센트,OHPxGOODD 잇츠썸머 세미오버 반팔티6
선행,남성,4158643,F,이성 단독(제외),0.5470,아스트랄 프로젝션,[비욘드 더 스타스]코튼 루즈핏 반팔 티셔츠_더스티 민트
선행,남성,4633657,X,혼성(유지),0.5465,원헌드레드퍼센트,OHPxHARMONIA 어항에 빠진 냥 기모 후드6
선행,남성,1665708,X,혼성(유지),0.5464,어퍼스트로피 콤마,ACOMMA MASK HANGER HOODIE (Gray/White)
선행,남성,6879078,X,혼성(유지),0.5463,아디다스,리조트 S 폴로 U 셔츠 KW5684
선행,남성,4540007,F,이성 단독(제외),0.5461,써치410,아일렛 후드 페이드워싱 샌드블랙
선행,남성,3881739,X,혼성(유지),0.5450,애스플래폼,AW41TH04 스카프 탑_아이보리
선행,남성,4217039,F,이성 단독(제외),0.5444,유쓰배쓰,SKATE GIRL T-SHIRT
선행,남성,6158731,X,혼성(유지),0.5437,푸마 골프,기모 우븐 긴팔 피스테 유니 3color
선행,남성,3939490,F,이성 단독(제외),0.5436,캔바츠,글리터 와펜 시그니처 반팔 티셔츠 (화이트)
선행,남성,4189702,X,혼성(유지),0.5436,아르메데스,[2PACK] 면 20수 아트그래픽 티셔츠 (1009)
선행,남성,1665381,X,혼성(유지),0.5435,어퍼스트로피 콤마,OUTLINE LOGO HOODIE (Black/Black)
선행,남성,3317767,X,혼성(유지),0.5434,코랄리안,테니스 라운드 소로나 티셔츠 화이트
선행,남성,6669816,X,혼성(유지),0.5431,원헌드레드퍼센트,OHPxGOODD 아티스트 피그먼트 반팔티
선행,남성,4371108,F,이성 단독(제외),0.5420,더바이닐하우스,OLD WEST TYPO LS TEE ORANGE
선행,남성,6032305,X,혼성(유지),0.5413,세르지오 타키니,U 프레쉬닷 반팔 아노락 (Brown)
선행,남성,3622970,X,혼성(유지),0.5405,메스타리,스포츠 클럽 셔틀콕 오버핏 기능 티셔츠 CT5003/CT5004 블랙/화이트
선행,남성,5267663,X,혼성(유지),0.5403,빈폴 멘,남녀공용 GOOD LUCK 그래픽 라운드넥 티셔츠  레드
선행,남성,3279758,F,이성 단독(제외),0.5400,바스틱,안젤릭 티셔츠_블랙
선행,남성,5739727,X,혼성(유지),0.5398,수아트,아이스크림 후디 with CVSM 공기목베개
선행,남성,6092407,X,혼성(유지),0.5396,빈폴 멘,[Essential] 피케 칼라넥 반소매 티셔츠  애쉬
선행,남성,5315295,X,혼성(유지),0.5394,쿠톤,네코 피그먼트 오버핏 반팔 티셔츠
선행,남성,5409457,X,혼성(유지),0.5383,더바이닐하우스,96 LAYERED LS TEE RED
선행,남성,4139039,F,이성 단독(제외),0.5382,노이어,아플리케 패치 하프 티셔츠 (화이트)
선행,남성,5051447,F,이성 단독(제외),0.5377,송지오,송지오 컬렉션 유스 아쿠아렐 돌먼 티셔츠 블랙 SH3TS705BK
선행,남성,4371113,F,이성 단독(제외),0.5374,더바이닐하우스,WESTERN SALOON LS TEE ORANGE
선행,남성,6138222,X,혼성(유지),0.5373,원헌드레드퍼센트,OHPxGOODD b그레이스 크루넥 긴팔티셔츠
선행,남성,2683118,X,혼성(유지),0.5368,크림소다랩,청춘시대 반팔티 블랙 민트
선행,남성,5287395,X,혼성(유지),0.5360,제네럴웍스,G-COOL-SUMMER-01 쿨링 냉감 아이스 그래픽 반팔 티셔츠 4컬러
선행,남성,4119153,F,이성 단독(제외),0.5357,미나브,가먼트 다잉 하프 니트 [차콜]
선행,남성,6008750,F,이성 단독(제외),0.5345,더바이닐하우스,COWBOY PICTOGRAM RAGLAN LS TEE RED
선행,남성,3747564,X,혼성(유지),0.5344,피지알,기모 후드 티셔츠 블랙 GN-5023
선행,남성,5299069,X,혼성(유지),0.5332,빈폴 멘,더블니트 칼라넥 스웨트 셔츠  아이보리
선행,남성,6527288,X,혼성(유지),0.5325,리액티파이,[2PACK] Basic T-shirts
선행,남성,3780658,F,이성 단독(제외),0.5324,이스트쿤스트,G&C HOODIE_BLUE(IK2ESMM407A)
선행,남성,5480536,F,이성 단독(제외),0.5320,엠오오,스타 도트 아플리케 배색 후드 - 블랙
선행,남성,2772555,X,혼성(유지),0.5317,체이스컬트,공용 캐릭터 후드 티셔츠-BFRU5126C0S
선행,남성,6246993,X,혼성(유지),0.5316,아디다스,스케이트보딩 포뮬라 쇼트 슬리브 티 KC6298
선행,남성,6093823,X,혼성(유지),0.5314,빈폴 멘,기본 긴소매 티셔츠 - 네이비
선행,남성,6669808,X,혼성(유지),0.5312,원헌드레드퍼센트,OHPxHARMONIA 복실복실 세미오버 반팔티6
선행,남성,5214829,X,혼성(유지),0.5310,원헌드레드퍼센트,OHPxJOY 알로하 세미오버 반팔티
선행,남성,3365187,F,이성 단독(제외),0.5306,어레이드,A.G.I 블루 그레이 큐브 티셔츠 [BLACK]
선행,남성,6788357,X,혼성(유지),0.5305,원헌드레드퍼센트,OHPxJOY 떠돌이화가 피그먼트 반팔티6
선행,남성,3231381,X,혼성(유지),0.5304,메스타리,배드민턴  SMASH T-SHIRT 남여공용 반팔티 CT3004 블랙
선행,남성,6583956,X,혼성(유지),0.5300,원헌드레드퍼센트,OHPxJOY 테이킷이지 피그먼트 반팔티
선행,남성,1665595,X,혼성(유지),0.5299,어퍼스트로피 콤마,ACOMMA MASK HANGER HOODIE (Black/Black)
선행,남성,4280487,X,혼성(유지),0.5293,아르메데스,[2PACK] 아트그래픽 기능성 반팔 티셔츠 (819)
선행,남성,1685307,X,혼성(유지),0.5292,마인드브릿지,[3팩]고밀도순면기본반팔티셔츠  MATS0101
선행,남성,7036327,X,혼성(유지),0.5292,원헌드레드퍼센트,OHPxJOY 쓰리캣츠 베이직 긴팔티셔츠
선행,남성,4983626,F,이성 단독(제외),0.5286,블랙야크,ZERO 공용 캠핑B 그래픽 반팔티_IP
선행,남성,3999460,F,이성 단독(제외),0.5285,더블유브이프로젝트,캘리포니즈 반팔티셔츠 라이트카키 JIST7716
선행,남성,5305346,F,이성 단독(제외),0.5281,티엔지티,Oversize Rib Polo Knit Top (Burgundy) TNSW5F111D2
선행,남성,3998312,X,혼성(유지),0.5273,오션테그,기능성 반팔티 에어로쿨 블랙
선행,남성,5755107,X,혼성(유지),0.5271,수아트,아이스크림 티셔츠
선행,남성,6525691,F,이성 단독(제외),0.5265,모드나인,Bite Wound - Oversized T-Shirt White
선행,남성,4160284,X,혼성(유지),0.5256,엘라모,엘라모사람로고 포켓 반팔티셔츠 남녀공용 빅사이즈 XS~XL
선행,남성,4300237,F,이성 단독(제외),0.5251,이스트쿤스트,HIDEOUT HOODIE_BROWN(IK2ESMM403A)
선행,남성,4729864,X,혼성(유지),0.5247,미나브,타입웨이브 티셔츠 [블랙]
선행,남성,3811907,X,혼성(유지),0.5244,라이프워크,공용) 수피마 로고 반팔 티셔츠
선행,남성,430694,X,혼성(유지),0.5239,세븐틴스,무지 헤비 후드티 8종
선행,남성,5243028,X,혼성(유지),0.5236,러기드하우스,러기드하우스 X 디즈니 Vintage Summer Toy Pack
선행,남성,6231048,F,이성 단독(제외),0.5233,말렌,유니섹스 레이어드 후드티 차콜
선행,남성,5287429,X,혼성(유지),0.5223,제네럴웍스,G-COOL-SUMMER-02 쿨링 냉감 아이스 그래픽 반팔 티셔츠 4컬러
선행,남성,5287454,X,혼성(유지),0.5209,제네럴웍스,G-COOL-SUMMER-03 쿨링 냉감 아이스 그래픽 반팔 티셔츠 4컬러
선행,남성,5267867,X,혼성(유지),0.5208,빈폴 멘,[Essential] 남녀공용 수피마코튼 피케 티셔츠  네이비
선행,남성,6788352,X,혼성(유지),0.5206,원헌드레드퍼센트,OHPxJOY 펀어드벤쳐 피그먼트 반팔티
선행,남성,3122025,X,혼성(유지),0.5205,더바이닐하우스,OLD CAR TEE WHITE (VH2DSUT502A)
선행,남성,5268161,X,혼성(유지),0.5205,빈폴 멘,[Essential] 남녀공용 수피마코튼 라운드넥 티셔츠  블랙
선행,남성,3038908,X,혼성(유지),0.5204,라이프워크,실리콘 라독 후드
선행,남성,3429879,X,혼성(유지),0.5199,수에뇨스튜디오,페인팅 로고 오버핏 티셔츠(블랙)
선행,남성,4165845,X,혼성(유지),0.5195,아르메데스,[2PACK] 면 20수 아트그래픽 티셔츠 (1008)
선행,남성,6317284,F,이성 단독(제외),0.5193,지오송지오,스케르조 아트워크 스트라이프 티셔츠 아이보리 ZI3TS380IV
선행,남성,2821813,F,이성 단독(제외),0.5192,에포님,트위스트 슬리브리스_화이트
선행,남성,3857995,X,혼성(유지),0.5188,체이스컬트,공용 캐릭터 후드 티셔츠-DARU5134B04
선행,남성,1311223,X,혼성(유지),0.5180,아움89,스퀘어 로고 티셔츠 (블랙)
선행,남성,5593640,F,이성 단독(제외),0.5179,웬즈데이오아시스,소프트 기모 자수 후드티_MELANGE GRAY(W25-TP43)
선행,남성,5250978,X,혼성(유지),0.5165,제네럴웍스,GW-25S-JP-05 프린팅 JP 반팔 티셔츠 (4color)
선행,남성,4304534,X,혼성(유지),0.5162,아르메데스,[2PACK] 아트그래픽 기능성 반팔 티셔츠 (820)
선행,남성,5201118,X,혼성(유지),0.5157,원헌드레드퍼센트,OHPxHARMONIA 치타잠수 세미오버 반팔티6
선행,남성,3271618,X,혼성(유지),0.5154,라이프워크,벤츄리 라독와펜 반팔 티셔츠
선행,남성,1665427,X,혼성(유지),0.5143,어퍼스트로피 콤마,ACO LOGO HOODIE (Charcoal/Blue)
선행,남성,6594974,X,혼성(유지),0.5140,빈폴 멘,[Essential] 남녀공용 스웨트 셔츠  블랙
선행,남성,1862586,X,혼성(유지),0.5139,어퍼스트로피 콤마,베이직 스트라이프 롱 슬리브 (아이보리)
선행,남성,4762537,X,혼성(유지),0.5131,빈폴 멘,[Essential] 남녀공용 수피마 코튼 피케 티셔츠  애쉬 (BC5242E114)
선행,남성,4228743,F,이성 단독(제외),0.5123,아스트랄 프로젝션,[스포츠 클럽 복싱]코튼 루즈핏 반팔 티셔츠_더스티 민트
선행,남성,5231436,F,이성 단독(제외),0.5114,테켓,Whoosh After Hoodie White
선행,남성,6810389,F,이성 단독(제외),0.5110,에잇세컨즈,가먼트다잉 스포티 그래픽 슬리브리스  애쉬
선행,남성,2978432,F,이성 단독(제외),0.5101,고저,UNDER V-NECK HALF T-SHIRT_WHITE
선행,남성,6036210,F,이성 단독(제외),0.5094,올세인츠,잔더 크루 티셔츠 M030JC-10243
선행,남성,2437540,X,혼성(유지),0.5080,베러댄라이프,에어 코튼 크루넥 숏 슬리브(BCBSS01)
선행,남성,743514,X,혼성(유지),0.5073,기럭지,어깨라인배색 나그랑 반팔티
선행,남성,3412964,F,이성 단독(제외),0.5056,페이크캠퍼,피그먼트 무지 라벨 티셔츠 [CHACOAL]
선행,남성,3167476,X,혼성(유지),0.5042,어굿데이,[UNISEX] 플라워지 롱슬리브 티셔츠(black)
선행,남성,6987757,X,혼성(유지),0.5027,빈폴 멘,[Essential] 남녀공용 라운드넥 티셔츠  블랙
선행,남성,3525265,F,이성 단독(제외),0.5025,와르,DM1012 올 오버 후드 티셔츠_그레이
선행,남성,3886918,X,혼성(유지),0.5021,바스틱,커버 스티치 플래그 롱슬리브_블랙
선행,남성,5357666,X,혼성(유지),0.5021,워크어스,올모스트데얼 빅 크랙 티셔츠 - 화이트블랙
선행,남성,3741016,X,혼성(유지),0.5018,라이프워크,공용) 빅라독 프린팅 후드 티셔츠
선행,남성,2603322,F,이성 단독(제외),0.4999,미타,로고 롱슬리브 티셔츠  -  올리브그린
선행,남성,3618454,X,혼성(유지),0.4994,메스타리,배드민턴 라켓 크로스 후드 다크그린 CH2003
선행,남성,4091388,X,혼성(유지),0.4987,체이스컬트,공용 컬러 드로잉 반팔 티셔츠-DBRU5828D0S
선행,남성,5099518,F,이성 단독(제외),0.4973,오디너리피플,RE : SHIRT 05 - PK Stripe Shorts Layered Shirt (GRAY)
선행,남성,3446464,F,이성 단독(제외),0.4961,언티지,U넥 리넨 슬러브 티셔츠[Green(UNISEX)]_UTT-ST55
선행,남성,5389673,X,혼성(유지),0.4955,원헌드레드퍼센트,OHPxVORIN 꽃님이 베이직 긴팔티셔츠6
선행,남성,6021223,F,이성 단독(제외),0.4955,블루잉,CLOUD SCOTCH PIGMENT CROP HOOD
선행,남성,4860750,F,이성 단독(제외),0.4942,제로라운지,[SOFT COTTON] 에센셜 올데이 티셔츠 그레이
선행,남성,6092580,X,혼성(유지),0.4936,빈폴 멘,[Essential] 피케 칼라넥 반소매 티셔츠  네이비
선행,남성,4980945,X,혼성(유지),0.4931,더바이닐하우스,BLUR STAR TEE WHITE
선행,남성,5305203,F,이성 단독(제외),0.4919,티엔지티,Multi Stripe Long Sleeve T-Shirts (Navy) TNTS5F101N2
선행,남성,4160280,X,혼성(유지),0.4908,엘라모,L.L-레인보우 포켓 반팔티셔츠 남녀공용 빅사이즈 XS~XL
선행,남성,5197924,F,이성 단독(제외),0.4901,페이탈고스트,YIN YANG-BK
선행,남성,6093787,X,혼성(유지),0.4900,빈폴 멘,기본 긴소매 티셔츠 - 라이트 그레이
선행,남성,5982798,F,이성 단독(제외),0.4883,노운,pique henley t-shirts (melange gray)
선행,남성,5756841,X,혼성(유지),0.4881,라코스테,남성 소프트 브랜딩 반팔 폴로 셔츠 PH2723-55G 107
선행,남성,2830961,F,이성 단독(제외),0.4879,에포님,크리스탈 슬리브리스_블랙
선행,남성,5267352,X,혼성(유지),0.4878,빈폴 멘,[Essential] 남녀공용 로고 자수 스웨트 셔츠  핑크
선행,남성,6007586,F,이성 단독(제외),0.4877,송지오,송지오 컬렉션 아크엔젤 고스트 폴드 티셔츠 레드 SI3TS702RD
선행,남성,4208144,X,혼성(유지),0.4866,나이키,스포츠웨어 클럽 티셔츠 M - 화이트:블랙 / AR4999-101
선행,남성,5739173,X,혼성(유지),0.4849,라코스테,남성 소프트브랜딩 긴팔 티셔츠 TH8135-55N 031
선행,남성,2723149,F,이성 단독(제외),0.4811,에포님,러브 슬리브리스_핑크
선행,남성,5774282,X,혼성(유지),0.4809,에이던엠,PIGMENT DAILY STRIPE HOODIE (BLUE)
선행,남성,4729233,X,혼성(유지),0.4800,아르메데스,[2PACK] 면 16수 오버핏 아트그래픽 반팔티셔츠 (1028)
선행,남성,6195440,F,이성 단독(제외),0.4785,디아더생츄어리,NRNL ST 반팔 티셔츠 - 이지 (스카이 블루)
선행,남성,1367660,X,혼성(유지),0.4781,쿠르보,로고 후드_보라 (남 여)
선행,남성,4762468,X,혼성(유지),0.4778,빈폴 멘,[Essential] 남녀공용 수피마 코튼 피케 티셔츠  코럴 (BC5242E117)
선행,남성,3145301,X,혼성(유지),0.4777,비볼드비쿨,석고 [T-Shirt]
선행,남성,5490216,F,이성 단독(제외),0.4776,포스333,Stain Washed Hoodie
선행,남성,3765748,F,이성 단독(제외),0.4772,카레타,엘에스 플리스 후드티 블랙
선행,남성,5602092,F,이성 단독(제외),0.4771,문선,MJ Crop Turtle Neck Knit / Navy
선행,남성,4249479,F,이성 단독(제외),0.4757,카트리나케이,배드 보이 큐피트  반팔티셔츠-3color
선행,남성,6606278,F,이성 단독(제외),0.4735,드마크,M OUTSTITCH BOXY SHORT SLEEVE TEE - Black
선행,남성,1665441,X,혼성(유지),0.4727,어퍼스트로피 콤마,ACO LOGO HOODIE (Gray/White)
선행,남성,1411746,X,혼성(유지),0.4723,드마크,남자여자 언발란스 반팔 티셔츠 블랙
선행,남성,5214844,X,혼성(유지),0.4719,원헌드레드퍼센트,OHPxHARMONIA4 조용한 광기 세미오버 반팔티6
선행,남성,2436357,X,혼성(유지),0.4710,럭키플로우,럭키 로고 반팔티셔츠 [그린]
선행,남성,587118,X,혼성(유지),0.4708,발란트,유니버스티타이프 베이직티셔츠 그린
선행,남성,5306447,X,혼성(유지),0.4702,제네럴웍스,N-COOL-CT-01 드라이 쿨링 반팔 카라티셔츠 3컬러
선행,남성,5842817,X,혼성(유지),0.4701,아디다스,스케이트보딩 원사 염색 티셔츠 KC6291
선행,남성,3281865,F,이성 단독(제외),0.4699,오디너리피플,[LOON X ORD] 루니툰 패러디 져지 핑크
선행,남성,4244340,X,혼성(유지),0.4686,아르메데스,[2PACK] 아트그래픽 기능성 반팔 티셔츠 (812)
선행,남성,5946184,X,혼성(유지),0.4684,빈폴 멘,[Essential] 스웨트 셔츠  라이트 그레이
선행,남성,4920318,X,혼성(유지),0.4682,갈렉스,풋볼 시그니쳐 컬러블록 나일론 숏슬리브 블루 GA5621 BL
선행,남성,4650719,X,혼성(유지),0.4673,난데,하프 폴라 티셔츠 6color
선행,남성,1123501,X,혼성(유지),0.4671,베러댄88,로라 오버핏 워싱 20수 긴팔티셔츠 밴타블랙
선행,남성,5060585,X,혼성(유지),0.4670,에데닉,호텔 에데닉 자수 반소매 티셔츠(블랙)_EZS1TS02BK
선행,남성,3780659,F,이성 단독(제외),0.4657,이스트쿤스트,G&C HOODIE_LIGHT GREY(IK2ESMM407A)
선행,남성,4234283,X,혼성(유지),0.4657,아르메데스,[2PACK] 남녀공용 30수 라운드 반팔 티셔츠 AR-502
선행,남성,6217145,X,혼성(유지),0.4656,제너럴아이디어,UNISEX 스티치 포인트 포켓 티셔츠 [3COL] / GF1UTS008
선행,남성,6581792,F,이성 단독(제외),0.4655,일꼬르소,CRS Freeze Cool Cotton 모비멘토 슬로건 숏 슬리브 티셔츠 화이트
선행,남성,6700193,X,혼성(유지),0.4653,팀버랜드,[2PACK] AF QUICK-DRY 반팔 & AF 뉴트럴 로고 반팔 5종
선행,남성,6987820,X,혼성(유지),0.4653,빈폴 멘,[소프트터치] 프리미엄 코튼 피케 칼라넥 티셔츠  와인
선행,남성,6583809,X,혼성(유지),0.4652,원헌드레드퍼센트,OHPxJOY4 b그리움 피그먼트 반팔티
선행,남성,4380989,X,혼성(유지),0.4651,워크온바디오프,[2 PACK] 비와이드 오버핏 반팔 티셔츠 (어깨+3cm)
선행,남성,3881738,X,혼성(유지),0.4650,애스플래폼,AW41TH04 스카프 탑_화이트
선행,남성,6417552,X,혼성(유지),0.4650,제너럴아이디어,UNISEX 스티치 반팔 티셔츠 [4COL] / GF2UTS013
선행,남성,4983759,X,혼성(유지),0.4638,세르지오 타키니,U 스트라이프 저지 럭비 셔츠 (Pink)
선행,남성,6411694,X,혼성(유지),0.4621,라이프워크,공용) 빈티지 워싱 W로고 반팔 티셔츠
선행,남성,6299840,X,혼성(유지),0.4614,원헌드레드퍼센트,OHPxHARMONIA 썸머데이즈 세미오버 반팔티6
선행,남성,5250357,X,혼성(유지),0.4603,제네럴웍스,GW-25S-JP-03 프린팅 JP 반팔 티셔츠 (4color)
선행,남성,6012872,X,혼성(유지),0.4603,헤링본,[SET] 커플 시밀러룩세트 홀터 롱원피스 & 하와이안셔츠 HI192 NJ105
선행,남성,1395631,F,이성 단독(제외),0.4583,파베르핑거,LOGO MIDDLE LINE OVERSIZED T-SHIRT (IVORY)
선행,남성,4193118,F,이성 단독(제외),0.4582,달러플라워,"DAI$Y PRINTING T-SHIRTS,  WHITE"
선행,남성,5383959,F,이성 단독(제외),0.4582,유에프씨 스포츠,UFC 옥타곤 워리어 메가핏 반팔 티셔츠 화이트 U2SSW2142WH
선행,남성,6490655,X,혼성(유지),0.4578,엠블룩,프리미엄 면스판 반팔티셔츠 부산갈매기 (3color)
선행,남성,4137214,X,혼성(유지),0.4571,라이프워크,공용) 피그먼트 스몰라독 반팔 티셔츠
선행,남성,5268269,X,혼성(유지),0.4571,빈폴 멘,[Essential] 남녀공용 수피마코튼 피케 티셔츠  베이지
선행,남성,6092387,X,혼성(유지),0.4570,빈폴 멘,싱글 스트라이프 반소매 티셔츠  라이트 그린
선행,남성,6489675,X,혼성(유지),0.4556,제너럴아이디어,[2PACK] UNISEX 온도컷 쿨링 로고 반팔 티셔츠 [2COL] / GF2UTS017SET
선행,남성,6746903,X,혼성(유지),0.4553,원헌드레드퍼센트,OHPxJOY 스테이오리지널 피그먼트 반팔티
선행,남성,5061917,F,이성 단독(제외),0.4539,드마크,M STREET GRAFFITI OVERSIZED LONG-SLEEVE T-SHIRT
선행,남성,4846426,X,혼성(유지),0.4520,세르지오 타키니,U 레이프레쉬 캄포 피케 반팔 티셔츠 (Indigo)
선행,남성,4262792,X,혼성(유지),0.4515,플레이몬스터,스트라이프 라운드 반팔티  그린
선행,남성,4328856,X,혼성(유지),0.4515,엘런아시,EA번개 옆트임레이어드 오버핏 반팔 티셔츠
선행,남성,4762572,X,혼성(유지),0.4512,빈폴 멘,[Essential] 남녀공용 수피마 코튼 피케 티셔츠  스카이 블루 (BC5242E11Q)
선행,남성,5646916,X,혼성(유지),0.4511,원헌드레드퍼센트,OHPxGOODD4 비트타는 호랑이 기모 후드6
선행,남성,4762539,X,혼성(유지),0.4496,빈폴 멘,[Essential] 남녀공용 수피마 코튼 피케 티셔츠  블랙 (BC5242E115)
선행,남성,4280138,X,혼성(유지),0.4495,아르메데스,[2PACK] 아트그래픽 기능성 반팔 티셔츠 (816)
선행,남성,4192209,X,혼성(유지),0.4474,아르메데스,[2PACK] 면 20수 아트그래픽 티셔츠 (1004)
선행,남성,3186078,X,혼성(유지),0.4471,원헌드레드퍼센트,OHP X DREAMDAY 시카고 밀레니엄파크 세미오버 반팔티
선행,남성,6910542,F,이성 단독(제외),0.4465,디오디,컬러 그래픽 긴팔티셔츠(OFF WHITE 2)
선행,남성,2477511,F,이성 단독(제외),0.4451,드마크,스퀘어로고 스티치 박스핏 긴팔 티셔츠 오렌지
선행,남성,5424605,X,혼성(유지),0.4445,제멋,[2PACK] 플레인 에센셜 후드 KJHD2674
선행,남성,1965548,X,혼성(유지),0.4440,리스펙트,[패키지] surfing tee (7 color)
선행,남성,4762542,X,혼성(유지),0.4436,빈폴 멘,[Essential] 남녀공용 수피마 코튼 피케 티셔츠  올리브 (BC5242E11J)
선행,남성,1450635,F,이성 단독(제외),0.4428,색 스튜디오,SURFERs T-SHIRTS NEON
선행,남성,6032307,X,혼성(유지),0.4407,세르지오 타키니,U 프레쉬닷 반팔 아노락 (Black)
선행,남성,6381458,X,혼성(유지),0.4400,원헌드레드퍼센트,OHPxJOY4 펀치 세미오버 반팔티
선행,남성,1665764,X,혼성(유지),0.4399,어퍼스트로피 콤마,ACOMMA MASK HANGER HOODIE (Oatmeal/Ivory)
선행,남성,5362754,X,혼성(유지),0.4397,세르지오 타키니,U 클래식 유니섹스 긴팔 폴로 (D.Brown)
선행,남성,2329980,F,이성 단독(제외),0.4394,리스펙트,jobs tee (Black)
선행,남성,5072890,X,혼성(유지),0.4392,발데블랑코,[2PACK] 코튼 절개 오버핏 반팔 티셔츠 3color
선행,남성,5299042,X,혼성(유지),0.4381,빈폴 멘,더블니트 칼라넥 스웨트 셔츠  블랙
선행,남성,6007550,F,이성 단독(제외),0.4373,와이오와이,오픈 칼라 배색 플리츠 티셔츠_2colors
선행,남성,5946216,X,혼성(유지),0.4369,빈폴 멘,[Essential] 스웨트 셔츠  그린
선행,남성,4549817,F,이성 단독(제외),0.4367,롬프,TV MELT HOODIE (BLUE)
선행,남성,2631712,F,이성 단독(제외),0.4353,폴루션,Whale Series-2 Half T-Shirt(PUNCMTS018_WH)
선행,남성,2633811,F,이성 단독(제외),0.4353,쿤타치,IVORY Organic Plain Hoody
선행,남성,4239036,X,혼성(유지),0.4344,아인이프온,심볼 라벨 후드티 2color
선행,남성,5964759,X,혼성(유지),0.4342,라코스테,남성 크록 시그니처 루즈핏 후드 스웻셔츠 SH7741-56G 02M
선행,남성,4756793,F,이성 단독(제외),0.4325,지오송지오,ZSZO 우븐 래글런 티셔츠 차콜 ZH3TS710CH
선행,남성,4544999,F,이성 단독(제외),0.4320,홍우성,EMBROIDERY OVERSIZED LONG HOODY_GRAY
선행,남성,6153879,X,혼성(유지),0.4320,러프 애슬레틱,쿨론메쉬 퍼포먼스 오버핏져지 - navy
선행,남성,4655145,F,이성 단독(제외),0.4319,무신사 스탠다드,릴렉스드 CR 와이드 스쿱 넥 티셔츠 [네이비]
선행,남성,3240209,F,이성 단독(제외),0.4300,리브레너,베이직 쇼트 슬리브 티 블랙
선행,남성,3281868,F,이성 단독(제외),0.4298,오디너리피플,[LOON X ORD] 루니툰 테즈 져지 화이트
선행,남성,4980934,X,혼성(유지),0.4296,더바이닐하우스,GUNFIGHT TYPO TEE KHAKI
선행,남성,3618472,X,혼성(유지),0.4295,메스타리,배드민턴 코트 오버핏 후드 블랙 CH2004
선행,남성,5741028,X,혼성(유지),0.4294,라코스테,남성 소프트 브랜딩 후드 스웻셔츠 SH2740-55N E9F
선행,남성,4762459,X,혼성(유지),0.4290,빈폴 멘,[Essential] 수피마 코튼 라운드넥 티셔츠  네이비 (BC5242E12R)
선행,남성,5946157,X,혼성(유지),0.4284,빈폴 멘,[Essential] 스웨트 셔츠  아이보리
선행,남성,5634685,F,이성 단독(제외),0.4278,애드호크,남성 기모 베이직 티셔츠 (LT-BEIGE) (HBALT12)
선행,남성,4762550,X,혼성(유지),0.4272,빈폴 멘,[Essential] 남녀공용 수피마 코튼 피케 티셔츠  그린 (BC5242E11M)
선행,남성,5214842,X,혼성(유지),0.4268,원헌드레드퍼센트,OHPxHARMONIA 빌런의 여름 세미오버 반팔티
선행,남성,1427094,X,혼성(유지),0.4267,더블유브이프로젝트,[2PACK] 헤비 더블체인 반팔티셔츠 2pack KHST7398
선행,남성,5707979,X,혼성(유지),0.4260,원헌드레드퍼센트,OHPxHARMONIA b트래블 백팩 기모 후드
선행,남성,5982775,F,이성 단독(제외),0.4253,노운,waffle hooded t-shirts (black)
선행,남성,5325891,X,혼성(유지),0.4249,세르지오 타키니,U 클래식 유니섹스 긴팔 폴로 (Black)
선행,남성,5267346,X,혼성(유지),0.4246,빈폴 멘,[Essential] 남녀공용 로고 자수 스웨트 셔츠  네이비
선행,남성,6583811,X,혼성(유지),0.4242,원헌드레드퍼센트,OHPxJOY 엄지척 피그먼트 반팔티
선행,남성,6245403,F,이성 단독(제외),0.4237,커버낫,[커버낫 X 미즈노] 빅 로고 다잉 티셔츠 터스크
선행,남성,6668573,X,혼성(유지),0.4228,아디다스,스케이트보딩 x 템플 오브 스케이트 클럽 티셔츠 KS4338
선행,남성,7036088,X,혼성(유지),0.4224,원헌드레드퍼센트,OHPxJOY 오프듀티라쿤 오버핏 헤비 후드
선행,남성,4762648,F,이성 단독(제외),0.4223,빈폴 멘,[Essential] 남녀공용 수피마코튼 피케 티셔츠  베이지
선행,남성,5325889,X,혼성(유지),0.4218,세르지오 타키니,U 클래식 유니섹스 긴팔 폴로 (Melange Grey)
선행,남성,4062014,X,혼성(유지),0.4213,체이스컬트,공용 컬러 블럭 반팔 티셔츠-DBRU5843D04
선행,남성,5726794,F,이성 단독(제외),0.4211,에스에스와이,빌로우 버튼다운 헨리넥 롱 슬리브 차콜
선행,남성,5267856,X,혼성(유지),0.4189,빈폴 멘,[Essential] 남녀공용 수피마코튼 피케 티셔츠  올리브
선행,남성,4980949,F,이성 단독(제외),0.4184,더바이닐하우스,SPRAY STAR TEE BLACK
선행,남성,3288862,F,이성 단독(제외),0.4182,노이어,리브드 모크넥 하프 티셔츠 (화이트)
선행,남성,4160281,X,혼성(유지),0.4181,엘라모,베이비베어 기본 반팔티셔츠 남녀공용 빅사이즈 XS~XL
선행,남성,3618447,X,혼성(유지),0.4169,메스타리,배드민턴 라켓 크로스 후드 그레이 CH2002
선행,남성,987149,X,혼성(유지),0.4167,제멋,[2PACK] 에디 오버핏 반팔티셔츠 KJST2189
선행,남성,4762564,X,혼성(유지),0.4162,빈폴 멘,[Essential] 남녀공용 수피마 코튼 피케 티셔츠  로열 블루
선행,남성,6252758,F,이성 단독(제외),0.4158,지플리시,TP 스트라이프 티셔츠 네이비
선행,남성,2253358,X,혼성(유지),0.4147,어퍼스트로피 콤마,더블 ACO 로고 후디 (올리브/블랙)
선행,남성,2445040,F,이성 단독(제외),0.4141,디프리크,클래식 코튼 티셔츠 - 화이트
선행,남성,5368631,F,이성 단독(제외),0.4129,티엔지티,Oversize Hoodie Sweatshirt (Melange Grey) TNTS5F102G2
선행,남성,4727019,X,혼성(유지),0.4128,아르메데스,[2PACK] 면 16수 오버핏 아트그래픽 반팔티셔츠 (1023)
선행,남성,3447909,X,혼성(유지),0.4126,체이스컬트,공용 캐릭터 후드 티셔츠-CEZU5105B03
선행,남성,5726792,F,이성 단독(제외),0.4100,에스에스와이,빌로우 버튼다운 헨리넥 롱 슬리브 브라운
선행,남성,2624319,F,이성 단독(제외),0.4098,플루크,피그먼트 오버핏 반팔티셔츠 그레이 FST701
선행,남성,5581936,F,이성 단독(제외),0.4091,아웃사이드프로그,보트넥 스트라이프 티셔츠 (아이보리/네이비)
선행,남성,6217359,X,혼성(유지),0.4088,카파,[2SET] 아트워크 로고 반팔티셔츠
선행,남성,5392955,F,이성 단독(제외),0.4085,골든선샤인,G-logo hoodie_Yellow
선행,남성,1880048,F,이성 단독(제외),0.4080,코랄리안,런오프 빅로고 반팔 면 티셔츠 블랙
선행,남성,5690516,F,이성 단독(제외),0.4074,스크래틀 픽셀,폴라폴리스 버튼 후디[네이비]
선행,남성,4762636,X,혼성(유지),0.4069,빈폴 멘,[Essential] 남녀공용 수피마 코튼 라운드넥 티셔츠  블랙 (BC5141E025)
선행,남성,5305350,F,이성 단독(제외),0.4067,티엔지티,Oversize Rib Polo Knit Top (Grey) TNSW5F111G2
선행,남성,5096771,F,이성 단독(제외),0.4066,유네,Visual Motif Tee_[Gray]
선행,남성,4285751,X,혼성(유지),0.4057,엑스오엑스,[2PACK] 레이어드 크루넥 긴팔 티셔츠
선행,남성,1866096,X,혼성(유지),0.4051,모즈모즈,[SET] 5색상 컬러칩 반팔 조거 트레이닝복세트 빅사이즈
선행,남성,6561943,X,혼성(유지),0.4048,원헌드레드퍼센트,OHPxGOODD4 비비드팬더 세미오버 반팔티
선행,남성,1954751,F,이성 단독(제외),0.4042,색 스튜디오,디스토트 슬리브리스 블랙
선행,남성,5032092,F,이성 단독(제외),0.4042,더스티화이트,블랙 코튼 슬리브리스 탑
선행,남성,6645217,F,이성 단독(제외),0.4042,드마크,M Standard Fit Solid French T-Shirt  Black
선행,남성,6843482,F,이성 단독(제외),0.4033,레뷰라,REVE AURA CROP RINGER T-SHIRTS - UNISEX / EMERALD
선행,남성,2313310,X,혼성(유지),0.4026,어퍼스트로피 콤마,[2-PACKS] 2팩 로고 후드티셔츠 패키지 (16colors)
선행,남성,2253356,X,혼성(유지),0.4016,어퍼스트로피 콤마,더블 ACO 로고 후디 (베이지/블랙)
선행,남성,6271228,F,이성 단독(제외),0.4012,던스트 포 맨,VINTAGE ARCH LOGO T-SHIRT_UNISEX_UDTS6B145_OFF WHITE
선행,남성,4876282,F,이성 단독(제외),0.4010,쿠톤,레코렉션 오버핏 헤비 반팔티셔츠
선행,남성,4200986,F,이성 단독(제외),0.4006,보나츠 팔레트,BP 헤지호그 티셔츠_BLACK
선행,남성,2253376,X,혼성(유지),0.4003,어퍼스트로피 콤마,풀네임 드로잉 로고 후디 (블루/화이트)
선행,남성,4671084,X,혼성(유지),0.4003,아르메데스,[2PACK] 면 16수 오버핏 아트그래픽 반팔티셔츠 (1026)
선행,남성,6124362,F,이성 단독(제외),0.4002,밀라코드,High-Neck Signature T-Shirt (GREEN)
선행,남성,3540940,F,이성 단독(제외),0.3998,더바이닐하우스,ANGEL OF DEATH HOODIE PINK (VH2DFUM406A)
선행,남성,5663460,X,혼성(유지),0.3995,마하그리드,mah SPRAY HOODIE _2colors
선행,남성,5398324,F,이성 단독(제외),0.3992,쿠르베,Long Sleeve Zip Polo Shirt (White)
선행,남성,2067891,X,혼성(유지),0.3970,퍼스텝,[2PACK] 픽시드 오버핏 긴팔 티셔츠 6종 SMLT4447
선행,남성,5452550,X,혼성(유지),0.3962,갈렉스,레트로 시티 후드 베네치아 미드나잇블루 GA5714 BL
선행,남성,1866132,X,혼성(유지),0.3961,모즈모즈,[SET] 5색상 컬러칩 오버핏 반팔 반바지 트레이닝세트 빅사이즈
선행,남성,5439460,X,혼성(유지),0.3958,제네럴웍스,헤비쭈리 무지 후드티_2컬러 BH000
선행,남성,4080134,F,이성 단독(제외),0.3949,티떠블유엔,애브시그니쳐 반팔 크림 HSST3559
선행,남성,4756089,F,이성 단독(제외),0.3940,캠브리지 유니버시티,[25SS] 캠브리지 시그니처 긴팔 럭비 티셔츠 그린
선행,남성,6730815,F,이성 단독(제외),0.3930,부붐,[빅사이즈]리디파인드 스톤 워시드 엠보더리 티셔츠
선행,남성,5976022,F,이성 단독(제외),0.3925,디써티원,스트라이프 롱슬리브 럭비 셔츠(블루)
선행,남성,4389632,X,혼성(유지),0.3924,프레드페리,[Baseline] 후드 집 스루 스웻셔츠 (795) AFPM2437536-795
선행,남성,2774815,X,혼성(유지),0.3921,마틴골프,Block Stripe Polo Shirts_Navy (Men)
선행,남성,5738900,X,혼성(유지),0.3918,라코스테,남성 소프트브랜딩 반팔 폴로 셔츠 PH2723-55N E9F
선행,남성,2101569,X,혼성(유지),0.3914,퍼스텝,[2PACK] 2pack 파인더 후드 9종 JUHD4441
선행,남성,4230182,F,이성 단독(제외),0.3909,아스트랄 프로젝션,[슈퍼노바]코튼 루즈핏 반팔 티셔츠_더스티 민트
선행,남성,2450848,X,혼성(유지),0.3907,원헌드레드퍼센트,OHP X MOAI b캠핑 세미오버 반팔티
선행,남성,4874603,F,이성 단독(제외),0.3896,엑스톤즈,XTT125 컨스텔 넘버링 풋볼 티셔츠 (BROWN)
선행,남성,2253338,X,혼성(유지),0.3884,어퍼스트로피 콤마,더블 ACO 로고 후디 (블랙/화이트)
선행,남성,5950515,F,이성 단독(제외),0.3875,그루브라임,MID POINT LOGO HOODIE (LRSFCTH723M)
선행,남성,5412048,F,이성 단독(제외),0.3865,챌린저,남성 테크핏 스트레치 모크넥 긴팔 티셔츠 블랙
선행,남성,5032093,F,이성 단독(제외),0.3861,더스티화이트,브라운 코튼 슬리브리스 탑
선행,남성,4052608,X,혼성(유지),0.3860,밸롭,플라이테크 숏 슬리브 블랙
선행,남성,5377605,F,이성 단독(제외),0.3851,발란트,클래식 컬러 블록 플리스 후드 - 오렌지
선행,남성,6561949,X,혼성(유지),0.3845,원헌드레드퍼센트,OHPxGOODD4 웨일 피그먼트 반팔티6
선행,남성,6668591,X,혼성(유지),0.3842,아디다스,FS+ 버튼업 셔츠 KS4328
선행,남성,6252682,F,이성 단독(제외),0.3836,지플리시,TP 스트라이프 티셔츠 그레이
선행,남성,6743166,F,이성 단독(제외),0.3833,디아도라,텔레토비 워싱 그래픽 반팔 티셔츠 PINK
선행,남성,5062326,F,이성 단독(제외),0.3822,드마크,M LAYERED SLEEVE BOXY FIT CREW NECK T-SHIRT GREY
선행,남성,3564239,F,이성 단독(제외),0.3818,브라운야드,"테리 폴로 셔츠, 오프화이트"
선행,남성,6175062,X,혼성(유지),0.3815,세르지오 타키니,U MCCC 에디션 그래픽 티셔츠 (Black)
선행,남성,2014164,X,혼성(유지),0.3812,파인드칠린,MS4121 캠프파이어 후드 머스타드
선행,남성,496354,X,혼성(유지),0.3810,발란트,탤런트 트레이닝 스트라이프 후드 그레이스트라이프
선행,남성,4228625,F,이성 단독(제외),0.3782,아스트랄 프로젝션,[파이트 클럽 복싱]코튼 루즈핏 반팔 티셔츠_더스티 민트
선행,남성,812422,X,혼성(유지),0.3779,크로스 애비뉴,CA-H1 FREESIA HEAD UP VIOLET
선행,남성,6081553,X,혼성(유지),0.3778,라이프워크,가먼트다잉 빅라독 반팔 티셔츠
선행,남성,5145628,X,혼성(유지),0.3752,원헌드레드퍼센트,OHPxVORIN4 베이비아미 no.2 세미오버 반팔티
선행,남성,4762485,X,혼성(유지),0.3741,빈폴 멘,[Essential] 남녀공용 수피마 코튼 피케 티셔츠  베이지 (BC5242E11A)
선행,남성,4107886,F,이성 단독(제외),0.3740,브라바도,GNR APPETTITE TOUR 1987 BK (BRENT2464)
선행,남성,4156122,F,이성 단독(제외),0.3731,아디다스,아디다스 x NTS Radio 저지 - 핑크 / JI5147
선행,남성,5992759,X,혼성(유지),0.3731,라이프워크,공용) 실켓 라독 프린팅 반팔 티셔츠
선행,남성,1954398,F,이성 단독(제외),0.3726,색 스튜디오,아뜰리에 티셔츠 화이트
선행,남성,7036334,X,혼성(유지),0.3720,원헌드레드퍼센트,OHPxHARMONIA 노담 크루넥 긴팔티셔츠P
선행,남성,4156637,F,이성 단독(제외),0.3718,필립페이커,페리로퍼 서핑 신디 반팔티셔츠 화이트
선행,남성,6313504,X,혼성(유지),0.3712,모크모,히어로 박스 티셔츠 (남녀공용)
선행,남성,5267873,X,혼성(유지),0.3707,빈폴 멘,[Essential] 남녀공용 수피마코튼 라운드넥 티셔츠  그레이
선행,남성,5738975,X,혼성(유지),0.3705,라코스테,남성 소프트 브랜딩 후드 스웻셔츠 SH2740-55N 031
선행,남성,6050707,F,이성 단독(제외),0.3693,플랙,페퍼유 X 플랙 하프 집업 2colors
선행,남성,5279381,F,이성 단독(제외),0.3685,천볼트,실리콘 톱날 T 데님
선행,남성,1310929,F,이성 단독(제외),0.3670,스페로네,오버핏 롱슬리브 (브라운)
선행,남성,3610483,F,이성 단독(제외),0.3660,스포츠 일러스트레이티드,PUBG ESPORTS COLLECTION PIGMENT HALF SLEEVE (DARK GREY)
선행,남성,5594049,X,혼성(유지),0.3652,발리안트,T2511 피그먼트 코튼 오버핏 긴팔티 [5color]
선행,남성,4661546,X,혼성(유지),0.3648,난데,하프집업 오버핏 후드티 3color
선행,남성,5306284,F,이성 단독(제외),0.3638,발란트,오리지널 헤비로고 베이직 후드 - 핑크
선행,남성,4473701,F,이성 단독(제외),0.3631,쿠톤,[기모선택] 다크그레이 플라워 오버핏 후디 3COLOR
선행,남성,2500840,X,혼성(유지),0.3623,엠에프에스 골프웨어,MAN ROYAL PK T-SHIRTS
선행,남성,6625350,X,혼성(유지),0.3617,오버더와르,실키 루즈 포켓티
선행,남성,4762461,X,혼성(유지),0.3607,빈폴 멘,[Essential] 남녀공용 수피마 코튼 피케 티셔츠  화이트
선행,남성,4193095,X,혼성(유지),0.3605,아르메데스,[2PACK] 면 20수 아트그래픽 티셔츠 (1005)
선행,남성,4762588,F,이성 단독(제외),0.3605,르꼬끄 골프,남성 DOT CAMO 티셔츠 (GQ121MTL21)
선행,남성,6503626,F,이성 단독(제외),0.3596,트립르센스,크로셰 레이어드 헨리넥 슬리브리스_크림
선행,남성,4539986,F,이성 단독(제외),0.3592,써치410,아일렛 후드 화이트그레이
선행,남성,2253366,X,혼성(유지),0.3580,어퍼스트로피 콤마,풀네임 드로잉 로고 후디 (아이보리/블랙)
선행,남성,3926510,F,이성 단독(제외),0.3579,마인드브릿지,크링클세미오버핏티셔츠 MYTS3130
선행,남성,2564799,F,이성 단독(제외),0.3575,어텐션로우,22SS07AT030 숄더 파이핑 레귤러 오버핏 반팔 (카키밀리터리)
선행,남성,5982795,F,이성 단독(제외),0.3566,노운,pique henley t-shirts (black)
선행,남성,4783384,F,이성 단독(제외),0.3565,벌스데이수트,OLD CAR T-SHIRT (IVORY)
선행,남성,6746896,X,혼성(유지),0.3565,원헌드레드퍼센트,OHPxJOY 엉덩이삼총사 피그먼트 반팔티6
선행,남성,5160166,F,이성 단독(제외),0.3556,어레이드,소프트 사이드 슬릿 라운드 티셔츠 [WHITE]
선행,남성,6709346,X,혼성(유지),0.3529,원헌드레드퍼센트,OHPxGOODD 서핑가족 피그먼트 반팔티6
선행,남성,6502688,F,이성 단독(제외),0.3522,아디다스,메르세데스 - AMG F1 팀 드라이버 저지 어센틱 롱 슬리브 KE5308
선행,남성,686392,X,혼성(유지),0.3512,발란트,클래식 12자수 브레이거 박시 티셔츠 블랙
선행,남성,6238145,F,이성 단독(제외),0.3506,지플리시,피그먼트 워시드 슬리브리스 차콜블랙
선행,남성,2510167,F,이성 단독(제외),0.3486,드마크,슬리브리스 롱 레이어드 슬릿 티셔츠 화이트
선행,남성,4903312,F,이성 단독(제외),0.3476,아디다스,칼라드 골리 탑 - 블랙 / JX8980
선행,남성,5267857,X,혼성(유지),0.3472,빈폴 멘,[Essential] 남녀공용 수피마코튼 피케 티셔츠  스카이 블루
선행,남성,4955570,F,이성 단독(제외),0.3458,윈더,SLANT RIB SLEEVELESS TOP - BLACK
선행,남성,4910814,F,이성 단독(제외),0.3451,애드호크,남성 분또 우븐 포켓 반팔 라운드 티셔츠 (O-WHITE) (HB4ST35)
선행,남성,4371116,F,이성 단독(제외),0.3436,더바이닐하우스,PAINTING STRIPE LS TEE RED
선행,남성,6458885,X,혼성(유지),0.3435,브렌슨,리피드 스트라이프 반팔티 ( 4Color )
선행,남성,4988965,X,혼성(유지),0.3432,론앤디마리,[남성] 스포츠 기능성 아트웍 우븐 메쉬 슬리브리스 (PARIS ver.)
선행,남성,3972182,F,이성 단독(제외),0.3415,디써티원,Small Logo Pigment-Dyed T-shirt (CHARCOAL)
선행,남성,2567634,F,이성 단독(제외),0.3407,어텐션로우,22SS07AT003 비전 vr 프린트 레귤러 오버핏 반팔티 (블랙)
선행,남성,1624775,X,혼성(유지),0.3402,더블유브이프로젝트,[2PACK] 다크니스 후드 2PACK MJHD7427
선행,남성,6803728,F,이성 단독(제외),0.3400,컨버스,그래픽 롱슬리브 티셔츠 에그렛 UCK060-W2Y
선행,남성,4061760,X,혼성(유지),0.3392,더바이닐하우스,TORNADO TEE RED (VH2EMUT510A)
선행,남성,6177129,X,혼성(유지),0.3388,원헌드레드퍼센트,OHPxHARMONIA 어린정조어필 세미오버 반팔티6
선행,남성,4762590,X,혼성(유지),0.3386,빈폴 멘,[Essential] 남녀공용 수피마 코튼 피케 티셔츠  네이비 (BC5242E11R)
선행,남성,686523,X,혼성(유지),0.3384,발란트,슬로건 콘트라스 컷 베이직 후드 챠콜그레이
선행,남성,743624,X,혼성(유지),0.3374,기럭지,로고나염 민소매 티셔츠
선행,남성,4776478,F,이성 단독(제외),0.3369,디써티원,Multi Stripe Long-Sleeved T-Shirt (Navy)
선행,남성,5267830,X,혼성(유지),0.3369,빈폴 멘,[Essential] 남녀공용 수피마코튼 피케 티셔츠  애쉬
선행,남성,1187460,F,이성 단독(제외),0.3361,레이쿠,rk imagine snap hoodie black  버튼 후드티
선행,남성,812424,X,혼성(유지),0.3340,크로스 애비뉴,CA-H2 ADAM&EVE BLACK
선행,남성,4667904,X,혼성(유지),0.3314,아르메데스,[2PACK] 아트그래픽 기능성 긴팔 티셔츠 AR-215 (3컬러)
선행,남성,5413992,F,이성 단독(제외),0.3304,샌드 사운드,(UNISEX) 센터 그래픽 후디  애쉬
선행,남성,2014158,X,혼성(유지),0.3298,파인드칠린,FG5121 업셋불독 아치로고 후드 포레스트그린
선행,남성,3480238,F,이성 단독(제외),0.3292,블릭베이크,Flower net longsleeve (Black)
선행,남성,6689157,X,혼성(유지),0.3289,아디다스,스케이트보딩 x 템플 오브 스케이트 클럽 티셔츠 KS4337
선행,남성,4217041,F,이성 단독(제외),0.3288,유쓰배쓰,ICE CREAM T-SHIRT
선행,남성,4121038,F,이성 단독(제외),0.3274,미스터차일드,하트 비트 티셔츠 마젠타
선행,남성,6987743,X,혼성(유지),0.3265,빈폴 멘,[Essential] 남녀공용 라운드넥 티셔츠  화이트
선행,남성,2068405,F,이성 단독(제외),0.3245,모빈스알,PENNA CHAOS BLACK MESH TOP
선행,남성,2487466,X,혼성(유지),0.3242,아카우,[SET]오버핏 테리타올 티셔츠 쇼츠 세트 5color
선행,남성,5653637,F,이성 단독(제외),0.3242,아크메드라비,NEW FUZZY BEAR HOODIE (2COLOR)
선행,남성,4306504,X,혼성(유지),0.3234,아르메데스,[2PACK] 아트그래픽 기능성 긴팔 티셔츠 (815)
선행,남성,4447334,F,이성 단독(제외),0.3222,메스타리,사슴 로고 오버핏(남녀공용) 후디 블랙  EH3108
선행,남성,3214160,F,이성 단독(제외),0.3219,더그린랩,바시티 그래픽 후드티셔츠 [그린]
선행,남성,5099538,F,이성 단독(제외),0.3208,오디너리피플,RE : SHIRT 05 - PK Stripe Shorts Layered Shirt (White)
선행,남성,4150936,X,혼성(유지),0.3184,스포츠 일러스트레이티드,FENCING LOGO PRINTED STRIPED HALF SLEEVE (NAVY)
선행,남성,4513685,F,이성 단독(제외),0.3177,캔바츠,돈두댓 그래픽 반팔 티셔츠 (화이트)
선행,남성,3279757,F,이성 단독(제외),0.3163,바스틱,안젤릭 티셔츠_화이트
선행,남성,2014165,X,혼성(유지),0.3162,파인드칠린,CB3121 키치 로고 후드 차콜블랙
선행,남성,5267328,X,혼성(유지),0.3161,빈폴 멘,[Essential] 남녀공용 로고 자수 스웨트 셔츠  라이트 그린
선행,남성,1367829,X,혼성(유지),0.3148,쿠르보,로고 후드_카키 (남 여)
선행,남성,4186312,F,이성 단독(제외),0.3144,원헌드레드퍼센트,OHPxQUIRK4 금발미녀 피그먼트 반팔티m
선행,남성,4762028,F,이성 단독(제외),0.3120,시에라디자인,벤투라(VENTURA) 긴팔 티셔츠 BLACK
선행,남성,2683120,X,혼성(유지),0.3111,크림소다랩,청춘시대 반팔티 라이트그레이 그린
선행,남성,1858943,X,혼성(유지),0.3109,세븐틴스,복바라기 오버핏 반팔 라운드 (블랙-FREE)
선행,남성,5407098,F,이성 단독(제외),0.3099,제멋,보이 크롭 긴팔티셔츠 브릭레드 KJLT2672
선행,남성,4854005,F,이성 단독(제외),0.3098,원헌드레드퍼센트,OHPxGOODD 스마일베어 세미오버 반팔티
선행,남성,2733807,X,혼성(유지),0.3089,러플,FOLLOW ME 안내견 티셔츠 블랙
선행,남성,4923691,F,이성 단독(제외),0.3083,디써티원,Stripe Rugby Polo T-Shirt (Salmon Pink)
선행,남성,1387682,F,이성 단독(제외),0.3082,탄탄,선데이 클럽티셔츠(헤비라인) - 선데이라임
선행,남성,5742096,X,혼성(유지),0.3066,원헌드레드퍼센트,OHPxHARMONIA b조선호랑이 오버핏 헤비 후드
선행,남성,4039310,F,이성 단독(제외),0.3058,스파이더,남성 그래픽 반팔 티셔츠 SPJMCNRS334MIVY
선행,남성,4540116,F,이성 단독(제외),0.3049,써치410,휴머니즘 롱슬리브 화이트
선행,남성,6458947,X,혼성(유지),0.3047,브렌슨,페어 멀티 스트라이프 반팔티 ( 4Color )
선행,남성,4568155,F,이성 단독(제외),0.3045,러플,반집업 와플 후드 그레이
선행,남성,4918987,F,이성 단독(제외),0.3040,디아도라,컴피 라운드 반팔 피스테 PINK
선행,남성,1632708,F,이성 단독(제외),0.3038,코랄리안,더블로고 풀오버 기모 후디 블랙
선행,남성,5480791,F,이성 단독(제외),0.3033,엠오오,멀티 스타 아플리케 배색 후드 - 블랙
선행,남성,4980943,X,혼성(유지),0.3025,더바이닐하우스,BLUR STAR TEE BLACK
선행,남성,587111,X,혼성(유지),0.3024,발란트,베이직 로드트립 슬로건 티셔츠 화이트
선행,남성,5375634,F,이성 단독(제외),0.3022,파인드칠린,R08 드라이홀 러닝 싱글렛 5color
선행,남성,6398537,F,이성 단독(제외),0.3020,베이스모먼트,바이오 코튼 크롭 티셔츠 화이트
선행,남성,2413246,F,이성 단독(제외),0.3012,로열클럽홀리데이,세미 오버핏 로열캠퍼스 반팔 티셔츠 그레이
선행,남성,5487855,X,혼성(유지),0.3010,제트디 스포츠,ZD 레전더리 세이브 심볼 티셔츠 [4 Colors]
선행,남성,1983255,F,이성 단독(제외),0.3005,아이코노그라피,SURREALISM MOVEMET FLOWER 2 CR
선행,남성,6787643,F,이성 단독(제외),0.3003,언더아머,바운시 티6016291-100
선행,남성,3878448,F,이성 단독(제외),0.2997,테네르,Two Color Overfit Round Boxy T-shirt ivory
선행,남성,496409,X,혼성(유지),0.2995,발란트,빈티지 컷 베이직 롱 티셔츠 그린
선행,남성,3284639,X,혼성(유지),0.2987,앨빈클로,BEACH IN SURF 오버핏 반팔티 AST4981 (5 COLOR)
선행,남성,4284129,F,이성 단독(제외),0.2983,바이브라디,바이브라디 남성 로고 화이트 반팔티
선행,남성,4262710,X,혼성(유지),0.2974,플레이몬스터,스트라이프 럭비 반팔티 그린
선행,남성,6334169,F,이성 단독(제외),0.2963,미세키서울 맨,La vent short sleeve CHARCOAL
선행,남성,5088671,F,이성 단독(제외),0.2958,디오스피스,(DUC) Detox T-Shirt White
선행,남성,5875600,F,이성 단독(제외),0.2953,앤더슨벨,(ESSENTIAL) UNISEX SPRAY WASHED HEART MESSAGE T-SHIRT atb1432u(BLACK)
선행,남성,4177608,F,이성 단독(제외),0.2945,어뉴브로스,베이직 시그니처 물나염 반팔티 6 Color [ANSE_9301]
선행,남성,6488979,F,이성 단독(제외),0.2942,에잇세컨즈,코튼 크롭티 - 그레이
선행,남성,4152366,F,이성 단독(제외),0.2936,리에마르,시그니처 리에마르 후드 화이트멜란지
선행,남성,6139279,F,이성 단독(제외),0.2927,게스,[CORE] 4color 유니 엠보 로고 반팔 티셔츠 MQ2K8438
선행,남성,1862578,X,혼성(유지),0.2902,어퍼스트로피 콤마,베이직 스트라이프 롱 슬리브 (블랙)
선행,남성,2288143,X,혼성(유지),0.2895,뷔벨로체,FV 오버핏 기모 후드 네이비
선행,남성,5214840,X,혼성(유지),0.2882,원헌드레드퍼센트,OHPxHARMONIA 조선호랑이 세미오버 반팔티6
선행,남성,2633815,F,이성 단독(제외),0.2881,쿤타치,PIGEON GREY Organic Plain Hoody
선행,남성,5730540,F,이성 단독(제외),0.2872,바이모노,[빅사이즈 M-6XL] 모노 인생 뉴테크 무지 긴팔티
선행,남성,4304801,X,혼성(유지),0.2870,아르메데스,[2PACK] 아트그래픽 기능성 긴팔 티셔츠 (814)
선행,남성,1615818,X,혼성(유지),0.2853,제멋,[2PACK] 로그 오버핏 기모 후드 2pack YHHD2302
선행,남성,6059462,X,혼성(유지),0.2853,아디다스,오리지널스 농구 스타 웜 업 상의 KC3569
선행,남성,3286014,F,이성 단독(제외),0.2852,프롬아를,스트로베리 빈티지 반팔 티셔츠
선행,남성,6090363,F,이성 단독(제외),0.2848,엠오오,배색 라인 스트라이프 후드 롱슬리브 - 그레이
선행,남성,6529690,F,이성 단독(제외),0.2826,본투윈,CURVE B AIRFLOW MESH T-SHIRTS [BROWN]
선행,남성,6583801,X,혼성(유지),0.2825,원헌드레드퍼센트,OHPxYANGCASO 골즈크라이 피그먼트 반팔티6
선행,남성,6581797,F,이성 단독(제외),0.2809,일꼬르소,CRS Sorona Cotton 스포팅 기어 숏 슬리브 티셔츠 화이트
선행,남성,4460775,F,이성 단독(제외),0.2803,펀치라인,오버트 후드 페일퍼플 ISHD9159
선행,남성,3330302,F,이성 단독(제외),0.2799,더그린랩,원포인트 와펜 반팔티셔츠 [블랙]
선행,남성,6464018,F,이성 단독(제외),0.2799,무라,[무라 x 여름이네]썸머 샤인 포켓 티셔츠
선행,남성,6668584,X,혼성(유지),0.2796,아디다스,4.0 Logo 티 JW0038
선행,남성,6366553,F,이성 단독(제외),0.2794,복스로,We Dont Play Boxing 오버사이즈 티셔츠 - 남성 M BXRW-U-WDPBT [핑크]
선행,남성,4254693,F,이성 단독(제외),0.2791,플랫웨이브 인 서울,Meraki Muscle Beige
선행,남성,5199445,F,이성 단독(제외),0.2781,율러,데미지드 크루 그래픽 티셔츠_보이스 (화이트)
선행,남성,3363012,F,이성 단독(제외),0.2776,멧앤멜,[Sleeveless-shirt] Malloduck / 2 color
선행,남성,6178596,X,혼성(유지),0.2775,버튼서울,블루 다이 메쉬 오버핏 숏슬리브
선행,남성,4071744,F,이성 단독(제외),0.2771,필이너프,[PRIMATE X FEELENUFF] REVIVAL TEE BLACK
선행,남성,2633650,F,이성 단독(제외),0.2765,쿤타치,P.H.B.Y HUMAN OG ShortSleeve [white]
선행,남성,6668500,X,혼성(유지),0.2762,아디다스,바스켓볼 싱글 저지 티셔츠 KG7276
선행,남성,3610499,F,이성 단독(제외),0.2760,스포츠 일러스트레이티드,PUBG ESPORTS COLLECTION PIGMENT HOODIE SHIRT (DARK GREY)
선행,남성,3208434,F,이성 단독(제외),0.2757,세인트페인,SP 그레이스 마리 티셔츠-화이트
선행,남성,2523923,X,혼성(유지),0.2741,크림소다랩,캠핑 클럽 반팔티 네이비 라임
선행,남성,2867006,F,이성 단독(제외),0.2739,어반드레스,AV String Overfit Turtleneck BLACK
선행,남성,3989367,F,이성 단독(제외),0.2736,어반드레스,Letter T-shirt - 4COL
선행,남성,812423,X,혼성(유지),0.2732,크로스 애비뉴,CA-H1 FREESIA HEAD UP BLACK
선행,남성,4417796,F,이성 단독(제외),0.2722,2113 스튜디오,로고 포켓 티셔츠  블랙
선행,남성,4981021,X,혼성(유지),0.2702,더바이닐하우스,CHAIN RIBBON TEE RED
선행,남성,4071743,F,이성 단독(제외),0.2700,필이너프,[PRIMATE X FEELENUFF] REVIVAL TEE WHITE
선행,남성,6310030,F,이성 단독(제외),0.2696,뉴이 뉴욕,[PRET A PORTER] SYMMETRY ZIPPER T-SHIRT
선행,남성,6281891,F,이성 단독(제외),0.2664,에잇세컨즈,립 탱크 슬리브리스  화이트
선행,남성,5191825,X,혼성(유지),0.2649,원헌드레드퍼센트,OHPxHARMONIA4 서퍼샤크 세미오버반팔티6
선행,남성,5412044,F,이성 단독(제외),0.2649,챌린저,남성 리파인드 포켓삼각링 카라 긴팔 티셔츠 오프화이트
선행,남성,4980933,X,혼성(유지),0.2643,더바이닐하우스,GUNFIGHT TYPO TEE CHARCOAL
선행,남성,5231674,F,이성 단독(제외),0.2639,테켓,Symphony Jersey L/S Tee Red
선행,남성,6462110,F,이성 단독(제외),0.2628,미나브,[미나브X리제임스] 미니멀 케이블 카라 니트 [블랙]
선행,남성,4934261,F,이성 단독(제외),0.2617,아워데이즈,어나더 데이 그래픽 반팔 티셔츠 [3COLORS]
선행,남성,587102,X,혼성(유지),0.2611,발란트,와이드 스트라이프 펠트자수 티셔츠 오렌지그린
선행,남성,2441960,F,이성 단독(제외),0.2606,디프리크,클래식 코튼 티셔츠 - 블랙
선행,남성,6594559,F,이성 단독(제외),0.2606,일꼬르소,CRS 「Freeze Cool Cotton 」 다잉 숏 슬리브 티셔츠 차콜 그레이
선행,남성,2191156,X,혼성(유지),0.2602,서키,패드록 시그니처 래글런 소매 후드(화이트 멜란지)(남녀공용)
선행,남성,5658574,X,혼성(유지),0.2599,더마일,MAISON DE MERCI MILE  HOODIE [PIGMENT D.GRAY]
선행,남성,3269584,F,이성 단독(제외),0.2594,브라바도,Beastie Boys Check Your Head WH (BRENT2393)
선행,남성,6336068,F,이성 단독(제외),0.2585,고스트릿,오버핏 스트라이프 니트 카라 반팔 셔츠 그레이
선행,남성,2547798,F,이성 단독(제외),0.2581,페플,랜스 그래픽 반팔 티셔츠 그린 YKST1355
선행,남성,4120849,F,이성 단독(제외),0.2576,미스터차일드,프라이데이 스마일  티셔츠 블랙
선행,남성,3363002,F,이성 단독(제외),0.2570,키네토,룸 서비스 메뉴 티셔츠_블랙
선행,남성,6451824,X,혼성(유지),0.2566,원헌드레드퍼센트,OHPxHARMONIA4 응큼이 세미오버 반팔티
선행,남성,6080067,F,이성 단독(제외),0.2564,디써티원,멀티 스트라이프 반소매 티셔츠(블루그레이)
선행,남성,4107917,F,이성 단독(제외),0.2561,브라바도,TUPAC THUG LIFE ROSE BK (BRENT2485)
선행,남성,1354974,F,이성 단독(제외),0.2560,모즈모즈,스탠다드 특양면 반팔티셔츠_블랙
선행,남성,6966903,F,이성 단독(제외),0.2556,뭉,Fade out fake pocket tee navy
선행,남성,6354363,F,이성 단독(제외),0.2547,셔츠마이립스,키스 마크 락스타 크롭 티셔츠 화이트
선행,남성,4920799,F,이성 단독(제외),0.2546,그레이버,[UNISEX]MAKET베어 롱슬리브 티셔츠_2color
선행,남성,4324030,X,혼성(유지),0.2545,원헌드레드퍼센트,OHPxHARMONIA b백호와 소년 오버핏 헤비 후드
선행,남성,6088642,F,이성 단독(제외),0.2517,아디다스,adi365 송 포 더 뮤트 러닝 탱크 남성용 KT0774
선행,남성,730303,X,혼성(유지),0.2507,기럭지,레이어드 반팔  롱티셔츠
선행,남성,3238001,F,이성 단독(제외),0.2507,세인트페인,SP 웨이브 알로하 티셔츠-화이트
선행,남성,895126,X,혼성(유지),0.2506,루나시,H2 컨셉트 후드 - 그레이
선행,남성,2365062,F,이성 단독(제외),0.2502,플루크,마운틴 캐번 그래픽 반팔티셔츠 스카이 FST157
선행,남성,4254695,F,이성 단독(제외),0.2491,플랫웨이브 인 서울,Meraki Muscle Charcoal
선행,남성,6724043,F,이성 단독(제외),0.2486,베르브리스,드라이핏 타이다이 퍼포먼스 반팔 티셔츠 (네이비)
선행,남성,2034444,F,이성 단독(제외),0.2475,아이코노그라피,LONDON ADDRESS VOLUME PRINT DCR
선행,남성,6291204,F,이성 단독(제외),0.2472,마크곤잘레스,GONZ 슬럽 링거 반팔 티셔츠 - INDI PINK
선행,남성,4924172,F,이성 단독(제외),0.2464,드마크,박스핏 라글란슬리브 페이즐리 티셔츠  화이트
선행,남성,3208722,X,혼성(유지),0.2443,원헌드레드퍼센트,OHP X GOODD b빅캣 세미오버 반팔티2
선행,남성,4876633,F,이성 단독(제외),0.2438,쿠톤,에센셜 오버핏 헤비 반팔티셔츠
선행,남성,2030541,F,이성 단독(제외),0.2417,아이코노그라피,PIGMENT PROTOTYPE  GYE
선행,남성,1945121,X,혼성(유지),0.2416,오드닷,스티치 디테일 티셔츠_인디핑크
선행,남성,1733263,X,혼성(유지),0.2411,제멋,[SET] 리오 오버핏 후드 스웨트세트 KJHD2304+KJLP2179
선행,남성,4934349,F,이성 단독(제외),0.2404,원헌드레드퍼센트,OHPxHARMONIA 베트캣 세미오버 반팔티
선행,남성,5032076,F,이성 단독(제외),0.2399,더스티화이트,화이트 레이어드 롱 슬리브 티셔츠
선행,남성,4771511,F,이성 단독(제외),0.2391,원헌드레드퍼센트,OHPxGOODD4 꽃을든남자 세미오버 반팔티
선행,남성,4920276,X,혼성(유지),0.2391,갈렉스,풋볼 베이직 나일론 숏슬리브 라이트그레이 GA5620 L/GR
선행,남성,5299063,X,혼성(유지),0.2391,빈폴 멘,더블니트 칼라넥 스웨트 셔츠  로열 블루
선행,남성,1862726,X,혼성(유지),0.2357,세븐틴스,뉴욕 아이언빌딩 오버핏 라운드 (블랙-FREE)
선행,남성,4904541,F,이성 단독(제외),0.2357,미스터차일드,플로 티셔츠 블랙
선행,남성,6107189,F,이성 단독(제외),0.2347,그루브라임,BLUE HOODIE DUMBY HALF T-SHIRTS (LBRSCTA305M)
선행,남성,363763,F,이성 단독(제외),0.2337,아타르,[55차발매]롱슬리브 티셔츠 화이트
선행,남성,3565629,X,혼성(유지),0.2337,댕글드랍,댕글 댕글 후드 블루
선행,남성,1351842,X,혼성(유지),0.2335,고스트릿,스트릿 후드 T 퍼플
선행,남성,593925,X,혼성(유지),0.2334,발란트,베이직 라운드 스포츠칼라셔츠 네이비
선행,남성,638728,X,혼성(유지),0.2319,발란트,포인트B 코스모스라인 티셔츠 그레이
선행,남성,6464019,F,이성 단독(제외),0.2319,무라,[무라 x 여름이네]하우디 썸머 티셔츠
선행,남성,5299053,X,혼성(유지),0.2317,빈폴 멘,더블니트 칼라넥 스웨트 셔츠  그린
선행,남성,853752,F,이성 단독(제외),0.2299,리스펙트,콜드월드 오버핏 스트라이프 단가라 티 (핑크)
선행,남성,3629825,F,이성 단독(제외),0.2285,그란투리스모,인베이더 절개라인 블랙 후디
선행,남성,5485633,F,이성 단독(제외),0.2265,빈폴골프,남성 패딩 믹스 하이브리드 맨투맨 티셔츠 - 블랙
선행,남성,5252575,F,이성 단독(제외),0.2255,쿠르베,Contrast Knitted jersey (Black)
선행,남성,4598177,F,이성 단독(제외),0.2248,페이탈고스트,Inferno-BK
선행,남성,573516,F,이성 단독(제외),0.2238,써,AG2 NEGATIVE T-SHIRTS_WH
선행,남성,4876857,F,이성 단독(제외),0.2217,쿠톤,프리클 오버핏 헤비 반팔티셔츠
선행,남성,4238035,F,이성 단독(제외),0.2212,체이스컬트,공용 캐릭터 그래픽 반팔 티셔츠-DCRU5845E0P
선행,남성,5573160,F,이성 단독(제외),0.2206,쿠톤,[쿠톤XIGEON] 카모윈드밀 오버핏 후디 3COLOR
선행,남성,6577861,F,이성 단독(제외),0.2203,테네르,파이브 스타 나시 화이트
선행,남성,1733264,X,혼성(유지),0.2202,제멋,[2PACK] 로아 덤블기모 박시 후드 2Pack KJHD2324
선행,남성,779738,F,이성 단독(제외),0.2193,이즈오프,젠틀맨 오렌지 반팔티
선행,남성,4080128,F,이성 단독(제외),0.2189,티떠블유엔,맨인어프 반팔 화이트 HHST3563
선행,남성,4748725,F,이성 단독(제외),0.2185,시에라디자인,[CLOUD 0] 니트로 메쉬 베이스레이어 BROWN
선행,남성,3472314,F,이성 단독(제외),0.2182,플래니트,[헤비쮸리] TECH SWEAT 세미오버핏 후드
선행,남성,1752882,F,이성 단독(제외),0.2177,이즈,워프 셔츠 브라운
선행,남성,5147161,F,이성 단독(제외),0.2177,디셈버텐,스퀘어넥 립 탱크탑 화이트
선행,남성,3851675,F,이성 단독(제외),0.2176,엑스트라오디너리,LAST CHANCE PRINT HOODIE  M/GREY
선행,남성,3928854,F,이성 단독(제외),0.2150,엔도어,Supima premium 1/2 T-shirt (white)
선행,남성,1945145,X,혼성(유지),0.2148,오드닷,스티치 디테일 티셔츠_블랙
선행,남성,2586206,F,이성 단독(제외),0.2136,유니온발란트,스토리카운티 티셔츠 브라운
선행,남성,4095636,F,이성 단독(제외),0.2124,캑터스도넛마켓,Classic Extend T-Shirt - Navy
선행,남성,4708358,F,이성 단독(제외),0.2109,테이아,남녀공용 우븐 후드티셔츠
선행,남성,5030458,F,이성 단독(제외),0.2097,웬즈데이오아시스,시그니처 커브 로고 반팔 티셔츠_MELANGE(W25-TP21)
선행,남성,5550266,F,이성 단독(제외),0.2097,더블유브이프로젝트,스탠다드 후드 블랙 SMHD7842
선행,남성,5087361,F,이성 단독(제외),0.2095,비피피,fffff tee_black
선행,남성,3208451,F,이성 단독(제외),0.2088,세인트페인,SP 에슬레틱 SNTPN 로고 티셔츠-블랙 화이트
선행,남성,873204,F,이성 단독(제외),0.2086,리스펙트,헤비웨이트 인터네셔널 재팬 로고 후드티 (화이트)
선행,남성,5690508,F,이성 단독(제외),0.2081,스크래틀 픽셀,VTG 스트라이프 후디[블랙스트라이프]
선행,남성,5240786,F,이성 단독(제외),0.2074,아크메드라비,COLOR MIX AC BEAR SHORT SLEEVE T-SHIRT
선행,남성,3279746,F,이성 단독(제외),0.2064,바스틱,노 클라스 락 티셔츠_블랙
선행,남성,3394713,F,이성 단독(제외),0.2057,어뉴브로스,매니페스트 오버핏 반팔티셔츠 10 Color [ANSE_9103]
선행,남성,6321846,F,이성 단독(제외),0.2047,캘빈클라인 진,애시드 워시 그래픽 반팔 티셔츠 A4RG840G UB1
선행,남성,2631714,F,이성 단독(제외),0.2045,폴루션,Whale Series-1 Half T-Shirt(PUNCMTS017_BL)
선행,남성,6238251,F,이성 단독(제외),0.2045,지플리시,워시드 슬리브리스 화이트
선행,남성,1641617,F,이성 단독(제외),0.2043,사운즈 비뮈에트,스트리트 갤러리후드 (#YEGUILTY)
선행,남성,1183688,F,이성 단독(제외),0.2019,사운즈 비뮈에트,로고 와펜 절개 터틀넥
선행,남성,4831181,F,이성 단독(제외),0.2009,디아도라,러닝 그래픽 싱글렛 PTN GREEN
선행,남성,5969766,F,이성 단독(제외),0.2007,아크메드라비,MIXED THREAD HOODIE ZIP UP (2 COLOR)
선행,남성,3029091,F,이성 단독(제외),0.1987,지크립,무지 특양면 후드티
선행,남성,6581786,F,이성 단독(제외),0.1987,일꼬르소,CRS Sorona Cotton ARCHIVE 숏 슬리브 티셔츠 화이트
선행,남성,5393016,F,이성 단독(제외),0.1985,문선,MJ Henley Neck Ribbed T-shirt / Black
선행,남성,1945117,X,혼성(유지),0.1981,오드닷,스티치 디테일 티셔츠_화이트
선행,남성,2364631,F,이성 단독(제외),0.1969,플루크,피그먼트 오버핏 반팔티셔츠 다크그레이 FST701
선행,남성,3759999,F,이성 단독(제외),0.1968,라드에디션,로고 릴렉스드 롱슬리브티_차콜
선행,남성,6561969,X,혼성(유지),0.1965,원헌드레드퍼센트,OHPxAIDAEVE 초사이언타이거 피그먼트 반팔티6
선행,남성,3828275,F,이성 단독(제외),0.1957,원헌드레드퍼센트,OHP 레터링03 세미오버 반팔티셔츠
선행,남성,1402602,F,이성 단독(제외),0.1930,모즈모즈,타이다이 레이온 오버핏 티셔츠_블랙
선행,남성,5419921,F,이성 단독(제외),0.1928,시프트지,Soft Jersey Hood Jumper  Beige
선행,남성,1974029,F,이성 단독(제외),0.1920,아이코노그라피,SURREALISM MOVEMET FLOWER STAR CR
선행,남성,5707955,X,혼성(유지),0.1920,원헌드레드퍼센트,OHPxHARMONIA b아임킹 기모 후드
선행,남성,2514432,F,이성 단독(제외),0.1912,사운즈 비뮈에트,SOUNDS 레이어드 긴팔 티셔츠
선행,남성,5409460,X,혼성(유지),0.1880,더바이닐하우스,96 LAYERED LS TEE BLACK
선행,남성,1384541,F,이성 단독(제외),0.1868,이에스엔,퓨어 헤비 반팔 티셔츠 블랙
선행,남성,4293889,F,이성 단독(제외),0.1865,자고류,TEA DYEING HENLEY NECK - GREEN TEA
선행,남성,1480559,F,이성 단독(제외),0.1858,드마크,남자여자  오버핏 무지 레이어드 반팔티 블랙
선행,남성,5982531,F,이성 단독(제외),0.1853,프라게,리브드 슬림 롱슬리브
선행,남성,6608023,F,이성 단독(제외),0.1845,드마크,M Street collage oversize sleeveless
선행,남성,3520431,F,이성 단독(제외),0.1840,젠사이,로고 티셔츠 [4colors]
선행,남성,2386889,X,혼성(유지),0.1828,리베레,FOREVER HOODIE / BLACK
선행,남성,5368637,F,이성 단독(제외),0.1816,티엔지티,Oversize Hoodie Sweatshirt (Black) TNTS5F102BK
선행,남성,5793144,X,혼성(유지),0.1811,원헌드레드퍼센트,OHPxGOODD b돈스탑 no.7 기모 후드
선행,남성,3183367,F,이성 단독(제외),0.1809,프롬아를,80S 빈티지 슬리브리스 / 모헤어
선행,남성,1752868,F,이성 단독(제외),0.1804,이즈,워프 셔츠 캐롯
선행,남성,3513002,X,혼성(유지),0.1781,리브레너,데일리 스웻 기모 후디 세트
선행,남성,2245742,F,이성 단독(제외),0.1780,우빙,PLEATS LONG SLEEVE (PURPLE)
선행,남성,2191152,X,혼성(유지),0.1779,서키,패드록 시그니처 래글런 소매 후드(크림)(남녀공용)
선행,남성,5254938,F,이성 단독(제외),0.1760,쿠르베,Contrast Wed Round Neck T-shirt (Black)
선행,남성,6175747,F,이성 단독(제외),0.1726,토마스모어,튜블러 티 (10 Color)
선행,남성,6561957,X,혼성(유지),0.1713,원헌드레드퍼센트,OHPxHARMONIA b컬러풀타이거 피그먼트 반팔티
선행,남성,3350150,X,혼성(유지),0.1709,원헌드레드퍼센트,OHP X MOAI b프리랜서 no.2 세미오버 반팔티
선행,남성,4513736,F,이성 단독(제외),0.1698,캔바츠,돈두댓 그래픽 반팔 티셔츠 (차콜그레이)
선행,남성,6593034,F,이성 단독(제외),0.1694,아디다스,메르세데스 - AMG F1 팀 드라이버 저지 어센틱 KE5325
선행,남성,4223572,F,이성 단독(제외),0.1671,왓더퍽,WTP 아치 로고 메쉬 반팔 하키져지 네이비
선행,남성,4655127,F,이성 단독(제외),0.1670,무신사 스탠다드,피그먼트 탱크 탑 [스모크 핑크]
선행,남성,4150207,F,이성 단독(제외),0.1645,리에마르,플라워 코튼 로즈 티셔츠
선행,남성,6131754,F,이성 단독(제외),0.1625,어고우,플로우라인 립 슬리브 퍼플
선행,남성,5033963,F,이성 단독(제외),0.1607,더스티화이트,디스트로이드 워시드 화이트 티셔츠
선행,남성,3479872,F,이성 단독(제외),0.1596,그레일즈,SLOGAN OVAL LOGO HOODIE [MELANGE GREY]
선행,남성,1102740,F,이성 단독(제외),0.1578,디쏘에이치,로고 슬리브
선행,남성,3480066,F,이성 단독(제외),0.1573,꼬모니노즈,FLUFFY FRIENDS HOODIE [2 COLOR]
선행,남성,5219860,F,이성 단독(제외),0.1573,케이엔드,스컬 자수 카라 니트 블랙
선행,남성,6208559,F,이성 단독(제외),0.1573,지플리시,TL 코튼 링거 하프 티 그레이
선행,남성,2723316,F,이성 단독(제외),0.1556,에포님,러브 슬리브리스_블랙
선행,남성,1087547,F,이성 단독(제외),0.1549,로우 투 로우,MRT019D 멀시 박시 티 (쿨그레이)
선행,남성,5526482,F,이성 단독(제외),0.1544,고하더,고하더 머슬나시 블랙
선행,남성,6037684,F,이성 단독(제외),0.1534,노쿨러스,UL T-SHIRT 04 WHITE
선행,남성,4983756,X,혼성(유지),0.1510,세르지오 타키니,U 스트라이프 저지 럭비 셔츠 (D.Green)
선행,남성,1454073,F,이성 단독(제외),0.1500,웨이브건,큐프라 유넥 티셔츠 그레이
선행,남성,4200458,F,이성 단독(제외),0.1499,원헌드레드퍼센트,OHPxAIDAEVE4 소프트베이비 세미오버 반팔티m
선행,남성,3286023,F,이성 단독(제외),0.1478,프롬아를,화이트 오버사이즈 아플리케 티셔츠 / HOPE
선행,남성,6415612,F,이성 단독(제외),0.1477,드로우핏,미니멀 리브드 슬리브리스 [3color]
선행,남성,3249538,F,이성 단독(제외),0.1472,엘엠씨,BLIND ITALIC STRIPE TEE white
선행,남성,2330013,F,이성 단독(제외),0.1469,리스펙트,script tee (Black)
선행,남성,3286017,F,이성 단독(제외),0.1466,프롬아를,플라워 프린트 슬리브리스 / 화이트
선행,남성,6063081,F,이성 단독(제외),0.1462,스튜디오 톰보이,[MEN] 백 그래픽 피그먼트 후디 맨투맨_베이지 9156122115
선행,남성,4117795,F,이성 단독(제외),0.1460,리트리버클럽,GRAFFITI DOGS TEE [WHITE]
선행,남성,6388329,F,이성 단독(제외),0.1457,일꼬르소,워시드 포켓 숏 슬리브 티셔츠 다크 블루
선행,남성,3867845,F,이성 단독(제외),0.1448,베이직하우스,면16수 릴렉스핏 긴팔티셔츠 화이트 LATS0111
선행,남성,1451623,F,이성 단독(제외),0.1421,색 스튜디오,COZY BLOCK T-SHIRTS BLACK
선행,남성,2583267,F,이성 단독(제외),0.1412,이노스 골프,알포트 후디 그레이
선행,남성,4873795,F,이성 단독(제외),0.1412,엘무드,캘리 그래픽 링거 티셔츠 블랙
선행,남성,5254541,F,이성 단독(제외),0.1395,쿠르베,V-NECK POLO (White)
선행,남성,6528302,F,이성 단독(제외),0.1386,엄브로,챈트 메쉬 그래픽 로고 반팔 티셔츠 블루 UR321CRS74
선행,남성,3996884,F,이성 단독(제외),0.1366,유니온스튜디오,루즈핏 베이직 실키 긴팔티 ( 4Color )
선행,남성,4861024,F,이성 단독(제외),0.1363,어널로이드,버튼 플라워 피케 폴로 셔츠 / 네이비
선행,남성,5354006,F,이성 단독(제외),0.1356,엔도어,Vtg zip-up stripe polo shirt (vtg red)
선행,남성,2555069,F,이성 단독(제외),0.1355,올리버코튼즈,코튼 와펜 티셔츠 (블랙)
선행,남성,3193225,F,이성 단독(제외),0.1353,라이프워크,나일론 배색 반팔티셔츠
선행,남성,3380403,F,이성 단독(제외),0.1352,드마크,오버핏 반팔 스티치 포인트 티셔츠 블랙
선행,남성,4422427,F,이성 단독(제외),0.1350,엘무드,LD 리브드 슬리브리스 ( 3 COLOR )
선행,남성,3021560,F,이성 단독(제외),0.1347,스터프,코기 릴리 ARCHE 후드티
선행,남성,3945224,F,이성 단독(제외),0.1343,록히드마틴,HALF ZIP MESH HOODIE PULLOVER (CHARCOAL)
선행,남성,2567384,F,이성 단독(제외),0.1340,어텐션로우,22SS07AT029 숄더 파이핑 레귤러 오버핏 반팔 (카키브라운)
선행,남성,6254460,F,이성 단독(제외),0.1316,데상트골프,남성 그래픽 반팔 카라 티셔츠  DR22MFTS4H
선행,남성,1354875,F,이성 단독(제외),0.1312,모즈모즈,세로로고 오버핏 티셔츠_화이트
선행,남성,6330600,F,이성 단독(제외),0.1299,컬럼비아,남성 본피쉬 플랫 반팔 셔츠
선행,남성,5254913,F,이성 단독(제외),0.1295,쿠르베,Buckle Contrast Wed Round Neck T-shirt (Black)
선행,남성,4765007,F,이성 단독(제외),0.1293,무신사 스탠다드,크로셰 슬리브리스 탑 [아이보리]
선행,남성,5182777,F,이성 단독(제외),0.1291,케이지엠,스머지 로고 반팔 티셔츠 BLACK
선행,남성,4983754,X,혼성(유지),0.1276,세르지오 타키니,U 스트라이프 저지 럭비 셔츠 (Blue)
선행,남성,4917737,F,이성 단독(제외),0.1242,티엔지티,Essential Round Neck T-Shirt (Light Beige) TNTS5E206I2
선행,남성,5306444,F,이성 단독(제외),0.1233,발란트,피그먼트 슬로건 버클 후드 - 핑크
선행,남성,1641178,F,이성 단독(제외),0.1228,사운즈 비뮈에트,스트리트 갤러리 티셔츠 (#YEGUILTY)
선행,남성,4876854,F,이성 단독(제외),0.1228,쿠톤,이퀄리티 오버핏 헤비 반팔티셔츠
선행,남성,1354981,F,이성 단독(제외),0.1216,모즈모즈,오버핏 특양면 반팔티셔츠_블루
선행,남성,3800887,F,이성 단독(제외),0.1201,와이케이,말티즈 아카이브 라인 그래픽 후드티셔츠 모스 그린
선행,남성,5254902,F,이성 단독(제외),0.1199,쿠르베,Buckle Contrast Wed Round Neck T-shirt (White)
선행,남성,1983278,F,이성 단독(제외),0.1183,아이코노그라피,SURREALISM MOVEMET FLOWER 2 BK
선행,남성,6187011,F,이성 단독(제외),0.1180,미얼리 메이드,프리미엄 슬럽져지 크롭 티셔츠
선행,남성,5829428,X,혼성(유지),0.1179,원헌드레드퍼센트,OHPxMOAI b캠핑 기모 후드집업
선행,남성,6013716,F,이성 단독(제외),0.1168,올세인츠,엠블럼 크루 티셔츠 M006PE-162
선행,남성,4172842,F,이성 단독(제외),0.1164,나이키,스포츠웨어 클럽 티셔츠 M - 블랙 / FV0376-010
선행,남성,5783252,F,이성 단독(제외),0.1160,스페셜게스트,V2 ALTEREGO MERCERIZED TEE (White)
선행,남성,4876573,F,이성 단독(제외),0.1157,쿠톤,보더문 오버핏 헤비 반팔티셔츠
선행,남성,5148392,F,이성 단독(제외),0.1150,엠오오,볼드 타이포  반팔티 - 블랙
선행,남성,3219157,F,이성 단독(제외),0.1146,쿨트,FISH T-SHIRT 퍼플
선행,남성,4442466,F,이성 단독(제외),0.1140,와일드락,1999 아치 로고 후드 _블랙
선행,남성,4729118,F,이성 단독(제외),0.1139,지플리시,슬라브 헨리넥 핑거홀 화이트
선행,남성,2116855,F,이성 단독(제외),0.1138,로익,니트 슬리브리스
선행,남성,3491665,F,이성 단독(제외),0.1136,디 그랜드 마틴,V.HEAVY HOOD SWEAT DEGRAND_1% MELANGE
선행,남성,5315350,F,이성 단독(제외),0.1130,주앙옴므,크롭핏 컴팩트 코튼 롱슬리브 (차콜)
선행,남성,2208198,F,이성 단독(제외),0.1123,기명,백 플라워 후드 스웻 샌드베이지
선행,남성,4724774,F,이성 단독(제외),0.1115,송지오,송지오옴므 오토그래프 어시메트릭 후드 블랙 SH2TS216BK
선행,남성,6373729,F,이성 단독(제외),0.1109,엠오오,레이어드 브이넥 반팔티 - 블랙
선행,남성,4880670,F,이성 단독(제외),0.1108,갈렉스,풋볼 레터링 링거 숏슬리브 아이보리 GA5627 IV
선행,남성,6709325,X,혼성(유지),0.1095,원헌드레드퍼센트,OHPxHARMONIA 아젤리아 피그먼트 반팔티6
선행,남성,5861403,F,이성 단독(제외),0.1094,지제로 송지오,지제로 블루 아이 후드 핑크 SI2TS803PK
선행,남성,6615442,F,이성 단독(제외),0.1088,노밍,루즈핏 크롭 이지 후드티 - 그레이
선행,남성,5808759,X,혼성(유지),0.1086,발리안트,포스 융기모 오버핏 후드티셔츠 [5color]
선행,남성,6575036,F,이성 단독(제외),0.1086,레씨토,Grab Pulse T-Shirt_[Black]
선행,남성,6562157,F,이성 단독(제외),0.1081,메이킷투,스트라이프 크로쉐 슬리브리스
선행,남성,3377267,F,이성 단독(제외),0.1074,기명,씨사이드 그래픽 티셔츠 블랙
선행,남성,5170639,F,이성 단독(제외),0.1071,르아르,에센셜 크롭 티셔츠 [헤더 그레이]
선행,남성,5522561,F,이성 단독(제외),0.1070,엠오오,콘트라스트 버튼 후드 - 베이지
선행,남성,4293888,F,이성 단독(제외),0.1064,자고류,TEA DYEING HENLEY NECK - BLACK TEA
선행,남성,5723050,F,이성 단독(제외),0.1063,탑텐,공용 테리 스웨트 집업 _MSG1TC3901
선행,남성,6064851,F,이성 단독(제외),0.1062,송지오,송지오 컬렉션 크로싱 스트로크 페인티드 티셔츠 블랙 SI3TS717BK
선행,남성,3388504,F,이성 단독(제외),0.1055,드마크,박스핏 반팔 티셔츠 그레이
선행,남성,4748469,F,이성 단독(제외),0.1055,엔비에이,GSW 브이넥 우븐 피스테(N251TS131P) 블랙
선행,남성,4987582,F,이성 단독(제외),0.1053,젠사이,멀티 우븐패치 티셔츠
선행,남성,1098166,F,이성 단독(제외),0.1052,락핑거,에일리언 티 [ Blue ]
선행,남성,6096409,F,이성 단독(제외),0.1048,순진,사랑유랑 핏티드 티셔츠 [NAVY]
선행,남성,5974244,F,이성 단독(제외),0.1044,샌드 사운드,(UNISEX) 어닝 스트라이프 롱슬리브 티셔츠 블루
선행,남성,5393259,F,이성 단독(제외),0.1037,일꼬르소,울 블렌드 코지 폴로 니트 브라운 IESW5F505W2
선행,남성,6186423,F,이성 단독(제외),0.1018,르아르,에센셜 크롭 티셔츠 (12color)
선행,남성,3080282,F,이성 단독(제외),0.1012,노이어,실키 블렌디드 U넥 티셔츠 (화이트)
선행,남성,5911669,F,이성 단독(제외),0.1012,언타이틀 서울,유니콘 스몰 스트라이프 헨리넥 후디 블랙
선행,남성,4860497,F,이성 단독(제외),0.1008,탑텐,남성) COOL-AIR 크루넥 탱크_MSF5UL1203
선행,남성,5434617,F,이성 단독(제외),0.1000,메종미네드,BASIC WAFFLE HENLEY NECK CREAM
A,남성,6199997,F,이성 단독(제외),0.0986,프로-스펙스,남성 울트라라이트 메쉬 민소매
A,남성,3188962,F,이성 단독(제외),0.0975,어레이드,컴피 오버사이즈 래글런 후디 [NAVY]
A,남성,853753,F,이성 단독(제외),0.0972,리스펙트,오버핏 스트라이프 단가라 티 (블랙)
A,남성,2231614,F,이성 단독(제외),0.0966,레이버러스,베이직 로고 티셔츠 오렌지
A,남성,5029498,X,혼성(유지),0.0958,세터,스트라이프 칼라 반팔 티셔츠 레드
A,남성,3274393,F,이성 단독(제외),0.0951,드로우핏,블루베리 프린팅 티셔츠 [WHITE]
A,남성,4148999,F,이성 단독(제외),0.0950,그리디어스,Blue Clover Print Short Sleeve
A,남성,5547780,F,이성 단독(제외),0.0931,씨웨어 바이 더 지니어스,맨즈 크롭 롱 슬리브 티셔츠 카키
A,남성,6810443,F,이성 단독(제외),0.0931,에잇세컨즈,데일리 바서티 그래픽 반소매티  그레이
A,남성,2764216,F,이성 단독(제외),0.0899,더블유브이프로젝트,컬러인 후드 오트밀 MJHD7622
A,남성,4149724,F,이성 단독(제외),0.0899,그리디어스,Pink Issue 02 TEE
A,남성,1321724,F,이성 단독(제외),0.0890,우빙,BUCKLE UP HOODIE (GRAY)
A,남성,5220043,X,혼성(유지),0.0880,모스키토 머더러스,GOOD FOR YOU HOODED T-SHIRT
A,남성,1338042,X,혼성(유지),0.0875,오엠지티,[세트]EASY String Hood&Pants SET
A,남성,6507899,F,이성 단독(제외),0.0855,르아르,링거 포인트 그래픽 티셔츠 [블랙]
A,남성,3183372,F,이성 단독(제외),0.0829,프롬아를,80S 빈티지 슬리브리스 / 플라워
A,남성,5254978,F,이성 단독(제외),0.0828,모어댄블랙,NEW CUT OFF SLEEVELESS - BLACK
A,남성,5397833,F,이성 단독(제외),0.0824,쿠르베,Long Sleeve Zip Polo Shirt (Black)
A,남성,4177697,F,이성 단독(제외),0.0822,아날로그무드,린넨 쿨링 폴로 셔츠 (베이지)
A,남성,5840573,F,이성 단독(제외),0.0806,챕터엑스,베이직 트레커 하프집업 스트레치 후디 (Khaki)
A,남성,4177692,F,이성 단독(제외),0.0768,아날로그무드,린넨 쿨링 폴로 셔츠 (그레이)
A,남성,5878022,F,이성 단독(제외),0.0764,밀리토라,lot. 924 헨리 롱 슬리브 셔츠
A,남성,2571798,F,이성 단독(제외),0.0754,에드워드맥스,피치버그 피그먼트 티셔츠
A,남성,3286019,F,이성 단독(제외),0.0750,프롬아를,슬리브리스 코튼 티셔츠 / 아가일
A,남성,6810397,F,이성 단독(제외),0.0750,에잇세컨즈,데일리 스웨트 슬리브리스  블랙
A,남성,6574963,F,이성 단독(제외),0.0748,레씨토,Veil Mesh Layered T-Shirt_[Black]
A,남성,6647619,F,이성 단독(제외),0.0745,언티지,와이드 숄더 실키 민소매 티셔츠[Burgundy(UNISEX)]_UTT-ST73
A,남성,2329977,F,이성 단독(제외),0.0708,리스펙트,jobs tee (White)
A,남성,2036352,F,이성 단독(제외),0.0641,크리브나인,필드 포인트 카라 티셔츠
A,남성,6323050,F,이성 단독(제외),0.0641,히피하우스,Red Stripe Sleeve T-shirt
A,남성,5028096,F,이성 단독(제외),0.0612,유에프씨 스포츠,UFC 프라이드 컴뱃 릴렉스핏 반팔 티셔츠 화이트 U2SSW2109WH
A,남성,4976299,F,이성 단독(제외),0.0561,페이크캠퍼,베이직 피그먼트 반팔 티셔츠 [CHACOAL]
A,남성,6606642,F,이성 단독(제외),0.0536,드마크,M rough text-logo boxy sleeveless - White
A,남성,5075533,F,이성 단독(제외),0.0535,테일러메이드 어패럴,남성 빅레터링 비대칭 소매 카라 반팔 티셔츠 T8031TO2243-100
A,남성,4053258,F,이성 단독(제외),0.0516,노이어,[2PACK] 스퀘어 넥 니트 슬리브리스 (5 Color)
A,남성,2573504,F,이성 단독(제외),0.0500,에드워드맥스,브룩라인 PK 폴로칼라 티셔츠
A,남성,1902741,F,이성 단독(제외),0.0348,가까이 유니언즈,피아체 반팔 티셔츠 딥그레이
A,남성,5252530,F,이성 단독(제외),0.0258,쿠르베,Wed Sleeceless (White)
A,남성,5127754,F,이성 단독(제외),0.0243,마크엠,슬로건 프린팅 맨투맨 (MJIBI8709)
C,여성,4181468,F,동성·모델없음(유지),0.0202,메아,LOGO TANK TOP [BLACK]
C,여성,3983661,F,동성·모델없음(유지),0.0235,프롬아를,90S 빈티지 그래픽 티셔츠 / NAVY (WOMEN)
C,여성,2025885,F,동성·모델없음(유지),0.0369,누팍,프린트 오프숄더 티셔츠 - 화이트
C,여성,429992,F,동성·모델없음(유지),0.0557,코드아이엠,LOVE FOREVER L/S LAYERED SLEEVE T-SHIRT GREY
C,여성,3983673,F,동성·모델없음(유지),0.0649,프롬아를,90S 빈티지 그래픽 티셔츠 / OLIVE (WOMEN)
C,여성,6525564,F,동성·모델없음(유지),0.0748,에데닉,리조트 스트라이프 반팔 티셔츠_블루
C,여성,4316911,F,동성·모델없음(유지),0.0776,인사일런스 우먼,텍스쳐드 후드 탑 BLACK
C,여성,4168549,F,동성·모델없음(유지),0.0826,어뉴브로스,제이 피그먼트 다잉 셔츠 남방 9 Color [ANBS_2001]
C,여성,4850470,F,동성·모델없음(유지),0.0870,레터리,STRIPE LAYERED T-SHIRT_LAVENDER
C,여성,3290907,F,동성·모델없음(유지),0.0987,아이코노그라피,지구의 날 Part 1. 오존층 파괴 BK
C,여성,3165017,F,동성·모델없음(유지),0.1010,미네랄 스튜디오,후크드 슬리브 (와인)
C,여성,5434551,F,동성·모델없음(유지),0.1053,아노에틱,ANC HOPE STRIPE RUGBY SWEATSHIRTS_RED
C,여성,6096331,F,동성·모델없음(유지),0.1118,그리디어스,Car Oversized T-shirt
C,여성,3800423,F,동성·모델없음(유지),0.1144,그리디어스,Multi Clover Print 02 Multi Clover Print Short Sleeve
C,여성,6289285,F,동성·모델없음(유지),0.1180,위뜨,M 루즈핏 반팔티셔츠 HTMTS3K02T
C,여성,5127421,F,동성·모델없음(유지),0.1286,페이크캠퍼,우먼스 타이거 오리지널 빈티지 반팔티셔츠 [D/KHAKI]
C,여성,6373966,F,동성·모델없음(유지),0.1320,시메트릭 퍼센트,Two-Way Sleeveless / Black
C,여성,4506189,F,동성·모델없음(유지),0.1515,마욜,로고 베이직 롱슬리브 티셔츠_바닐라 아이스크림
C,여성,4850517,F,동성·모델없음(유지),0.1558,레터리,LACE LINE T-SHIRT_CHARCOAL
C,여성,5641921,F,동성·모델없음(유지),0.1560,테켓,Volume 0 L/S Tee White
C,여성,5002180,F,동성·모델없음(유지),0.1664,튜드먼트,KIMYO PEACH T-SHIRT MELANGE GREY
C,여성,6083594,F,동성·모델없음(유지),0.1683,모이아,organic cotton t-shirt (white)
C,여성,4132581,F,동성·모델없음(유지),0.1781,클로브,[24SS clove] Palm Tree Crop T-shirt (Pink)
C,여성,4873369,F,동성·모델없음(유지),0.1819,아틀리에 나인,MUE CREASE JERSEY LONG TEE(T-7005)
C,여성,2926974,F,동성·모델없음(유지),0.1851,주네시,제이 엠블럼 후드(멜란지 그레이)
C,여성,5378697,F,동성·모델없음(유지),0.1891,어널로이드,프레임 로고 롱슬리브 티셔츠 / 화이트
C,여성,4171898,F,동성·모델없음(유지),0.1913,그리디어스,Black Clover Print Short Sleeve
C,여성,6139304,F,동성·모델없음(유지),0.1918,커넥트엑스,CONECTX x viesti Embroidery Effect Screen Print Hoodie_Washed
C,여성,6338168,F,동성·모델없음(유지),0.1920,코이리스,캐러셀 그래픽 반팔 티 (4컬러)
C,여성,6096327,F,동성·모델없음(유지),0.1922,그리디어스,YH Baby Baking Oversized T-shirt
C,여성,3692856,F,동성·모델없음(유지),0.1954,2113 스튜디오,Ep.6 Long sleeve T-shirts Black top No.4 (Tanghulu boy)
C,여성,6193741,F,동성·모델없음(유지),0.1970,엘씨디씨티엠,SHAPED HEM TANK TOP (MELANGE GREY)
C,여성,6092375,F,동성·모델없음(유지),0.1993,아크메드라비,BEAR DOLL HUG BROWN LINE FRIENDS SHORT SLEEVE T-SHIRT
C,여성,4511173,F,동성·모델없음(유지),0.2000,그리디어스,Tropical Pattern Crew Neck Long Sleeve Top
C,여성,3554574,F,동성·모델없음(유지),0.2011,애스플래폼,AU32TN01 컴프레션 탑_블랙
C,여성,5378702,F,동성·모델없음(유지),0.2017,어널로이드,다이드 아가일 롱슬리브 티셔츠 / 올리브
C,여성,5206322,F,동성·모델없음(유지),0.2040,어니브,DOT LOGO I LOVE T-SHIRT GRAY
C,여성,5641020,F,동성·모델없음(유지),0.2083,테켓,Hide Hoodie Navy
C,여성,5068764,F,동성·모델없음(유지),0.2137,페달레,Women Running Club T-Shirt
C,여성,4850488,F,동성·모델없음(유지),0.2172,레터리,I LOVE LETERIE T-SHIRT_YELLOW
C,여성,3921199,F,동성·모델없음(유지),0.2186,토새,플로럴 프린트 셔링 롱 슬리브 티셔츠
C,여성,1655209,F,동성·모델없음(유지),0.2263,어져드,언발란스 슬리브리스
C,여성,3423501,X,혼성(유지),0.2330,홀페이퍼,뼈다귀 그래픽 피그먼트 박스 티셔츠 [그린]
C,여성,6139767,F,동성·모델없음(유지),0.2342,세르지오 타키니,U 레이프레쉬 그래픽 반팔 티셔츠 (White)
C,여성,4315435,F,동성·모델없음(유지),0.2356,미나수,Menasoo Hearttrack Long Sleeve T Shirt_Melange
C,여성,6730617,F,동성·모델없음(유지),0.2362,로에일,Fine stripe halter sleeveless top_Ivory
C,여성,6139768,X,혼성(유지),0.2368,세르지오 타키니,U 레이프레쉬 그래픽 반팔 티셔츠 (L.Indigo)
C,여성,6499430,X,혼성(유지),0.2372,밀레골프,트리코트 반팔티 유니 5종세트
C,여성,5937947,F,동성·모델없음(유지),0.2399,엘씨디씨티엠,DOUBLE LAYERED SLEEVELESS TOP (GREY)
C,여성,4424802,F,동성·모델없음(유지),0.2423,마로이,스트링 버튼 뷔스티에(차콜)
C,여성,5645384,F,동성·모델없음(유지),0.2444,썬번프로젝트,"SBPJ Star Hoodie, WHITE"
C,여성,5062454,F,동성·모델없음(유지),0.2469,미나수,Sporty Mesh Round T Shirt_White
C,여성,3554586,F,동성·모델없음(유지),0.2537,애스플래폼,AU32HN03 타이다잉 레터링 후디_블루
C,여성,6546103,F,동성·모델없음(유지),0.2542,낫어하비,포니 퍼피 티셔츠_버터 옐로우
C,여성,6670208,F,동성·모델없음(유지),0.2611,에데닉,언발란스 슬리브리스 티셔츠_블루
C,여성,6338907,F,동성·모델없음(유지),0.2621,행텐,여성 레이어드 슬리브리스_362(10570-131-425-69)
C,여성,3398779,F,동성·모델없음(유지),0.2667,모빈스알,PURO SHORT SLEEVE TOP
C,여성,5957520,F,동성·모델없음(유지),0.2729,밀로 우먼,브이넥 스카프 루즈 티셔츠 [차콜]
C,여성,6133080,F,동성·모델없음(유지),0.2730,스포티앤리치,런 클럽 크루넥 남여공용 R265AUW107
C,여성,6828995,F,동성·모델없음(유지),0.2751,씨웨어 바이 더 지니어스,포켓 오버사이즈 크롭 티셔츠 블랙
C,여성,5283789,F,동성·모델없음(유지),0.2777,마린 세르,(W) 문 로고 립 저지 탱크 탑 화이트 MOON LOGO RIBBED JERSEY TANK TOP WH10 WHITE
C,여성,2544748,F,동성·모델없음(유지),0.2789,그리디어스,씨 아네모네 후디
C,여성,5960342,F,동성·모델없음(유지),0.2798,리브레너,DTG 프리덤 피그먼트 레이어드 티셔츠 차콜
C,여성,6118476,F,동성·모델없음(유지),0.2808,미나수,Unisex Pace Trace Singlet
C,여성,5584035,F,동성·모델없음(유지),0.2809,2000아카이브스,VINTAGE AXE OVERSIZED T-SHIRT (CREAM)
C,여성,5038588,F,동성·모델없음(유지),0.2846,유니폼브릿지,vintage stripe s/s tee(womens) ivory
C,여성,6113567,F,동성·모델없음(유지),0.2886,마스마룰즈 어패럴,Multi Strip Collar Long Sleeve_Navy
C,여성,5127897,F,동성·모델없음(유지),0.2912,에즈이프 캘리,CROSS WRAP PRINT LONG SLEEVE T-SHIRT DENIM BLACK
C,여성,4160057,F,동성·모델없음(유지),0.2914,노컨텐츠,69. 노컨텐츠티 _ 메란지 그레이
C,여성,6144653,F,동성·모델없음(유지),0.2958,마조네,ROSE PATCH T-SHIRT_BROWN
C,여성,6860342,F,동성·모델없음(유지),0.2964,마하그리드,MADNESS CAT TEE_3colors
C,여성,3576023,F,동성·모델없음(유지),0.2972,티떠블유엔,호어스 후드 마운틴그린 JYHD3529
C,여성,6407868,F,동성·모델없음(유지),0.3009,페이즈화이트,[PHASE_4] CRASHED MEDIA RAGLAN SHORTSLEEVES _WHITE / 8802026-ST18
C,여성,5604513,F,동성·모델없음(유지),0.3072,탄산마그네슘,주영X탄산 고양이 레이어드 롱슬리브 (그레이)
C,여성,5535850,F,동성·모델없음(유지),0.3112,씬,HI-NECK PRINTING LONG SLEEVE (Road)
C,여성,2006653,X,혼성(유지),0.3119,리스펙트,green apple tee (2color)
C,여성,3063590,F,동성·모델없음(유지),0.3166,라인 스튜디오 원,핀턱 로고 프린팅 티셔츠 JWTSNC0200
C,여성,3560144,F,동성·모델없음(유지),0.3182,그리디어스,Bunny Print Loose Hoodie Red
C,여성,5869207,F,동성·모델없음(유지),0.3244,홀리데이비지터,도톰한 울 텐셀 터틀넥 - 그레이
C,여성,6532821,X,혼성(유지),0.3261,카포,어쩔단점 반팔 티셔츠
C,여성,6451024,F,동성·모델없음(유지),0.3320,페이즈화이트,[PHASE_5] CRASHED MEDIA PIGMENT DYED SHORTSLEEVES _PIGMENT BURGUNDY / 8802026-ST25
C,여성,812425,X,혼성(유지),0.3325,크로스 애비뉴,CA-H2 ADAM&EVE GRAY
C,여성,3161246,F,동성·모델없음(유지),0.3361,리브레너,리브레너시티 하프슬리브 화이트
C,여성,3165012,F,동성·모델없음(유지),0.3395,미네랄 스튜디오,후크드 슬리브 (블랙)
C,여성,4545610,F,동성·모델없음(유지),0.3408,이바네네츠,블링 센터 후드티 - 블루
C,여성,6525518,F,동성·모델없음(유지),0.3443,에데닉,빈티지 플라워 부케 반팔 티셔츠_블랙
C,여성,4375831,X,혼성(유지),0.3464,라이프워크,공용) 스냅백 힙독 오버핏 후드 티셔츠
C,여성,2737411,F,동성·모델없음(유지),0.3469,르플레,[다프네] 후드 스웻 셔츠 (블랙)
C,여성,4523502,F,동성·모델없음(유지),0.3529,오버듀플레어,WOOL POLA T-SHIRTS_BUTTER
C,여성,5038401,F,동성·모델없음(유지),0.3589,유니폼브릿지,little boy blue cropped s/s tee(womens) blue
C,여성,6884862,M,이성 단독(제외),0.3656,코드그라피,(우먼) 스트라이프 헨리넥 후디-브라운
C,여성,2003241,M,이성 단독(제외),0.3658,스텝온리,SASC LOGO TEE (NAVY)
C,여성,6562315,M,이성 단독(제외),0.3661,험블아카이브,Archive01 어울리지 않아도 반팔 티셔츠
C,여성,4372689,M,이성 단독(제외),0.3666,모먼,더블 M 로고 후드_XMBALYZA21143
C,여성,5628234,M,이성 단독(제외),0.3670,테켓,Snarp Block L/S Tee Beige
C,여성,5571620,M,이성 단독(제외),0.3673,그린버터,Monochrome Pigment tee (Charcoal)
C,여성,5038747,M,이성 단독(제외),0.3674,유니폼브릿지,boucle polo s/s knit(womens) black
C,여성,5937936,M,이성 단독(제외),0.3687,엘씨디씨티엠,HALTERNECK-DETAILED TOP (MELANGE GREY)
C,여성,4907275,M,이성 단독(제외),0.3693,프리버07,Friver raglan coloring t-shirt_2color
C,여성,1098186,M,이성 단독(제외),0.3697,락핑거,박스로고 티 [ Blue ]
C,여성,3697363,M,이성 단독(제외),0.3706,바켄,Nostalgia 후디 BK6987_멜란지화이트
C,여성,4709062,M,이성 단독(제외),0.3714,내셔널지오그래픽,N251WPT980 여성 시그너스 우븐 조거팬츠 CARBON BLACK
C,여성,3834421,M,이성 단독(제외),0.3753,더블유브이프로젝트,스파클 후드 버건디 MJHD7699
C,여성,2003249,M,이성 단독(제외),0.3808,스텝온리,SASC LOGO TEE (WHITE)
C,여성,5276887,M,이성 단독(제외),0.3846,레터리,BUSTIER LAYERED T-SHIRT_NAVY
C,여성,3626485,M,이성 단독(제외),0.3864,드마크,백그래픽 더블 슬리브 스트링후드 블랙
C,여성,5615743,M,이성 단독(제외),0.3889,포르테나,BOAT NECK GRAPHIC LONG SLEEVE T-SHIRT-BEIGE
C,여성,4883663,M,이성 단독(제외),0.3896,어퓨커멘츠,크랙 엔젤 후디 BLACK(washed)
C,여성,4511152,M,이성 단독(제외),0.3897,그리디어스,GRDS Logo T-shirt
C,여성,4709179,M,이성 단독(제외),0.4000,내셔널지오그래픽,N251WPT980 여성 시그너스 우븐 조거팬츠 SILVER GREY
C,여성,6927941,M,이성 단독(제외),0.4042,모아,Multi-Stripe Single-Stitch T-Shirt (CHARCOAL)
C,여성,2006975,M,이성 단독(제외),0.4054,애스플래폼,AU11TH05 로우컷 크루탑_블랙
C,여성,2427907,M,이성 단독(제외),0.4060,플로피엔디스크,노스텔지어 로고 롱슬리브 _ 화이트
C,여성,6593659,M,이성 단독(제외),0.4063,썸웨어버터,Stripe 21 Square Logo Over-Fit Top - Light Blue
C,여성,5434469,M,이성 단독(제외),0.4071,아노에틱,ANC HOPE STRIPE RUGBY SWEATSHIRTS_NAVY
C,여성,6774914,M,이성 단독(제외),0.4094,로우클래식,UNIVERSAL OVERSIZED TEE_NAVY [LC262TS87NV]
C,여성,5169997,M,이성 단독(제외),0.4096,아키아,오버사이즈 반팔 티셔츠 - 피그먼트 다잉 - 차콜
C,여성,6644994,M,이성 단독(제외),0.4132,젠더스트,High Field Football Jersey T-shirt BLACK
C,여성,4583312,M,이성 단독(제외),0.4251,보나츠 팔레트,BP 아플리케 스티치 후디_BROWN
C,여성,4796512,M,이성 단독(제외),0.4251,인스턴트펑크,빅로고 스웻 후디 - 멜란지 화이트
C,여성,6040630,M,이성 단독(제외),0.4264,진호쇼우,[But I Hold Nothing Yet] 그래픽 반팔 티셔츠 아이보리
C,여성,5381960,M,이성 단독(제외),0.4480,헌치,Basic Half Zip-Up Sweatshirt (2color)
C,여성,5604514,M,이성 단독(제외),0.4534,탄산마그네슘,주영X탄산 고양이 레이어드 롱슬리브 (네이비)
C,여성,4047829,M,이성 단독(제외),0.4606,유니폼브릿지,flag pique s/s tee(womens) red
C,여성,2979927,X,혼성(유지),0.4607,르아위,고양이와 스프 스티치 후디 화이트
C,여성,4801190,M,이성 단독(제외),0.4612,반원 아틀리에,A3509 멀티 스트라이프 칼라 티셔츠_Red
C,여성,5204746,M,이성 단독(제외),0.4615,콜드웜,Structured T-Shirt (Black) -Women-
C,여성,7008578,M,이성 단독(제외),0.4617,에잇세컨즈,[Disney] 슬림핏 그래픽 링거 티셔츠  라이트 그린
C,여성,5315196,M,이성 단독(제외),0.4638,타입서비스,Furry Puppy Hoodie [Charcoal]
C,여성,4883664,M,이성 단독(제외),0.4682,어퓨커멘츠,크랙 엔젤 후디 KHAKI
C,여성,6644480,M,이성 단독(제외),0.4710,젠더스트,Varsity 88 Football Jersey T-shirt BLACK
C,여성,5167612,M,이성 단독(제외),0.4730,골든선샤인,Sunshine artwork jersey t-shirts_Red
C,여성,5126438,M,이성 단독(제외),0.4782,닉앤니콜,BIG ROSE SLEEVE TOP_BLACK WHITE
C,여성,6292469,M,이성 단독(제외),0.4782,프랜틱서비스,빈티지 레이어드 롱슬리브 - 레드
C,여성,5656873,M,이성 단독(제외),0.4812,모트,래글런 스티치 티셔츠 - Navy Gray
C,여성,5539539,M,이성 단독(제외),0.4848,소프트서울,스트라이프 폴로 칼라 셔츠_카키
C,여성,6151756,M,이성 단독(제외),0.4852,파르티멘토 우먼,마일스 9 코어 블라우스 레이어드 탑_블랙
C,여성,2484809,M,이성 단독(제외),0.4891,쿨트,038 포레스트포켓후디 라이트블루
C,여성,6109975,M,이성 단독(제외),0.4910,수아레 우먼,(우먼)메리노 울 투 페이스 롱 슬리브 카키
C,여성,5127161,M,이성 단독(제외),0.4936,노컨텐츠,188. 23 티 _ 블루
C,여성,5611059,M,이성 단독(제외),0.4950,그린버터,Teddy Wool Hoodie (Sand Beige)
C,여성,6185350,M,이성 단독(제외),0.5030,론론,SHIRRING MINI POCKET LONG SLEEVE T SHIRT CHARCOAL
C,여성,2979551,M,이성 단독(제외),0.5045,르아위,고양이와 스프 스퀘어 후디 그레이
C,여성,1094960,M,이성 단독(제외),0.5047,코드아이엠,유틸리티 탄창 포켓 루즈핏 반팔 카라티 블루
C,여성,5328008,M,이성 단독(제외),0.5309,가까이 유니언즈,투포인트 피그먼트 롱슬리브 카키모카
C,여성,6644656,M,이성 단독(제외),0.5332,젠더스트,Varsity 88 Football Jersey T-shirt NAVY
C,여성,6530800,X,혼성(유지),0.5348,이스케이프프롬,[ESCF X 핫투데이] Lone Star Horse 롤업 포인트 반팔 티셔츠 블루
C,여성,4241170,X,혼성(유지),0.5351,아인이프온,클래식 로고 세미 반팔 3color
C,여성,3272471,M,이성 단독(제외),0.5420,애스플래폼,AW31TN07 랩 레이어탑_카키
C,여성,2979950,X,혼성(유지),0.5645,르아위,고양이와 스프 스티치 후디 블랙
C,여성,2021766,X,혼성(유지),0.6008,리스펙트,dear my cherry tee (2color)
C,여성,6743835,X,혼성(유지),0.6075,웹하우스,[웹하우스X씨에이치투피] 그래픽 딜리버리 피케이 티 - 화이트
C,여성,1061735,X,혼성(유지),0.6093,기럭지,빈티지 민소매 티셔츠
C,여성,5986886,X,혼성(유지),0.6226,세르지오 타키니,U 클래식 그래픽 반팔 티셔츠 (Navy)
C,여성,4773438,X,혼성(유지),0.6399,아메스 월드와이드,52 LOGO RAGLAN TEE BLACK
C,여성,6779072,X,혼성(유지),0.6456,러브미오피셜,아이러브미 반팔 티셔츠
C,여성,784531,X,혼성(유지),0.6727,기럭지,20수 후라이스 쫄티셔츠
C,여성,6303369,X,혼성(유지),0.6787,위뜨,M 오버핏 피케이 포켓 반팔티 HTMTS4J02T
C,여성,6701661,X,혼성(유지),0.6816,세이드,[uni] 마이 홈 하트 오버핏 반팔 티셔츠 - 남녀공용 2컬러
C,여성,6054510,X,혼성(유지),0.7068,베르니,BASEBALL PLAYING BERNI HOODIE (BLUE)
C,여성,6584611,X,혼성(유지),0.7332,소함소함,Basic cotton t-shirt_4colors
C,여성,5975852,X,혼성(유지),0.7406,미나수,Run Symbol Sorona T Shirt (Basic Fit)
C,여성,6054978,M,이성 단독(제외),0.7418,디어마이디어,플랜트 그래픽 티셔츠 (블루)
C,여성,4773436,X,혼성(유지),0.7530,아메스 월드와이드,BOLD TYPO TEE BLACK
C,여성,3935672,X,혼성(유지),0.7549,아메스 월드와이드,LINE TAPE RAGLAN RINGER TEE WHITE (AM2EMUT506A)
C,여성,6361949,X,혼성(유지),0.8293,르꼬끄,유니 르프레쉬 라이트 루즈핏 썸머 루스터 반팔티  - 블루 QR223LRS62
C,여성,5975850,X,혼성(유지),0.8354,미나수,Unisex Symbol Sorona Basic T Shirt
C,여성,6142149,X,혼성(유지),0.8620,브이엔와이스튜디오,톰과제리 보트넥 자수 포인트 티셔츠_YC3LTWC
C,여성,3554550,M,이성 단독(제외),0.8716,애스플래폼,AW32TL05 슬릿 슬리브 탑_블랙
C,여성,4902317,X,혼성(유지),0.8837,스노우피크 어패럴,와플 여성 반팔 티셔츠 (S25MWFTS37) Pastel Yellow
C,여성,6530809,X,혼성(유지),0.8913,이스케이프프롬,[ESCF X 핫투데이] Stardust Horses 프린트 오버핏 반팔티 화이트
C,여성,6339001,M,이성 단독(제외),0.9712,카키그라도,K.A.G Semper Fi 크롭 레귤러핏 슬리브리스 (딥그린카키)
C,여성,3080227,X,혼성(유지),0.9732,애스플래폼,AW31TN01 언컷 셔링탑_블루
C,여성,6746761,M,이성 단독(제외),0.9834,언더아머,여성 UA 캠퍼스 오버사이즈 반팔1387193-100
